variant,endpoint,k,search_term,violation_rate,compliant_rate,unclear_rate,total_results,violation_count,compliant_count,unclear_count,negative_intent,search_volume
control,l1_hybrid,4,2 hounds design freedom no pull dog harness,0.75,0.0,0.25,4,3,0,1,pull,13268
control,l1_hybrid,4,acana grain free,0.25,0.75,0.0,4,1,3,0,grain,1372
control,l1_hybrid,4,acana grain free cat,0.0,0.75,0.25,4,0,3,1,grain,1699
control,l1_hybrid,4,acana grain-free food for dogs,0.25,0.75,0.0,4,1,3,0,grain,3087
control,l1_hybrid,4,adjustable no pull harness,0.5,0.0,0.5,4,2,0,2,pull,974
control,l1_hybrid,4,aller free,0.75,0.25,0.0,4,3,1,0,aller,974
control,l1_hybrid,4,allergy free cat food,0.75,0.25,0.0,4,3,1,0,allergy,1923
control,l1_hybrid,4,allergy free dog food,0.0,1.0,0.0,4,0,4,0,allergy,2462
control,l1_hybrid,4,allergy free dog treats,0.5,0.25,0.25,4,2,1,1,allergy,4371
control,l1_hybrid,4,american journey grain free,0.0,1.0,0.0,4,0,4,0,grain,1049
control,l1_hybrid,4,american journey grain free dog food,0.25,0.75,0.0,4,1,3,0,grain,3336
control,l1_hybrid,4,audubon park waste free,0.5,0.5,0.0,4,2,2,0,waste free,2251
control,l1_hybrid,4,bark collar no shock,0.25,0.5,0.25,4,1,2,1,shock,3859
control,l1_hybrid,4,barkworthies odor free bully sticks,0.0,1.0,0.0,4,0,4,0,odor,3939
control,l1_hybrid,4,beef dog food grain free,0.0,1.0,0.0,4,0,4,0,grain,1044
control,l1_hybrid,4,beef grain free dog food,0.0,1.0,0.0,4,0,4,0,grain,2045
control,l1_hybrid,4,beneful grain free,1.0,0.0,0.0,4,4,0,0,grain,1604
control,l1_hybrid,4,best bully sticks odor free,0.0,1.0,0.0,4,0,4,0,odor,2943
control,l1_hybrid,4,best no pull harness,1.0,0.0,0.0,4,4,0,0,pull,1798
control,l1_hybrid,4,beyond dry cat food grain free,0.25,0.75,0.0,4,1,3,0,grain,5250
control,l1_hybrid,4,beyond grain free,0.25,0.75,0.0,4,1,3,0,grain,2372
control,l1_hybrid,4,beyond grain free cat food dry,0.75,0.25,0.0,4,3,1,0,grain,3779
control,l1_hybrid,4,beyond grain free dry cat food,0.75,0.25,0.0,4,3,1,0,grain,2175
control,l1_hybrid,4,beyond grain free wet cat food,0.0,0.75,0.25,4,0,3,1,grain,1433
control,l1_hybrid,4,beyond simply grain free cat food,0.25,0.5,0.25,4,1,2,1,grain,3366
control,l1_hybrid,4,bird food wild no mess,0.0,0.75,0.25,4,0,3,1,mess,1138
control,l1_hybrid,4,bird seed no mess,0.0,0.75,0.25,4,0,3,1,mess,1067
control,l1_hybrid,4,bird seed no waste,0.0,1.0,0.0,4,0,4,0,waste,3357
control,l1_hybrid,4,bird seed wild no mess,0.0,0.75,0.25,4,0,3,1,mess,3963
control,l1_hybrid,4,bird seed wild no waste,0.0,1.0,0.0,4,0,4,0,waste,16977
control,l1_hybrid,4,bird suet cakes no melt,0.25,0.75,0.0,4,1,3,0,melt,3661
control,l1_hybrid,4,blue buffalo chicken free,1.0,0.0,0.0,4,4,0,0,chicken,3208
control,l1_hybrid,4,blue buffalo dog food grain free,0.0,1.0,0.0,4,0,4,0,grain,5564
control,l1_hybrid,4,blue buffalo freedom grain free,0.0,1.0,0.0,4,0,4,0,grain,2312
control,l1_hybrid,4,blue buffalo grain free,0.0,1.0,0.0,4,0,4,0,grain,6671
control,l1_hybrid,4,blue buffalo grain free cat food,0.25,0.75,0.0,4,1,3,0,grain,9576
control,l1_hybrid,4,blue buffalo grain free dog food,0.25,0.75,0.0,4,1,3,0,grain,18964
control,l1_hybrid,4,blue buffalo grain free dry cat food,0.5,0.5,0.0,4,2,2,0,grain,1161
control,l1_hybrid,4,blue buffalo grain free dry dog food,0.0,1.0,0.0,4,0,4,0,grain,1574
control,l1_hybrid,4,blue buffalo grain free wet cat food,0.0,1.0,0.0,4,0,4,0,grain,1737
control,l1_hybrid,4,blue buffalo grain free wet dog food,0.0,1.0,0.0,4,0,4,0,grain,1694
control,l1_hybrid,4,blue buffalo no chicken,0.75,0.25,0.0,4,3,1,0,chicken,1087
control,l1_hybrid,4,blue buffalo wet dog food grain free,0.0,1.0,0.0,4,0,4,0,grain,989
control,l1_hybrid,4,blue freedom grain free,0.0,1.0,0.0,4,0,4,0,grain,2100
control,l1_hybrid,4,blue grain free,0.0,1.0,0.0,4,0,4,0,grain,1423
control,l1_hybrid,4,bones & chews all natural grain-free jerky,0.0,0.5,0.5,4,0,2,2,grain,4977
control,l1_hybrid,4,bpa free litter box,0.0,0.0,1.0,4,0,0,4,bpa,1302
control,l1_hybrid,4,bully stick odor free,0.0,1.0,0.0,4,0,4,0,odor,2368
control,l1_hybrid,4,bully sticks for dogs odor free,0.0,1.0,0.0,4,0,4,0,odor,4428
control,l1_hybrid,4,bully sticks odor free,0.0,1.0,0.0,4,0,4,0,odor,4104
control,l1_hybrid,4,calcium without d3,0.5,0.5,0.0,4,2,2,0,d3,1856
control,l1_hybrid,4,canidae grain free,0.0,1.0,0.0,4,0,4,0,grain,4014
control,l1_hybrid,4,canidae grain free dog food,0.0,1.0,0.0,4,0,4,0,grain,2888
control,l1_hybrid,4,canine naturals hide free,0.0,1.0,0.0,4,0,4,0,hide,7376
control,l1_hybrid,4,canned cat food grain free,0.0,1.0,0.0,4,0,4,0,grain,3121
control,l1_hybrid,4,canned dog food grain free,0.0,1.0,0.0,4,0,4,0,grain,5595
control,l1_hybrid,4,canned grain free dog food,0.0,1.0,0.0,4,0,4,0,grain,2676
control,l1_hybrid,4,cat collar no bell,1.0,0.0,0.0,4,4,0,0,bell,3873
control,l1_hybrid,4,cat dewormer no prescription,0.25,0.5,0.25,4,1,2,1,prescription,23133
control,l1_hybrid,4,cat dry food grain free,0.0,1.0,0.0,4,0,4,0,grain,4630
control,l1_hybrid,4,cat food dry grain free,0.0,1.0,0.0,4,0,4,0,grain,3203
control,l1_hybrid,4,cat food grain free,0.0,1.0,0.0,4,0,4,0,grain,19117
control,l1_hybrid,4,cat food no chicken,1.0,0.0,0.0,4,4,0,0,chicken,2783
control,l1_hybrid,4,cat food organic grain free,0.0,0.5,0.5,4,0,2,2,grain,4534
control,l1_hybrid,4,cat food pate grain free,0.0,1.0,0.0,4,0,4,0,grain,2011
control,l1_hybrid,4,cat food wet grain free,0.0,1.0,0.0,4,0,4,0,grain,8309
control,l1_hybrid,4,cat food with no additives,0.75,0.0,0.25,4,3,0,1,additives,1600
control,l1_hybrid,4,cat grain free pate,0.0,1.0,0.0,4,0,4,0,grain,1150
control,l1_hybrid,4,cat kibble grain free,0.0,1.0,0.0,4,0,4,0,grain,2832
control,l1_hybrid,4,cat litter dust free,0.0,0.0,1.0,4,0,0,4,dust,10997
control,l1_hybrid,4,cat litter fragrance free,0.0,1.0,0.0,4,0,4,0,fragrance,1351
control,l1_hybrid,4,cat litter no dust,0.25,0.0,0.75,4,1,0,3,dust,8050
control,l1_hybrid,4,cat litter no scent,1.0,0.0,0.0,4,4,0,0,scent,2160
control,l1_hybrid,4,cat litter no tracking,0.75,0.25,0.0,4,3,1,0,tracking,3408
control,l1_hybrid,4,cat no pee,0.75,0.25,0.0,4,3,1,0,pee,1037
control,l1_hybrid,4,cat no scratch,1.0,0.0,0.0,4,4,0,0,scratch,1427
control,l1_hybrid,4,cat toys no catnip,1.0,0.0,0.0,4,4,0,0,catnip,1519
control,l1_hybrid,4,cat toys without catnip,1.0,0.0,0.0,4,4,0,0,catnip,1579
control,l1_hybrid,4,cat treats grain free,0.0,1.0,0.0,4,0,4,0,grain,9966
control,l1_hybrid,4,cat treats no chicken,1.0,0.0,0.0,4,4,0,0,chicken,1187
control,l1_hybrid,4,cat tree no carpet,1.0,0.0,0.0,4,4,0,0,carpet,1496
control,l1_hybrid,4,cat wet food grain free,0.0,1.0,0.0,4,0,4,0,grain,9500
control,l1_hybrid,4,charlee bear grain free crunch,0.0,1.0,0.0,4,0,4,0,grain,4712
control,l1_hybrid,4,chew bones rawhide free,0.25,0.75,0.0,4,1,3,0,rawhide,1195
control,l1_hybrid,4,chew no poo,1.0,0.0,0.0,4,4,0,0,poo,2280
control,l1_hybrid,4,chew no poop,1.0,0.0,0.0,4,4,0,0,poop,2803
control,l1_hybrid,4,chews no rawhide,0.25,0.75,0.0,4,1,3,0,rawhide,8496
control,l1_hybrid,4,chick starter feed non medicated,0.5,0.5,0.0,4,2,2,0,medicated,5619
control,l1_hybrid,4,chicken and grain free dog food,0.25,0.75,0.0,4,1,3,0,grain,1266
control,l1_hybrid,4,chicken feed non gmo,1.0,0.0,0.0,4,4,0,0,non gmo,2267
control,l1_hybrid,4,chicken feed soy free,0.0,1.0,0.0,4,0,4,0,soy,1293
control,l1_hybrid,4,chicken free,0.5,0.5,0.0,4,2,2,0,chicken,4487
control,l1_hybrid,4,chicken free canned dog food,0.75,0.25,0.0,4,3,1,0,chicken,1444
control,l1_hybrid,4,chicken free cat food,0.75,0.0,0.25,4,3,0,1,chicken,14097
control,l1_hybrid,4,chicken free cat treats,1.0,0.0,0.0,4,4,0,0,chicken,6356
control,l1_hybrid,4,chicken free dog bones,1.0,0.0,0.0,4,4,0,0,chicken,968
control,l1_hybrid,4,chicken free dog chews,0.75,0.0,0.25,4,3,0,1,chicken,978
control,l1_hybrid,4,chicken free dog food,0.75,0.25,0.0,4,3,1,0,chicken,38479
control,l1_hybrid,4,chicken free dog treat,0.75,0.0,0.25,4,3,0,1,chicken,1429
control,l1_hybrid,4,chicken free dog treats,0.75,0.0,0.25,4,3,0,1,chicken,68590
control,l1_hybrid,4,chicken free dry cat food,1.0,0.0,0.0,4,4,0,0,chicken,3842
control,l1_hybrid,4,chicken free dry dog food,1.0,0.0,0.0,4,4,0,0,chicken,124263
control,l1_hybrid,4,chicken free dry dog food for sensitive skin,0.25,0.5,0.25,4,1,2,1,chicken,1228
control,l1_hybrid,4,chicken free dry puppy food,0.75,0.0,0.25,4,3,0,1,chicken,1272
control,l1_hybrid,4,chicken free large breed puppy food,1.0,0.0,0.0,4,4,0,0,chicken,979
control,l1_hybrid,4,chicken free pill pockets,0.75,0.0,0.25,4,3,0,1,chicken,3116
control,l1_hybrid,4,chicken free puppy food,0.75,0.0,0.25,4,3,0,1,chicken,5340
control,l1_hybrid,4,chicken free treat,0.75,0.0,0.25,4,3,0,1,chicken,1329
control,l1_hybrid,4,chicken free treats,0.75,0.0,0.25,4,3,0,1,chicken,3686
control,l1_hybrid,4,chicken free weight control,0.5,0.25,0.25,4,2,1,1,chicken,1015
control,l1_hybrid,4,chicken free wet cat food,1.0,0.0,0.0,4,4,0,0,chicken,3583
control,l1_hybrid,4,chicken free wet dog food,0.75,0.25,0.0,4,3,1,0,chicken,19833
control,l1_hybrid,4,chicken-free cat food,0.75,0.0,0.25,4,3,0,1,chicken,6561
control,l1_hybrid,4,chicken-free dog food,0.0,1.0,0.0,4,0,4,0,chicken,3218
control,l1_hybrid,4,chicken-free dry dog food,0.5,0.5,0.0,4,2,2,0,chicken,5068
control,l1_hybrid,4,chicken-free wet dog food,0.5,0.25,0.25,4,2,1,1,chicken,3656
control,l1_hybrid,4,choke free harness,0.0,1.0,0.0,4,0,4,0,choke,1536
control,l1_hybrid,4,churu grain free,0.0,1.0,0.0,4,0,4,0,grain,1142
control,l1_hybrid,4,clumping cat litter dust free,0.0,0.0,1.0,4,0,0,4,dust,7057
control,l1_hybrid,4,cockatiel food no sunflower seeds,0.5,0.25,0.25,4,2,1,1,sunflower seeds,3792
control,l1_hybrid,4,corn and soy free chicken feed,0.25,0.75,0.0,4,1,3,0,corn and soy,2593
control,l1_hybrid,4,corn free chicken feed,0.25,0.75,0.0,4,1,3,0,corn,6014
control,l1_hybrid,4,corn free chicken scratch,0.75,0.0,0.25,4,3,0,1,corn,2220
control,l1_hybrid,4,corn free dog food,0.0,0.75,0.25,4,0,3,1,corn,6183
control,l1_hybrid,4,corn free dry cat food,0.0,1.0,0.0,4,0,4,0,corn,1013
control,l1_hybrid,4,cough free horse,0.5,0.5,0.0,4,2,2,0,free,6820
control,l1_hybrid,4,country kitchen rawhide free twists,0.0,1.0,0.0,4,0,4,0,rawhide,1202
control,l1_hybrid,4,crunchy grain free dog treats,0.25,0.75,0.0,4,1,3,0,grain,1432
control,l1_hybrid,4,delectables non seafood,0.0,1.0,0.0,4,0,4,0,seafood,1668
control,l1_hybrid,4,diamond grain free,1.0,0.0,0.0,4,4,0,0,grain,2150
control,l1_hybrid,4,diamond grain free dog food,0.5,0.5,0.0,4,2,2,0,grain,9975
control,l1_hybrid,4,diamond natural grain free,0.75,0.25,0.0,4,3,1,0,grain,2679
control,l1_hybrid,4,diamond naturals grain free,0.25,0.75,0.0,4,1,3,0,grain,4384
control,l1_hybrid,4,diamond naturals grain free dog food,0.5,0.5,0.0,4,2,2,0,grain,4547
control,l1_hybrid,4,dog bone rawhide free,0.5,0.5,0.0,4,2,2,0,rawhide,1437
control,l1_hybrid,4,dog bones no rawhide,1.0,0.0,0.0,4,4,0,0,rawhide,8198
control,l1_hybrid,4,dog bones rawhide free,0.0,0.75,0.25,4,0,3,1,rawhide,22731
control,l1_hybrid,4,dog chews rawhide free,0.0,1.0,0.0,4,0,4,0,rawhide,80267
control,l1_hybrid,4,dog dry food grain free,0.0,1.0,0.0,4,0,4,0,grain,2653
control,l1_hybrid,4,dog food chicken free,0.75,0.25,0.0,4,3,1,0,chicken,4370
control,l1_hybrid,4,dog food dry grain free,0.0,1.0,0.0,4,0,4,0,grain,3977
control,l1_hybrid,4,dog food grain free,0.0,1.0,0.0,4,0,4,0,grain,27813
control,l1_hybrid,4,dog food grain free large breed,0.0,1.0,0.0,4,0,4,0,grain,5771
control,l1_hybrid,4,dog food grain free non-gmo,0.0,1.0,0.0,4,0,4,0,grain,988
control,l1_hybrid,4,dog food no chicken,0.5,0.5,0.0,4,2,2,0,chicken,12053
control,l1_hybrid,4,dog food no corn,0.0,1.0,0.0,4,0,4,0,corn,1250
control,l1_hybrid,4,dog food no grain,0.0,1.0,0.0,4,0,4,0,grain,2517
control,l1_hybrid,4,dog food poultry free,1.0,0.0,0.0,4,4,0,0,poultry,1332
control,l1_hybrid,4,dog food with no chicken,0.25,0.5,0.25,4,1,2,1,chicken,9753
control,l1_hybrid,4,dog food without chicken,0.0,0.75,0.25,4,0,3,1,chicken,11590
control,l1_hybrid,4,dog harness large no pull,0.75,0.25,0.0,4,3,1,0,pull,5076
control,l1_hybrid,4,dog harness medium no pull,0.75,0.25,0.0,4,3,1,0,pull,3091
control,l1_hybrid,4,dog harness no escape,1.0,0.0,0.0,4,4,0,0,escape,1062
control,l1_hybrid,4,dog harness no pull,0.25,0.75,0.0,4,1,3,0,pull,76414
control,l1_hybrid,4,dog no pull harness,0.0,1.0,0.0,4,0,4,0,pull,9874
control,l1_hybrid,4,dog non rawhide chews,0.75,0.25,0.0,4,3,1,0,rawhide,1730
control,l1_hybrid,4,dog rawhide free bones,0.0,1.0,0.0,4,0,4,0,rawhide,1370
control,l1_hybrid,4,dog rawhide free treats,0.0,1.0,0.0,4,0,4,0,rawhide,2749
control,l1_hybrid,4,dog stroller no zip,0.0,1.0,0.0,4,0,4,0,zip,1065
control,l1_hybrid,4,dog toy no squeak,1.0,0.0,0.0,4,4,0,0,squeak,1212
control,l1_hybrid,4,dog toy no squeaker,1.0,0.0,0.0,4,4,0,0,squeaker,1524
control,l1_hybrid,4,dog toy no stuffing,0.0,1.0,0.0,4,0,4,0,stuffing,10254
control,l1_hybrid,4,dog toy stuffing free,0.0,1.0,0.0,4,0,4,0,stuffing,1322
control,l1_hybrid,4,dog toys for large dogs no stuffing,0.0,1.0,0.0,4,0,4,0,stuffing,7409
control,l1_hybrid,4,dog toys no squeak,1.0,0.0,0.0,4,4,0,0,squeak,1702
control,l1_hybrid,4,dog toys no stuffing,0.0,1.0,0.0,4,0,4,0,stuffing,28211
control,l1_hybrid,4,dog toys small dogs stuffing free,0.0,1.0,0.0,4,0,4,0,stuffing,1156
control,l1_hybrid,4,dog toys stuffing free,0.0,1.0,0.0,4,0,4,0,stuffing,2442
control,l1_hybrid,4,dog toys with no stuffing,0.0,1.0,0.0,4,0,4,0,stuffing,7273
control,l1_hybrid,4,dog treats chicken free,1.0,0.0,0.0,4,4,0,0,chicken,1452
control,l1_hybrid,4,dog treats for dogs with no teeth,1.0,0.0,0.0,4,4,0,0,teeth,3257
control,l1_hybrid,4,dog treats for large dogs grain free,0.0,1.0,0.0,4,0,4,0,grain,1206
control,l1_hybrid,4,dog treats grain free,0.0,1.0,0.0,4,0,4,0,grain,13152
control,l1_hybrid,4,dog treats no chicken,1.0,0.0,0.0,4,4,0,0,chicken,4753
control,l1_hybrid,4,dog treats no rawhide,0.5,0.5,0.0,4,2,2,0,rawhide,2246
control,l1_hybrid,4,dog treats rawhide free,0.25,0.75,0.0,4,1,3,0,rawhide,3261
control,l1_hybrid,4,dog treats with no chicken,1.0,0.0,0.0,4,4,0,0,chicken,1095
control,l1_hybrid,4,dog treats without chicken,0.5,0.25,0.25,4,2,1,1,chicken,4721
control,l1_hybrid,4,dog water bowl no spill,0.25,0.5,0.25,4,1,2,1,spill,23089
control,l1_hybrid,4,dog wet food grain free,0.0,1.0,0.0,4,0,4,0,grain,1300
control,l1_hybrid,4,dry cat food grain free,0.0,1.0,0.0,4,0,4,0,grain,10528
control,l1_hybrid,4,dry cat food no chicken,1.0,0.0,0.0,4,4,0,0,chicken,999
control,l1_hybrid,4,dry cat food no grain,0.0,1.0,0.0,4,0,4,0,grain,974
control,l1_hybrid,4,dry dog food chicken free,0.75,0.25,0.0,4,3,1,0,chicken,1536
control,l1_hybrid,4,dry dog food grain free,0.0,1.0,0.0,4,0,4,0,grain,7777
control,l1_hybrid,4,dry dog food no chicken,0.5,0.5,0.0,4,2,2,0,chicken,2481
control,l1_hybrid,4,dry dog food without chicken,0.0,0.5,0.5,4,0,2,2,chicken,1892
control,l1_hybrid,4,dry grain free cat food,0.0,1.0,0.0,4,0,4,0,grain,5998
control,l1_hybrid,4,dry grain free dog food,0.25,0.75,0.0,4,1,3,0,grain,4159
control,l1_hybrid,4,dust free cat litter,0.0,0.25,0.75,4,0,1,3,dust,68627
control,l1_hybrid,4,dust free clumping cat litter,0.0,0.0,1.0,4,0,0,4,dust,33448
control,l1_hybrid,4,dust free clumping litter,0.25,0.25,0.5,4,1,1,2,dust,1145
control,l1_hybrid,4,dust free litter,0.0,0.5,0.5,4,0,2,2,dust,8568
control,l1_hybrid,4,dust free unscented clumping cat litter,0.0,0.0,1.0,4,0,0,4,dust,6504
control,l1_hybrid,4,earth animal no hide,0.0,1.0,0.0,4,0,4,0,hide,7495
control,l1_hybrid,4,earth animal no hide chews,0.0,1.0,0.0,4,0,4,0,hide,2188
control,l1_hybrid,4,earth animal no hide chews large,0.0,1.0,0.0,4,0,4,0,hide,972
control,l1_hybrid,4,earth animal no hide medium,0.0,1.0,0.0,4,0,4,0,hide,1153
control,l1_hybrid,4,earth animal no hide rolls,0.0,1.0,0.0,4,0,4,0,hide,1258
control,l1_hybrid,4,easy walk no pull harness,0.0,1.0,0.0,4,0,4,0,pull,4342
control,l1_hybrid,4,fancy feast grain free,0.25,0.25,0.5,4,1,1,2,grain,2313
control,l1_hybrid,4,fancy feast grain free pate,0.0,1.0,0.0,4,0,4,0,grain,1036
control,l1_hybrid,4,fancy feast grain free wet cat food,0.0,1.0,0.0,4,0,4,0,grain,12994
control,l1_hybrid,4,farmina grain free,0.75,0.25,0.0,4,3,1,0,grain,2750
control,l1_hybrid,4,farmina grain free dog food,0.0,1.0,0.0,4,0,4,0,grain,3081
control,l1_hybrid,4,fat free dog treats,0.75,0.0,0.25,4,3,0,1,fat,7786
control,l1_hybrid,4,fish free cat food,1.0,0.0,0.0,4,4,0,0,fish,1456
control,l1_hybrid,4,fly mask without ears,0.5,0.5,0.0,4,2,2,0,ears,3567
control,l1_hybrid,4,food grain free,0.0,1.0,0.0,4,0,4,0,grain,4785
control,l1_hybrid,4,fragrance free cat litter,0.25,0.75,0.0,4,1,3,0,fragrance,8207
control,l1_hybrid,4,fragrance free dog shampoo,0.0,1.0,0.0,4,0,4,0,fragrance,3644
control,l1_hybrid,4,freedom grain free cat food,0.0,1.0,0.0,4,0,4,0,grain,2773
control,l1_hybrid,4,freedom grain free dog food,0.0,1.0,0.0,4,0,4,0,grain,8393
control,l1_hybrid,4,freedom no pull harness,0.75,0.25,0.0,4,3,1,0,pull,17745
control,l1_hybrid,4,fresh pet grain free,0.0,1.0,0.0,4,0,4,0,grain,3969
control,l1_hybrid,4,fresh pet grain free dog food,0.0,1.0,0.0,4,0,4,0,grain,1711
control,l1_hybrid,4,fresh step cat litter non clumping,0.5,0.5,0.0,4,2,2,0,non clumping,7310
control,l1_hybrid,4,fresh step dust free,0.25,0.0,0.75,4,1,0,3,dust,1279
control,l1_hybrid,4,fresh step non clumping cat litter,0.5,0.5,0.0,4,2,2,0,non clumping,30486
control,l1_hybrid,4,frisco no pull harness,0.5,0.5,0.0,4,2,2,0,pull,1291
control,l1_hybrid,4,frisco padded no pull dog harness,0.25,0.75,0.0,4,1,3,0,pull,1101
control,l1_hybrid,4,frisco stuffing free,0.0,1.0,0.0,4,0,4,0,stuffing,2257
control,l1_hybrid,4,fromm grain free,0.75,0.25,0.0,4,3,1,0,grain,1032
control,l1_hybrid,4,front clip no pull harness,0.25,0.75,0.0,4,1,3,0,pull,1120
control,l1_hybrid,4,gain free dog food,0.25,0.75,0.0,4,1,3,0,gain,977
control,l1_hybrid,4,gluten free,0.0,1.0,0.0,4,0,4,0,gluten,2039
control,l1_hybrid,4,gluten free cat food,0.0,1.0,0.0,4,0,4,0,gluten,8910
control,l1_hybrid,4,gluten free cat treats,0.0,0.75,0.25,4,0,3,1,gluten,1113
control,l1_hybrid,4,gluten free dog food,0.0,0.75,0.25,4,0,3,1,gluten,32569
control,l1_hybrid,4,gluten free dog treats,0.0,1.0,0.0,4,0,4,0,gluten,14910
control,l1_hybrid,4,gluten free dry dog food,0.5,0.5,0.0,4,2,2,0,gluten,1196
control,l1_hybrid,4,gluten free puppy food,0.25,0.75,0.0,4,1,3,0,gluten,1459
control,l1_hybrid,4,gluten free wet cat food,0.0,0.75,0.25,4,0,3,1,gluten,1955
control,l1_hybrid,4,gluten free wet dog food,0.0,1.0,0.0,4,0,4,0,gluten,1696
control,l1_hybrid,4,gmo free dog food,0.0,1.0,0.0,4,0,4,0,gmo,7978
control,l1_hybrid,4,good lovin no rawhide,0.0,0.0,1.0,4,0,0,4,rawhide,1165
control,l1_hybrid,4,grain and chicken free dog food,0.25,0.75,0.0,4,1,3,0,"grain, chicken",1316
control,l1_hybrid,4,grain free,0.0,1.0,0.0,4,0,4,0,grain,27310
control,l1_hybrid,4,grain free adult dog food,0.0,1.0,0.0,4,0,4,0,grain,6444
control,l1_hybrid,4,grain free air dried dog food,0.0,1.0,0.0,4,0,4,0,grain,1151
control,l1_hybrid,4,grain free beef dog food,0.0,1.0,0.0,4,0,4,0,grain,3945
control,l1_hybrid,4,grain free beef dry dog food,0.0,1.0,0.0,4,0,4,0,grain,1022
control,l1_hybrid,4,grain free biscuits,0.0,1.0,0.0,4,0,4,0,grain,1010
control,l1_hybrid,4,grain free blue buffalo dog food,0.0,1.0,0.0,4,0,4,0,grain,1932
control,l1_hybrid,4,grain free canned cat food,0.0,1.0,0.0,4,0,4,0,grain,11102
control,l1_hybrid,4,grain free canned dog food,0.0,1.0,0.0,4,0,4,0,grain,12390
control,l1_hybrid,4,grain free cat,0.0,1.0,0.0,4,0,4,0,grain,6488
control,l1_hybrid,4,grain free cat dry food,0.0,1.0,0.0,4,0,4,0,grain,2783
control,l1_hybrid,4,grain free cat food,0.0,1.0,0.0,4,0,4,0,grain,76423
control,l1_hybrid,4,grain free cat food dry,0.0,1.0,0.0,4,0,4,0,grain,14537
control,l1_hybrid,4,grain free cat food wet,0.0,1.0,0.0,4,0,4,0,grain,11361
control,l1_hybrid,4,grain free cat pate,0.0,1.0,0.0,4,0,4,0,grain,1210
control,l1_hybrid,4,grain free cat treat,0.0,1.0,0.0,4,0,4,0,grain,6878
control,l1_hybrid,4,grain free cat treats,0.0,1.0,0.0,4,0,4,0,grain,40628
control,l1_hybrid,4,grain free cat wet food,0.0,1.0,0.0,4,0,4,0,grain,5735
control,l1_hybrid,4,grain free chicken cat food,0.0,1.0,0.0,4,0,4,0,grain,1128
control,l1_hybrid,4,grain free chicken dog food,0.0,1.0,0.0,4,0,4,0,grain,1250
control,l1_hybrid,4,grain free chicken dog treats,0.25,0.75,0.0,4,1,3,0,grain,1542
control,l1_hybrid,4,grain free chicken free dog food,0.75,0.25,0.0,4,3,1,0,"grain, chicken",8785
control,l1_hybrid,4,grain free chicken free dog treats,0.75,0.25,0.0,4,3,1,0,"grain, chicken",4078
control,l1_hybrid,4,grain free chicken pate cat food,0.0,1.0,0.0,4,0,4,0,grain,1418
control,l1_hybrid,4,grain free dental chews,0.0,1.0,0.0,4,0,4,0,grain,5153
control,l1_hybrid,4,grain free diet dog food,0.0,1.0,0.0,4,0,4,0,grain,4566
control,l1_hybrid,4,grain free dog,0.0,1.0,0.0,4,0,4,0,grain,7358
control,l1_hybrid,4,grain free dog biscuits,0.0,1.0,0.0,4,0,4,0,grain,7074
control,l1_hybrid,4,grain free dog bones,0.0,1.0,0.0,4,0,4,0,grain,2681
control,l1_hybrid,4,grain free dog chews,0.0,1.0,0.0,4,0,4,0,grain,1598
control,l1_hybrid,4,grain free dog food,0.0,1.0,0.0,4,0,4,0,grain,611730
control,l1_hybrid,4,grain free dog food 40 lb bag,0.0,1.0,0.0,4,0,4,0,grain,4206
control,l1_hybrid,4,grain free dog food 40lbs,0.25,0.75,0.0,4,1,3,0,grain,5458
control,l1_hybrid,4,grain free dog food dry,0.0,1.0,0.0,4,0,4,0,grain,3723
control,l1_hybrid,4,grain free dog food large breed,0.0,1.0,0.0,4,0,4,0,grain,18579
control,l1_hybrid,4,grain free dog food salmon,0.0,1.0,0.0,4,0,4,0,grain,1725
control,l1_hybrid,4,grain free dog food small breed,0.0,1.0,0.0,4,0,4,0,grain,16175
control,l1_hybrid,4,grain free dog food wet,0.0,1.0,0.0,4,0,4,0,grain,7838
control,l1_hybrid,4,grain free dog kibble,0.0,1.0,0.0,4,0,4,0,grain,1556
control,l1_hybrid,4,grain free dog training treats,0.0,1.0,0.0,4,0,4,0,grain,2820
control,l1_hybrid,4,grain free dog treat,0.25,0.75,0.0,4,1,3,0,grain,10410
control,l1_hybrid,4,grain free dog treats,0.25,0.75,0.0,4,1,3,0,grain,138329
control,l1_hybrid,4,grain free dog treats for large dogs,0.0,1.0,0.0,4,0,4,0,grain,997
control,l1_hybrid,4,grain free dog treats for medium dogs,0.0,1.0,0.0,4,0,4,0,grain,5358
control,l1_hybrid,4,grain free dog treats small breed,0.0,1.0,0.0,4,0,4,0,grain,4076
control,l1_hybrid,4,grain free dog wet food,0.0,1.0,0.0,4,0,4,0,grain,1019
control,l1_hybrid,4,grain free dogfood no probiotic,0.0,0.0,1.0,4,0,0,4,probiotic,982
control,l1_hybrid,4,grain free dry,0.0,1.0,0.0,4,0,4,0,grain,4891
control,l1_hybrid,4,grain free dry adult dog food,0.0,1.0,0.0,4,0,4,0,grain,1350
control,l1_hybrid,4,grain free dry cat food,0.0,1.0,0.0,4,0,4,0,grain,197068
control,l1_hybrid,4,grain free dry dog food,0.0,1.0,0.0,4,0,4,0,grain,56421
control,l1_hybrid,4,grain free dry kitten food,0.0,1.0,0.0,4,0,4,0,grain,6226
control,l1_hybrid,4,grain free duck dog food,0.25,0.75,0.0,4,1,3,0,grain,1431
control,l1_hybrid,4,grain free fancy feast,0.0,0.75,0.25,4,0,3,1,grain,1914
control,l1_hybrid,4,grain free fish dog food,0.25,0.75,0.0,4,1,3,0,grain,2293
control,l1_hybrid,4,grain free food,0.0,1.0,0.0,4,0,4,0,grain,1420
control,l1_hybrid,4,grain free freeze dried dog food,0.0,1.0,0.0,4,0,4,0,grain,1795
control,l1_hybrid,4,grain free fresh dog food,0.0,1.0,0.0,4,0,4,0,grain,1289
control,l1_hybrid,4,grain free fruit dog treats,0.25,0.5,0.25,4,1,2,1,grain,1411
control,l1_hybrid,4,grain free greenies,0.0,0.25,0.75,4,0,1,3,grain,2564
control,l1_hybrid,4,grain free high protein cat food,0.25,0.75,0.0,4,1,3,0,grain,2937
control,l1_hybrid,4,grain free high protein dog food,0.25,0.75,0.0,4,1,3,0,grain,1843
control,l1_hybrid,4,grain free high protein dry cat food,0.0,1.0,0.0,4,0,4,0,grain,1029
control,l1_hybrid,4,grain free honest kitchen,0.25,0.75,0.0,4,1,3,0,grain,1122
control,l1_hybrid,4,grain free jerky,0.0,1.0,0.0,4,0,4,0,grain,1571
control,l1_hybrid,4,grain free kibble,0.0,1.0,0.0,4,0,4,0,grain,1409
control,l1_hybrid,4,grain free kitten dry food,0.0,1.0,0.0,4,0,4,0,grain,5861
control,l1_hybrid,4,grain free kitten food,0.0,1.0,0.0,4,0,4,0,grain,16286
control,l1_hybrid,4,grain free kitten wet food,0.0,1.0,0.0,4,0,4,0,grain,4500
control,l1_hybrid,4,grain free lamb dog food,0.0,1.0,0.0,4,0,4,0,grain,3771
control,l1_hybrid,4,grain free large breed dog food,0.0,1.0,0.0,4,0,4,0,grain,2530
control,l1_hybrid,4,grain free limited ingredient cat food,0.0,1.0,0.0,4,0,4,0,grain,1729
control,l1_hybrid,4,grain free limited ingredient dog food,0.0,1.0,0.0,4,0,4,0,grain,3438
control,l1_hybrid,4,grain free low fat dog food,0.5,0.25,0.25,4,2,1,1,grain,2100
control,l1_hybrid,4,grain free organic dog food,0.0,1.0,0.0,4,0,4,0,grain,1002
control,l1_hybrid,4,grain free pate,0.0,1.0,0.0,4,0,4,0,grain,1578
control,l1_hybrid,4,grain free pate cat food,0.0,1.0,0.0,4,0,4,0,grain,8858
control,l1_hybrid,4,grain free peanut butter dog treats,0.0,1.0,0.0,4,0,4,0,grain,1000
control,l1_hybrid,4,grain free puppy,0.0,1.0,0.0,4,0,4,0,grain,1472
control,l1_hybrid,4,grain free puppy food,0.0,1.0,0.0,4,0,4,0,grain,34872
control,l1_hybrid,4,grain free puppy treats,0.0,1.0,0.0,4,0,4,0,grain,1999
control,l1_hybrid,4,grain free purina dog food,0.0,1.0,0.0,4,0,4,0,grain,1470
control,l1_hybrid,4,grain free purina pro plan,0.75,0.25,0.0,4,3,1,0,grain,1558
control,l1_hybrid,4,grain free rabbit cat food,0.0,1.0,0.0,4,0,4,0,grain,1266
control,l1_hybrid,4,grain free rabbit food,0.0,1.0,0.0,4,0,4,0,grain,1121
control,l1_hybrid,4,grain free salmon,0.25,0.75,0.0,4,1,3,0,grain,1422
control,l1_hybrid,4,grain free salmon cat food,0.0,1.0,0.0,4,0,4,0,grain,1083
control,l1_hybrid,4,grain free salmon dog food,0.0,1.0,0.0,4,0,4,0,grain,15202
control,l1_hybrid,4,grain free salmon dry dog food,0.0,1.0,0.0,4,0,4,0,grain,2485
control,l1_hybrid,4,grain free senior cat food,0.0,1.0,0.0,4,0,4,0,grain,2261
control,l1_hybrid,4,grain free senior dog food,0.0,1.0,0.0,4,0,4,0,grain,10021
control,l1_hybrid,4,grain free sensitive stomach cat food,0.0,1.0,0.0,4,0,4,0,grain,1967
control,l1_hybrid,4,grain free sensitive stomach dog food,0.0,1.0,0.0,4,0,4,0,grain,1344
control,l1_hybrid,4,grain free small breed,0.0,1.0,0.0,4,0,4,0,grain,1062
control,l1_hybrid,4,grain free small breed dry dog food,0.0,1.0,0.0,4,0,4,0,grain,7815
control,l1_hybrid,4,grain free small dog food,0.0,1.0,0.0,4,0,4,0,grain,1123
control,l1_hybrid,4,grain free soft dog food,0.25,0.75,0.0,4,1,3,0,grain,1084
control,l1_hybrid,4,grain free soft dog treats,0.5,0.5,0.0,4,2,2,0,grain,2972
control,l1_hybrid,4,grain free training treats,0.0,0.5,0.5,4,0,2,2,grain,997
control,l1_hybrid,4,grain free training treats for dogs,0.0,1.0,0.0,4,0,4,0,grain,2451
control,l1_hybrid,4,grain free treats,0.25,0.75,0.0,4,1,3,0,grain,9238
control,l1_hybrid,4,grain free treats for dogs,0.0,1.0,0.0,4,0,4,0,grain,12609
control,l1_hybrid,4,grain free weight control dog food,0.25,0.75,0.0,4,1,3,0,grain,970
control,l1_hybrid,4,grain free weight management dog food,0.75,0.25,0.0,4,3,1,0,grain,1758
control,l1_hybrid,4,grain free wet,0.0,1.0,0.0,4,0,4,0,grain,4438
control,l1_hybrid,4,grain free wet cat food,0.0,1.0,0.0,4,0,4,0,grain,162972
control,l1_hybrid,4,grain free wet cat food gravy,0.0,1.0,0.0,4,0,4,0,grain,2407
control,l1_hybrid,4,grain free wet cat food in gravy,0.0,1.0,0.0,4,0,4,0,grain,1303
control,l1_hybrid,4,grain free wet cat food pate,0.0,1.0,0.0,4,0,4,0,grain,5664
control,l1_hybrid,4,grain free wet dog food,0.0,1.0,0.0,4,0,4,0,grain,60526
control,l1_hybrid,4,grain free wet food,0.0,1.0,0.0,4,0,4,0,grain,2504
control,l1_hybrid,4,grain free wet food cat,0.0,1.0,0.0,4,0,4,0,grain,1388
control,l1_hybrid,4,grain free wet kitten food,0.0,1.0,0.0,4,0,4,0,grain,3865
control,l1_hybrid,4,grain-free cat food,0.0,1.0,0.0,4,0,4,0,grain,11965
control,l1_hybrid,4,grain-free cat food 5.5 oz,0.25,0.75,0.0,4,1,3,0,grain,1346
control,l1_hybrid,4,grain-free cat treats,0.0,1.0,0.0,4,0,4,0,grain,4411
control,l1_hybrid,4,grain-free dog food,0.0,1.0,0.0,4,0,4,0,grain,6389
control,l1_hybrid,4,grain-free dry cat food,0.0,1.0,0.0,4,0,4,0,grain,2485
control,l1_hybrid,4,grain-free dry dog food,0.0,1.0,0.0,4,0,4,0,grain,3951
control,l1_hybrid,4,grain-free kitten food,0.0,1.0,0.0,4,0,4,0,grain,1368
control,l1_hybrid,4,grain-free puppy food,0.0,1.0,0.0,4,0,4,0,grain,3839
control,l1_hybrid,4,grainfree,0.0,1.0,0.0,4,0,4,0,grain,1016
control,l1_hybrid,4,grainfree dog food,0.0,1.0,0.0,4,0,4,0,grain,8254
control,l1_hybrid,4,grainfree dry,0.0,1.0,0.0,4,0,4,0,grain,4253
control,l1_hybrid,4,grainfree dry cat food,0.0,1.0,0.0,4,0,4,0,grain,2854
control,l1_hybrid,4,grainfree wet dog food,0.0,1.0,0.0,4,0,4,0,grain,1120
control,l1_hybrid,4,greenies grain free,0.25,0.25,0.5,4,1,1,2,grain,2143
control,l1_hybrid,4,greenies grain free dental treats for dogs,0.5,0.0,0.5,4,2,0,2,grain,3043
control,l1_hybrid,4,halti no pull harness,0.5,0.5,0.0,4,2,2,0,pull,16145
control,l1_hybrid,4,halti nylon padded no pull dog headcollar,1.0,0.0,0.0,4,4,0,0,pull,3333
control,l1_hybrid,4,harness for large dog no pull,0.5,0.5,0.0,4,2,2,0,pull,21244
control,l1_hybrid,4,harness for medium dog no pull,0.75,0.25,0.0,4,3,1,0,pull,3986
control,l1_hybrid,4,harness for small dog no pull,0.5,0.5,0.0,4,2,2,0,pull,4085
control,l1_hybrid,4,harness no pull,0.0,1.0,0.0,4,0,4,0,pull,8042
control,l1_hybrid,4,hide free,1.0,0.0,0.0,4,4,0,0,hide,3326
control,l1_hybrid,4,hide free chews,0.75,0.25,0.0,4,3,1,0,hide,2987
control,l1_hybrid,4,hide free chicken recipe sticks,1.0,0.0,0.0,4,4,0,0,hide,4091
control,l1_hybrid,4,hide free dog chews,1.0,0.0,0.0,4,4,0,0,hide,7175
control,l1_hybrid,4,high protein grain free cat food,0.0,1.0,0.0,4,0,4,0,grain,2873
control,l1_hybrid,4,high protein grain free dog food,0.0,1.0,0.0,4,0,4,0,grain,2240
control,l1_hybrid,4,hills grain free,1.0,0.0,0.0,4,4,0,0,grain,1934
control,l1_hybrid,4,hills grain free dog food,0.75,0.25,0.0,4,3,1,0,grain,1614
control,l1_hybrid,4,hills grain free dog treats,1.0,0.0,0.0,4,4,0,0,grain,1039
control,l1_hybrid,4,hills grain free soft baked naturals,0.75,0.25,0.0,4,3,1,0,grain,2698
control,l1_hybrid,4,hills science diet grain free,0.75,0.25,0.0,4,3,1,0,grain,2229
control,l1_hybrid,4,hills science diet no corn,0.0,1.0,0.0,4,0,4,0,corn,1007
control,l1_hybrid,4,hills science grain free,1.0,0.0,0.0,4,4,0,0,grain,1458
control,l1_hybrid,4,honest kitchen beef grain free,0.5,0.5,0.0,4,2,2,0,grain,1152
control,l1_hybrid,4,honest kitchen dehydrated dog food grain free,0.25,0.75,0.0,4,1,3,0,grain,1269
control,l1_hybrid,4,honest kitchen grain free,0.5,0.5,0.0,4,2,2,0,grain,3478
control,l1_hybrid,4,honest kitchen grain free beef,0.5,0.5,0.0,4,2,2,0,grain,6296
control,l1_hybrid,4,honest kitchen grain free dehydrated dog food,0.25,0.75,0.0,4,1,3,0,grain,1714
control,l1_hybrid,4,honest kitchen grain free dog food,0.0,1.0,0.0,4,0,4,0,grain,4178
control,l1_hybrid,4,horse fly mask without ears,0.75,0.25,0.0,4,3,1,0,ears,5781
control,l1_hybrid,4,iams grain free cat food,0.75,0.25,0.0,4,3,1,0,grain,2047
control,l1_hybrid,4,instinct grain free,0.0,1.0,0.0,4,0,4,0,grain,1055
control,l1_hybrid,4,instinct raw meals real beef recipe grain-free adult freeze-dried dog food 25-oz bag,0.25,0.75,0.0,4,1,3,0,grain,1048
control,l1_hybrid,4,iodine free cat food,0.0,0.0,1.0,4,0,0,4,iodine,3331
control,l1_hybrid,4,jinx grain free,0.0,1.0,0.0,4,0,4,0,grain,1000
control,l1_hybrid,4,jinx grain free dog food,0.0,1.0,0.0,4,0,4,0,grain,2938
control,l1_hybrid,4,kaytee no mess,0.0,1.0,0.0,4,0,4,0,mess,992
control,l1_hybrid,4,kaytee no mess blend wild bird food,0.25,0.75,0.0,4,1,3,0,mess,2512
control,l1_hybrid,4,kaytee wild bird food no mess,0.25,0.75,0.0,4,1,3,0,mess,998
control,l1_hybrid,4,kitten dry food grain free,0.0,1.0,0.0,4,0,4,0,grain,10184
control,l1_hybrid,4,kitten food grain free,0.25,0.75,0.0,4,1,3,0,grain,6119
control,l1_hybrid,4,kitten grain free,0.0,1.0,0.0,4,0,4,0,grain,2322
control,l1_hybrid,4,kitten grain free wet food,0.0,1.0,0.0,4,0,4,0,grain,1749
control,l1_hybrid,4,kitten wet food grain free,0.0,1.0,0.0,4,0,4,0,grain,7774
control,l1_hybrid,4,kitten wet grain free food,0.0,1.0,0.0,4,0,4,0,grain,993
control,l1_hybrid,4,kitty litter non clumping,0.25,0.75,0.0,4,1,3,0,clumping,6396
control,l1_hybrid,4,lamb grain free dog food,0.0,1.0,0.0,4,0,4,0,grain,2809
control,l1_hybrid,4,large breed grain free dog food,0.0,1.0,0.0,4,0,4,0,grain,1263
control,l1_hybrid,4,large breed puppy food grain free,0.75,0.25,0.0,4,3,1,0,grain,1963
control,l1_hybrid,4,large breed puppy food no chicken,0.75,0.0,0.25,4,3,0,1,chicken,1134
control,l1_hybrid,4,large dog bones rawhide free,0.25,0.25,0.5,4,1,1,2,rawhide,6861
control,l1_hybrid,4,large dog harness no pull,0.5,0.5,0.0,4,2,2,0,pull,8655
control,l1_hybrid,4,legume free dog food,0.75,0.25,0.0,4,3,1,0,legume,7084
control,l1_hybrid,4,lickable cat treats grain free,0.0,1.0,0.0,4,0,4,0,grain,1128
control,l1_hybrid,4,licks pill free,1.0,0.0,0.0,4,4,0,0,pill,2506
control,l1_hybrid,4,limited ingredient grain free dog food,0.0,1.0,0.0,4,0,4,0,grain,2088
control,l1_hybrid,4,litter dust free,0.0,0.25,0.75,4,0,1,3,dust,3928
control,l1_hybrid,4,litter no dust,0.0,0.5,0.5,4,0,2,2,dust,2280
control,l1_hybrid,4,litter non clumping,1.0,0.0,0.0,4,4,0,0,non clumping,4359
control,l1_hybrid,4,low fat grain free dog food,1.0,0.0,0.0,4,4,0,0,"grain, fat",1870
control,l1_hybrid,4,merrick grain free,0.0,1.0,0.0,4,0,4,0,grain,4055
control,l1_hybrid,4,merrick grain free dry dog food,0.0,1.0,0.0,4,0,4,0,grain,6428
control,l1_hybrid,4,merrick lil plates grain free dog food,0.0,1.0,0.0,4,0,4,0,grain,3343
control,l1_hybrid,4,merrick real texas beef + sweet potato recipe grain-free chicken-free adult dry dog food,0.0,1.0,0.0,2,0,2,0,"grain, chicken",1424
control,l1_hybrid,4,mess free bird seed,0.0,0.5,0.5,4,0,2,2,mess,1049
control,l1_hybrid,4,mess free water bowl,0.0,1.0,0.0,4,0,4,0,mess,4645
control,l1_hybrid,4,natural farm odor-free bully sticks,0.0,1.0,0.0,4,0,4,0,odor,4570
control,l1_hybrid,4,nature's recipe grain free,0.0,1.0,0.0,4,0,4,0,grain,2587
control,l1_hybrid,4,natures logic grain free,0.0,1.0,0.0,4,0,4,0,grain,972
control,l1_hybrid,4,natures recipe grain free,0.0,1.0,0.0,4,0,4,0,grain,6270
control,l1_hybrid,4,natures recipe grain free dog food,0.0,1.0,0.0,4,0,4,0,grain,5311
control,l1_hybrid,4,natures recipe grain free dry dog food,0.0,1.0,0.0,4,0,4,0,grain,12075
control,l1_hybrid,4,natures recipe grain free wet dog food,0.0,1.0,0.0,4,0,4,0,grain,1012
control,l1_hybrid,4,no bark,0.5,0.5,0.0,4,2,2,0,bark,10077
control,l1_hybrid,4,no bark collar,0.0,1.0,0.0,4,0,4,0,pull,20454
control,l1_hybrid,4,no bark collars,1.0,0.0,0.0,4,4,0,0,no bark,7969
control,l1_hybrid,4,no cat pee,0.0,1.0,0.0,4,0,4,0,cat pee,1215
control,l1_hybrid,4,no chew,0.75,0.25,0.0,4,3,1,0,chew,7596
control,l1_hybrid,4,no chew dog bed,0.5,0.5,0.0,4,2,2,0,chew,3301
control,l1_hybrid,4,no chew spray for cats,0.0,1.0,0.0,4,0,4,0,chew,4073
control,l1_hybrid,4,no chew spray for dogs,0.0,1.0,0.0,4,0,4,0,chew,35353
control,l1_hybrid,4,no chicken,0.75,0.0,0.25,4,3,0,1,chicken,2318
control,l1_hybrid,4,no chicken cat food,1.0,0.0,0.0,4,4,0,0,chicken,4707
control,l1_hybrid,4,no chicken dog food,0.25,0.5,0.25,4,1,2,1,chicken,32850
control,l1_hybrid,4,no chicken dog treats,1.0,0.0,0.0,4,4,0,0,chicken,4769
control,l1_hybrid,4,no chicken dry dog food,0.5,0.5,0.0,4,2,2,0,chicken,1204
control,l1_hybrid,4,no chicken puppy food,1.0,0.0,0.0,4,4,0,0,chicken,2040
control,l1_hybrid,4,no chicken treats,1.0,0.0,0.0,4,4,0,0,chicken,2185
control,l1_hybrid,4,no chicken wet dog food,1.0,0.0,0.0,4,4,0,0,chicken,5034
control,l1_hybrid,4,no clump litter,0.25,0.75,0.0,4,1,3,0,clump,3211
control,l1_hybrid,4,no corn dog food,0.0,1.0,0.0,4,0,4,0,corn,2939
control,l1_hybrid,4,no dust cat litter,0.0,0.0,1.0,4,0,0,4,dust,9502
control,l1_hybrid,4,no dust clumping cat litter,0.0,0.0,1.0,4,0,0,4,dust,6710
control,l1_hybrid,4,no dust litter,0.0,0.5,0.5,4,0,2,2,dust,2340
control,l1_hybrid,4,no eat poop,0.25,0.75,0.0,4,1,3,0,poop,2705
control,l1_hybrid,4,no escape dog harness,0.0,1.0,0.0,4,0,4,0,pull,11770
control,l1_hybrid,4,no escape harness,0.0,1.0,0.0,4,0,4,0,pull,3530
control,l1_hybrid,4,no fat dog treats,0.0,1.0,0.0,4,0,4,0,fat,2796
control,l1_hybrid,4,no flap ear wrap,0.0,1.0,0.0,4,0,4,0,pull,18080
control,l1_hybrid,4,no grain cat food,0.0,1.0,0.0,4,0,4,0,grain,5782
control,l1_hybrid,4,no grain dog food,0.0,1.0,0.0,4,0,4,0,grain,15780
control,l1_hybrid,4,no grain dog treats,0.0,1.0,0.0,4,0,4,0,grain,1637
control,l1_hybrid,4,no grain dry cat food,0.0,1.0,0.0,4,0,4,0,grain,3032
control,l1_hybrid,4,no grain wet cat food,0.0,1.0,0.0,4,0,4,0,grain,4489
control,l1_hybrid,4,no grow bird seed,0.0,0.75,0.25,4,0,3,1,grow,2780
control,l1_hybrid,4,no hide,0.0,1.0,0.0,4,0,4,0,hide,67837
control,l1_hybrid,4,no hide bone,0.0,1.0,0.0,4,0,4,0,hide,1796
control,l1_hybrid,4,no hide bones,0.25,0.75,0.0,4,1,3,0,hide,13773
control,l1_hybrid,4,no hide chew,0.0,1.0,0.0,4,0,4,0,hide,1036
control,l1_hybrid,4,no hide chews,0.0,1.0,0.0,4,0,4,0,hide,147107
control,l1_hybrid,4,no hide chews earth animal,0.0,1.0,0.0,4,0,4,0,hide,70100
control,l1_hybrid,4,no hide chews large,0.0,1.0,0.0,4,0,4,0,hide,3727
control,l1_hybrid,4,no hide chews medium,0.0,1.0,0.0,4,0,4,0,hide,1253
control,l1_hybrid,4,no hide chews small,0.0,1.0,0.0,4,0,4,0,hide,1325
control,l1_hybrid,4,no hide dog chews,0.0,1.0,0.0,4,0,4,0,hide,4859
control,l1_hybrid,4,no hide dog chews 4 inch,0.75,0.25,0.0,4,3,1,0,hide,1845
control,l1_hybrid,4,no hide dog chews medium,0.0,1.0,0.0,4,0,4,0,hide,2123
control,l1_hybrid,4,no hide dog chews small,0.25,0.75,0.0,4,1,3,0,hide,2663
control,l1_hybrid,4,no hide large,0.0,1.0,0.0,4,0,4,0,hide,3009
control,l1_hybrid,4,no hide large rolls,0.0,1.0,0.0,4,0,4,0,hide,1346
control,l1_hybrid,4,no hide medium,0.0,1.0,0.0,4,0,4,0,hide,1886
control,l1_hybrid,4,no hide medium rolls,0.0,1.0,0.0,4,0,4,0,hide,2357
control,l1_hybrid,4,no hide peanut butter,0.25,0.75,0.0,4,1,3,0,hide,1187
control,l1_hybrid,4,no hide pumpkin,0.0,1.0,0.0,4,0,4,0,hide,1310
control,l1_hybrid,4,no hide raw hide,1.0,0.0,0.0,4,4,0,0,rawhide,2210
control,l1_hybrid,4,no hide rawhide,1.0,0.0,0.0,4,4,0,0,rawhide,2269
control,l1_hybrid,4,no hide rolls,0.0,1.0,0.0,4,0,4,0,hide,1612
control,l1_hybrid,4,no hide salmon,0.0,1.0,0.0,4,0,4,0,hide,2174
control,l1_hybrid,4,no hide small rolls,0.0,1.0,0.0,4,0,4,0,hide,1257
control,l1_hybrid,4,no hide sticks,0.0,1.0,0.0,4,0,4,0,hide,2520
control,l1_hybrid,4,no hide stix,0.0,1.0,0.0,4,0,4,0,hide,7433
control,l1_hybrid,4,no hide strips,0.0,1.0,0.0,4,0,4,0,hide,3815
control,l1_hybrid,4,no hide venison,0.0,0.75,0.25,4,0,3,1,hide,1136
control,l1_hybrid,4,no hides,0.0,1.0,0.0,4,0,4,0,hides,2331
control,l1_hybrid,4,no holes,0.25,0.75,0.0,4,1,3,0,holes,2104
control,l1_hybrid,4,no lick,1.0,0.0,0.0,4,4,0,0,lick,1801
control,l1_hybrid,4,no melt suet,1.0,0.0,0.0,4,4,0,0,no melt,2781
control,l1_hybrid,4,no melt suet cakes for birds,0.0,1.0,0.0,4,0,4,0,melt,3006
control,l1_hybrid,4,no melt suet cakes for wild birds,0.0,1.0,0.0,4,0,4,0,melt,1040
control,l1_hybrid,4,no mess bird feeder,0.0,1.0,0.0,4,0,4,0,mess,2078
control,l1_hybrid,4,no mess bird food,0.0,1.0,0.0,4,0,4,0,mess,1778
control,l1_hybrid,4,no mess bird seed,0.0,0.75,0.25,4,0,3,1,mess,10066
control,l1_hybrid,4,no mess water bowl,0.25,0.5,0.25,4,1,2,1,mess,4197
control,l1_hybrid,4,no mess wild bird food,0.0,1.0,0.0,4,0,4,0,mess,2594
control,l1_hybrid,4,no mess wild bird seed,0.0,1.0,0.0,4,0,4,0,mess,22655
control,l1_hybrid,4,no millet bird seed,1.0,0.0,0.0,4,4,0,0,millet,1078
control,l1_hybrid,4,no odor bully sticks,0.25,0.75,0.0,4,1,3,0,odor,4474
control,l1_hybrid,4,no pee,1.0,0.0,0.0,4,4,0,0,pee,2549
control,l1_hybrid,4,no poo,0.75,0.25,0.0,4,3,1,0,poo,5242
control,l1_hybrid,4,no poo chews,0.75,0.25,0.0,4,3,1,0,poo,3342
control,l1_hybrid,4,no poo chews for dogs,0.5,0.5,0.0,4,2,2,0,poo,4691
control,l1_hybrid,4,no poop,1.0,0.0,0.0,4,4,0,0,poop,3632
control,l1_hybrid,4,no poop chews,1.0,0.0,0.0,4,4,0,0,poop,31892
control,l1_hybrid,4,no poop eating,0.25,0.75,0.0,4,1,3,0,poop eating,16984
control,l1_hybrid,4,no poultry dog food,0.75,0.0,0.25,4,3,0,1,poultry,1345
control,l1_hybrid,4,no pull,0.25,0.75,0.0,4,1,3,0,pull,9044
control,l1_hybrid,4,no pull collar,1.0,0.0,0.0,4,4,0,0,pull,20932
control,l1_hybrid,4,no pull collar for dogs,0.5,0.5,0.0,4,2,2,0,pull,3540
control,l1_hybrid,4,no pull collars,0.5,0.5,0.0,4,2,2,0,pull,1721
control,l1_hybrid,4,no pull dog collar,0.5,0.25,0.25,4,2,1,1,pull,5502
control,l1_hybrid,4,no pull dog harness,0.0,1.0,0.0,4,0,4,0,pull,32134
control,l1_hybrid,4,no pull dog harnesses,0.0,1.0,0.0,4,0,4,0,pull,211607
control,l1_hybrid,4,no pull dog leash,0.0,1.0,0.0,4,0,4,0,pull,4200
control,l1_hybrid,4,no pull harness,0.0,1.0,0.0,4,0,4,0,pull,54525
control,l1_hybrid,4,no pull harness for dogs,0.0,1.0,0.0,4,0,4,0,pull,114468
control,l1_hybrid,4,no pull harness for large dog,0.0,1.0,0.0,4,0,4,0,pull,1918
control,l1_hybrid,4,no pull harness for large dogs,0.0,1.0,0.0,4,0,4,0,pull,24205
control,l1_hybrid,4,no pull harness for medium dog,0.0,1.0,0.0,4,0,4,0,pull,8720
control,l1_hybrid,4,no pull harness for small dog,0.0,1.0,0.0,4,0,4,0,pull,13902
control,l1_hybrid,4,no pull harnesses,0.25,0.75,0.0,4,1,3,0,pull,1272
control,l1_hybrid,4,no pull head collar,0.25,0.75,0.0,4,1,3,0,pull,2574
control,l1_hybrid,4,no pull leash,0.0,1.0,0.0,4,0,4,0,pull,21703
control,l1_hybrid,4,no pull training collar,0.75,0.25,0.0,4,3,1,0,pull,1134
control,l1_hybrid,4,no rawhide,0.5,0.5,0.0,4,2,2,0,rawhide,2332
control,l1_hybrid,4,no rawhide bones,1.0,0.0,0.0,4,4,0,0,rawhide,12951
control,l1_hybrid,4,no rawhide chews,0.5,0.5,0.0,4,2,2,0,rawhide,2715
control,l1_hybrid,4,no rawhide dog chews,0.25,0.75,0.0,4,1,3,0,rawhide,35562
control,l1_hybrid,4,no rawhide treats,0.75,0.25,0.0,4,3,1,0,rawhide,4068
control,l1_hybrid,4,no scoot for dogs,1.0,0.0,0.0,4,4,0,0,scoot,25922
control,l1_hybrid,4,no scratch,1.0,0.0,0.0,4,4,0,0,scratch,3930
control,l1_hybrid,4,no scratch spray,1.0,0.0,0.0,4,4,0,0,scratch,7315
control,l1_hybrid,4,no scratch spray for cats,0.75,0.25,0.0,4,3,1,0,scratch,1019
control,l1_hybrid,4,no shock bark collar,0.25,0.5,0.25,4,1,2,1,shock,12886
control,l1_hybrid,4,no shock collar,0.5,0.25,0.25,4,2,1,1,shock,1007
control,l1_hybrid,4,no shock dog collar,0.5,0.25,0.25,4,2,1,1,shock,1356
control,l1_hybrid,4,no shock training collar,0.75,0.0,0.25,4,3,0,1,shock,7048
control,l1_hybrid,4,no slip collar,0.0,1.0,0.0,4,0,4,0,pull,1199
control,l1_hybrid,4,no slip dog collar,0.5,0.5,0.0,4,2,2,0,pull,2153
control,l1_hybrid,4,no slip dog socks,0.0,1.0,0.0,4,0,4,0,pull,3399
control,l1_hybrid,4,no slip harness,1.0,0.0,0.0,4,4,0,0,pull,2053
control,l1_hybrid,4,no spill dog bowl,1.0,0.0,0.0,4,4,0,0,spill,4573
control,l1_hybrid,4,no spill dog water bowl,0.25,0.75,0.0,4,1,3,0,spill,28061
control,l1_hybrid,4,no spill water bowl,0.75,0.0,0.25,4,3,0,1,spill,30994
control,l1_hybrid,4,no splash water bowl,0.0,1.0,0.0,4,0,4,0,pull,3317
control,l1_hybrid,4,no spray cat,1.0,0.0,0.0,4,4,0,0,spray,2497
control,l1_hybrid,4,no squeak dog toy,0.75,0.25,0.0,4,3,1,0,squeak,990
control,l1_hybrid,4,no squeak dog toys,0.75,0.25,0.0,4,3,1,0,squeak,40129
control,l1_hybrid,4,no squirrel bird seed,0.5,0.5,0.0,4,2,2,0,squirrel,5398
control,l1_hybrid,4,no stuffing,0.25,0.75,0.0,4,1,3,0,stuffing,2020
control,l1_hybrid,4,no stuffing dog toy,0.0,1.0,0.0,4,0,4,0,stuffing,8094
control,l1_hybrid,4,no stuffing dog toys,0.0,1.0,0.0,4,0,4,0,stuffing,97772
control,l1_hybrid,4,no stuffing toy,0.0,1.0,0.0,4,0,4,0,stuffing,3277
control,l1_hybrid,4,no stuffing toys,0.0,1.0,0.0,4,0,4,0,stuffing,5673
control,l1_hybrid,4,no sugar dog treats,0.25,0.0,0.75,4,1,0,3,sugar,1361
control,l1_hybrid,4,no sugar horse treats,0.25,0.25,0.5,4,1,1,2,sugar,1315
control,l1_hybrid,4,no tangle leash,0.0,1.0,0.0,4,0,4,0,pull,1186
control,l1_hybrid,4,no tip dog bowl,0.0,1.0,0.0,4,0,4,0,pull,1033
control,l1_hybrid,4,no tip water bowl,0.0,0.75,0.25,4,0,3,1,tip,6005
control,l1_hybrid,4,no toot,1.0,0.0,0.0,4,4,0,0,toot,1991
control,l1_hybrid,4,no track cat litter,0.75,0.25,0.0,4,3,1,0,track,1419
control,l1_hybrid,4,no tracking cat litter,1.0,0.0,0.0,4,4,0,0,tracking,13088
control,l1_hybrid,4,no tracking litter,1.0,0.0,0.0,4,4,0,0,tracking,1397
control,l1_hybrid,4,no waste bird food,0.25,0.75,0.0,4,1,3,0,waste,2152
control,l1_hybrid,4,no waste bird seed,0.0,1.0,0.0,4,0,4,0,waste,9270
control,l1_hybrid,4,no waste wild bird food,0.0,1.0,0.0,4,0,4,0,waste,2693
control,l1_hybrid,4,no waste wild bird seed,0.0,1.0,0.0,4,0,4,0,waste,24563
control,l1_hybrid,4,no zip stroller,0.0,1.0,0.0,4,0,4,0,zip,1518
control,l1_hybrid,4,non absorbent cat litter,0.75,0.25,0.0,4,3,1,0,non absorbent,1507
control,l1_hybrid,4,non chew dog bed,0.0,1.0,0.0,4,0,4,0,chew,995
control,l1_hybrid,4,non chicken dog food,0.75,0.0,0.25,4,3,0,1,chicken,3858
control,l1_hybrid,4,non chicken dog treats,0.25,0.75,0.0,4,1,3,0,chicken,1718
control,l1_hybrid,4,non clay cat litter,0.75,0.25,0.0,4,3,1,0,clay,5979
control,l1_hybrid,4,non clay litter,0.5,0.5,0.0,4,2,2,0,clay,2271
control,l1_hybrid,4,non clumping,0.0,1.0,0.0,4,0,4,0,clumping,1334
control,l1_hybrid,4,non clumping cat litter,0.75,0.25,0.0,4,3,1,0,non clumping,121355
control,l1_hybrid,4,non clumping kitty litter,0.75,0.25,0.0,4,3,1,0,non clumping,1510
control,l1_hybrid,4,non clumping unscented cat litter,0.75,0.25,0.0,4,3,1,0,"non clumping unscented cat litter

the user is actually looking for cat litter",11479
control,l1_hybrid,4,non gmo,0.0,1.0,0.0,4,0,4,0,gmo,1156
control,l1_hybrid,4,non gmo cat food,0.0,1.0,0.0,4,0,4,0,gmo,2288
control,l1_hybrid,4,non gmo chicken feed,0.0,1.0,0.0,4,0,4,0,gmo,16510
control,l1_hybrid,4,non gmo dog food,0.0,1.0,0.0,4,0,4,0,gmo,11060
control,l1_hybrid,4,non gmo dog treats,1.0,0.0,0.0,4,4,0,0,non gmo,994
control,l1_hybrid,4,non gmo wet dog food,0.0,1.0,0.0,4,0,4,0,gmo,1029
control,l1_hybrid,4,non grain dog food,0.25,0.75,0.0,4,1,3,0,grain,1089
control,l1_hybrid,4,non kibble dog food,1.0,0.0,0.0,4,4,0,0,kibble,1761
control,l1_hybrid,4,non prescription flea medicine,0.25,0.75,0.0,4,1,3,0,non prescription,1077
control,l1_hybrid,4,non prescription flea meds,0.5,0.25,0.25,4,2,1,1,non prescription,1229
control,l1_hybrid,4,non prescription pain meds for dogs,0.25,0.75,0.0,4,1,3,0,prescription,3980
control,l1_hybrid,4,non pull harness,0.25,0.75,0.0,4,1,3,0,pull,5327
control,l1_hybrid,4,non raw hide,0.75,0.25,0.0,4,3,1,0,rawhide,1225
control,l1_hybrid,4,non rawhide,0.5,0.5,0.0,4,2,2,0,rawhide,1020
control,l1_hybrid,4,non rawhide bones,0.0,1.0,0.0,4,0,4,0,rawhide,18977
control,l1_hybrid,4,non rawhide chews,0.0,1.0,0.0,4,0,4,0,rawhide,10766
control,l1_hybrid,4,non rawhide dog chews,0.0,1.0,0.0,4,0,4,0,rawhide,70094
control,l1_hybrid,4,non rawhide dog treats,0.25,0.75,0.0,4,1,3,0,rawhide,2882
control,l1_hybrid,4,non scented litter,0.5,0.5,0.0,4,2,2,0,scented,1755
control,l1_hybrid,4,non squeaky dog toys,0.75,0.0,0.25,4,3,0,1,squeaky,17562
control,l1_hybrid,4,non stuffed dog toys,0.25,0.75,0.0,4,1,3,0,stuffed,6207
control,l1_hybrid,4,non tip water bowl,0.0,1.0,0.0,4,0,4,0,tip,6861
control,l1_hybrid,4,non toxic cat litter,0.0,1.0,0.0,4,0,4,0,toxic,1267
control,l1_hybrid,4,non tracking cat litter,0.0,0.5,0.5,4,0,2,2,tracking,18311
control,l1_hybrid,4,non tracking litter,0.0,0.5,0.5,4,0,2,2,tracking,3003
control,l1_hybrid,4,non-gmo dog food,0.0,1.0,0.0,4,0,4,0,gmo,3007
control,l1_hybrid,4,nulo grain free,0.25,0.75,0.0,4,1,3,0,grain,4152
control,l1_hybrid,4,nutrish dog food grain free,0.0,1.0,0.0,4,0,4,0,grain,1003
control,l1_hybrid,4,nutrish grain free dog food,0.0,1.0,0.0,4,0,4,0,grain,4382
control,l1_hybrid,4,nutro grain free,0.5,0.5,0.0,4,2,2,0,grain,2591
control,l1_hybrid,4,nutro grain free dog food,0.25,0.75,0.0,4,1,3,0,grain,4841
control,l1_hybrid,4,odor free bully stick,0.25,0.75,0.0,4,1,3,0,odor,1494
control,l1_hybrid,4,odor free bully sticks,0.5,0.5,0.0,4,2,2,0,odor,9025
control,l1_hybrid,4,odor free bully sticks for dogs,0.0,1.0,0.0,4,0,4,0,odor,27702
control,l1_hybrid,4,open farm grain free,0.0,1.0,0.0,4,0,4,0,grain,1704
control,l1_hybrid,4,open farm grain free dog food,0.25,0.75,0.0,4,1,3,0,grain,2175
control,l1_hybrid,4,organic chicken feed soy free,0.0,1.0,0.0,4,0,4,0,soy,1525
control,l1_hybrid,4,organic grain free cat treats,0.0,0.5,0.5,4,0,2,2,grain,2085
control,l1_hybrid,4,organic non gmo chicken feed,1.0,0.0,0.0,4,4,0,0,non gmo,1154
control,l1_hybrid,4,organic soy free chicken feed,0.0,1.0,0.0,4,0,4,0,soy,2338
control,l1_hybrid,4,origin grain free dog,0.5,0.5,0.0,4,2,2,0,grain,5901
control,l1_hybrid,4,origin grain free puppy,0.25,0.75,0.0,4,1,3,0,grain,3607
control,l1_hybrid,4,orijen grain free,0.25,0.75,0.0,4,1,3,0,grain,1665
control,l1_hybrid,4,orijen grain free cat,0.25,0.75,0.0,4,1,3,0,grain,1533
control,l1_hybrid,4,orijen grain free dog,0.25,0.75,0.0,4,1,3,0,grain,2373
control,l1_hybrid,4,orijen grain free dog food,0.25,0.75,0.0,4,1,3,0,grain,2503
control,l1_hybrid,4,orijen grain free puppy,0.5,0.5,0.0,4,2,2,0,grain,2493
control,l1_hybrid,4,orijen grain free treats,0.0,1.0,0.0,4,0,4,0,grain,1785
control,l1_hybrid,4,pate grain free cat food,0.0,1.0,0.0,4,0,4,0,grain,1105
control,l1_hybrid,4,pea free dog food,1.0,0.0,0.0,4,4,0,0,pea,5939
control,l1_hybrid,4,pet safe easy walk no pull harness,0.75,0.25,0.0,4,3,1,0,pull,1953
control,l1_hybrid,4,pigeon feed no corn,0.75,0.25,0.0,4,3,1,0,corn,3687
control,l1_hybrid,4,pigeon food no corn,0.75,0.25,0.0,4,3,1,0,corn,1756
control,l1_hybrid,4,pork chomps rawhide free,0.0,1.0,0.0,4,0,4,0,rawhide,129324
control,l1_hybrid,4,pork chomps rawhide free dog bones,0.0,1.0,0.0,4,0,4,0,rawhide,3737
control,l1_hybrid,4,poultry free,1.0,0.0,0.0,4,4,0,0,poultry,2348
control,l1_hybrid,4,poultry free cat food,1.0,0.0,0.0,4,4,0,0,poultry,1975
control,l1_hybrid,4,poultry free dog food,0.75,0.0,0.25,4,3,0,1,poultry,17789
control,l1_hybrid,4,poultry free dog treats,1.0,0.0,0.0,4,4,0,0,poultry,1753
control,l1_hybrid,4,poultry free wet dog food,1.0,0.0,0.0,4,4,0,0,poultry,1701
control,l1_hybrid,4,pro plan grain free,1.0,0.0,0.0,4,4,0,0,grain,1681
control,l1_hybrid,4,protein free dog treats,1.0,0.0,0.0,4,4,0,0,protein,5096
control,l1_hybrid,4,puppy food chicken free,0.75,0.0,0.25,4,3,0,1,chicken,1032
control,l1_hybrid,4,puppy food grain free,0.0,1.0,0.0,4,0,4,0,grain,7002
control,l1_hybrid,4,puppy food no chicken,1.0,0.0,0.0,4,4,0,0,chicken,2518
control,l1_hybrid,4,puppy food with no chicken,1.0,0.0,0.0,4,4,0,0,chicken,1040
control,l1_hybrid,4,puppy food without chicken,1.0,0.0,0.0,4,4,0,0,chicken,1606
control,l1_hybrid,4,puppy grain free,0.0,1.0,0.0,4,0,4,0,grain,1298
control,l1_hybrid,4,puppy grain free food,0.0,1.0,0.0,4,0,4,0,grain,1140
control,l1_hybrid,4,pure balance grain free,0.5,0.5,0.0,4,2,2,0,grain,11504
control,l1_hybrid,4,purina beneful grain free,0.75,0.0,0.25,4,3,0,1,grain,1945
control,l1_hybrid,4,purina beyond grain free cat food,0.5,0.25,0.25,4,2,1,1,grain,8992
control,l1_hybrid,4,purina beyond grain free dog food,0.0,1.0,0.0,4,0,4,0,grain,3884
control,l1_hybrid,4,purina beyond grain free dry cat food,1.0,0.0,0.0,4,4,0,0,grain,2080
control,l1_hybrid,4,purina cat food grain free,0.0,1.0,0.0,4,0,4,0,grain,5440
control,l1_hybrid,4,purina cat grain free,0.75,0.25,0.0,4,3,1,0,grain,1273
control,l1_hybrid,4,purina grain free,0.25,0.75,0.0,4,1,3,0,grain,8189
control,l1_hybrid,4,purina grain free cat food,0.0,1.0,0.0,4,0,4,0,grain,2326
control,l1_hybrid,4,purina grain free dog food,0.25,0.75,0.0,4,1,3,0,grain,3037
control,l1_hybrid,4,purina grain free dry cat food,0.75,0.25,0.0,4,3,1,0,grain,19168
control,l1_hybrid,4,purina grain free dry dog food,0.5,0.5,0.0,4,2,2,0,grain,8138
control,l1_hybrid,4,purina grain free wet cat food,0.0,1.0,0.0,4,0,4,0,grain,7458
control,l1_hybrid,4,purina grain free wet dog food,0.0,1.0,0.0,4,0,4,0,grain,2342
control,l1_hybrid,4,purina one grain free,0.5,0.5,0.0,4,2,2,0,grain,4066
control,l1_hybrid,4,purina one grain free cat food,0.0,1.0,0.0,4,0,4,0,grain,1649
control,l1_hybrid,4,purina one grain free dog food,0.5,0.5,0.0,4,2,2,0,grain,5270
control,l1_hybrid,4,purina one grain free dry cat food,0.75,0.0,0.25,4,3,0,1,grain,5886
control,l1_hybrid,4,purina one grain free wet cat food,0.0,1.0,0.0,4,0,4,0,grain,17042
control,l1_hybrid,4,purina one wet cat food grain free,0.0,1.0,0.0,4,0,4,0,grain,1114
control,l1_hybrid,4,purina pro plan for cats grain free,0.0,1.0,0.0,4,0,4,0,grain,1589
control,l1_hybrid,4,purina pro plan for dogs grain free,0.25,0.75,0.0,4,1,3,0,grain,975
control,l1_hybrid,4,purina pro plan grain free,0.75,0.25,0.0,4,3,1,0,grain,7034
control,l1_hybrid,4,python no spill,0.75,0.25,0.0,4,3,1,0,spill,5465
control,l1_hybrid,4,rachel ray grain free dog food,0.0,1.0,0.0,4,0,4,0,grain,4812
control,l1_hybrid,4,raw hide free,0.0,1.0,0.0,4,0,4,0,rawhide,2193
control,l1_hybrid,4,raw hide free bones,0.25,0.75,0.0,4,1,3,0,rawhide,3187
control,l1_hybrid,4,raw hide free dog bones,1.0,0.0,0.0,4,4,0,0,rawhide,1011
control,l1_hybrid,4,raw hide free dog chews,0.0,1.0,0.0,4,0,4,0,rawhide,25587
control,l1_hybrid,4,raw hide free large dog chews,0.25,0.75,0.0,4,1,3,0,rawhide,1264
control,l1_hybrid,4,rawhide free,0.0,1.0,0.0,4,0,4,0,rawhide,17055
control,l1_hybrid,4,rawhide free bones,0.25,0.75,0.0,4,1,3,0,rawhide,6443
control,l1_hybrid,4,rawhide free chew,0.0,1.0,0.0,4,0,4,0,rawhide,1282
control,l1_hybrid,4,rawhide free chews,0.0,1.0,0.0,4,0,4,0,rawhide,58043
control,l1_hybrid,4,rawhide free dog bones,0.0,0.75,0.25,4,0,3,1,rawhide,135517
control,l1_hybrid,4,rawhide free dog bones & chews,0.0,1.0,0.0,4,0,4,0,rawhide,1390
control,l1_hybrid,4,rawhide free dog bones & chews for large dogs,0.0,0.75,0.25,4,0,3,1,rawhide,4358
control,l1_hybrid,4,rawhide free dog bones long lasting,0.5,0.5,0.0,4,2,2,0,rawhide,14868
control,l1_hybrid,4,rawhide free dog chews,0.0,1.0,0.0,4,0,4,0,rawhide,6526
control,l1_hybrid,4,rawhide free dog chews long lasting,0.0,1.0,0.0,4,0,4,0,rawhide,4471
control,l1_hybrid,4,rawhide free dog treats,0.0,1.0,0.0,4,0,4,0,rawhide,29794
control,l1_hybrid,4,rawhide free sticks,0.0,1.0,0.0,4,0,4,0,rawhide,2264
control,l1_hybrid,4,rawhide free treats,0.0,1.0,0.0,4,0,4,0,rawhide,1840
control,l1_hybrid,4,rice free dog food,0.5,0.5,0.0,4,2,2,0,rice,1195
control,l1_hybrid,4,royal canin grain free,0.75,0.0,0.25,4,3,0,1,grain,2432
control,l1_hybrid,4,salmon dog food grain free,0.0,1.0,0.0,4,0,4,0,grain,975
control,l1_hybrid,4,salmon grain free dog food,0.25,0.75,0.0,4,1,3,0,grain,8103
control,l1_hybrid,4,salt free dog food,0.0,0.0,1.0,4,0,0,4,salt,1015
control,l1_hybrid,4,scent free cat litter,1.0,0.0,0.0,4,4,0,0,scent,2695
control,l1_hybrid,4,scent free litter,0.5,0.25,0.25,4,2,1,1,scent,3172
control,l1_hybrid,4,science diet grain free,1.0,0.0,0.0,4,4,0,0,grain,4491
control,l1_hybrid,4,senior cat food grain free,0.0,1.0,0.0,4,0,4,0,grain,1110
control,l1_hybrid,4,senior dog food grain free,0.0,1.0,0.0,4,0,4,0,grain,1394
control,l1_hybrid,4,senior grain free dog food,0.0,1.0,0.0,4,0,4,0,grain,4724
control,l1_hybrid,4,sheba grain free,0.0,1.0,0.0,4,0,4,0,grain,1917
control,l1_hybrid,4,shell free bird seed,0.0,0.25,0.75,4,0,1,3,shell,1278
control,l1_hybrid,4,small black stroller no zip,0.25,0.75,0.0,4,1,3,0,zip,1046
control,l1_hybrid,4,small breed grain free,0.0,1.0,0.0,4,0,4,0,grain,1509
control,l1_hybrid,4,small breed grain free dog food,0.0,1.0,0.0,4,0,4,0,grain,2340
control,l1_hybrid,4,small breed grain free dry dog food,0.0,1.0,0.0,4,0,4,0,grain,2354
control,l1_hybrid,4,small dog no pull harness,0.0,1.0,0.0,4,0,4,0,pull,1740
control,l1_hybrid,4,small no pull harness,0.5,0.5,0.0,4,2,2,0,pull,1148
control,l1_hybrid,4,soft grain free dog treats,0.0,0.75,0.25,4,0,3,1,grain,2135
control,l1_hybrid,4,soy and corn free chicken feed,0.25,0.75,0.0,4,1,3,0,soy and corn,1287
control,l1_hybrid,4,soy free chicken feed,0.0,1.0,0.0,4,0,4,0,soy,11839
control,l1_hybrid,4,soy free horse feed,0.0,1.0,0.0,4,0,4,0,soy,5431
control,l1_hybrid,4,soy free layer feed,0.0,1.0,0.0,4,0,4,0,soy,1175
control,l1_hybrid,4,sporn mesh no pull dog harness,1.0,0.0,0.0,4,4,0,0,pull,7687
control,l1_hybrid,4,stella and chewy grain free,0.0,1.0,0.0,4,0,4,0,grain,1117
control,l1_hybrid,4,stink free,0.0,1.0,0.0,4,0,4,0,stink,3161
control,l1_hybrid,4,stuffing free,0.0,1.0,0.0,4,0,4,0,stuffing,6904
control,l1_hybrid,4,stuffing free dog toy,0.0,1.0,0.0,4,0,4,0,stuffing,4687
control,l1_hybrid,4,stuffing free dog toys,0.0,1.0,0.0,4,0,4,0,stuffing,142348
control,l1_hybrid,4,stuffing free dog toys large,0.0,1.0,0.0,4,0,4,0,stuffing,21225
control,l1_hybrid,4,stuffing free dog toys small,0.0,1.0,0.0,4,0,4,0,stuffing,6376
control,l1_hybrid,4,stuffing free toy,0.0,1.0,0.0,4,0,4,0,stuffing,2294
control,l1_hybrid,4,stuffing free toys,0.0,1.0,0.0,4,0,4,0,stuffing,1123
control,l1_hybrid,4,stuffing-free,0.0,1.0,0.0,4,0,4,0,stuffing,1079
control,l1_hybrid,4,suet cakes for wild birds no melt,0.0,1.0,0.0,4,0,4,0,melt,7772
control,l1_hybrid,4,sugar free,0.25,0.75,0.0,4,1,3,0,sugar,1515
control,l1_hybrid,4,sugar free dog treats,0.0,0.0,1.0,4,0,0,4,sugar,9955
control,l1_hybrid,4,sugar free horse treats,0.5,0.25,0.25,4,2,1,1,sugar,8411
control,l1_hybrid,4,taste of the wild dog food grain free,0.0,1.0,0.0,4,0,4,0,grain,1243
control,l1_hybrid,4,taste of the wild grain free,0.0,1.0,0.0,4,0,4,0,grain,2805
control,l1_hybrid,4,taste of the wild grain free dog food,0.25,0.75,0.0,4,1,3,0,grain,8357
control,l1_hybrid,4,taste of the wild high prairie grain-free dry dog food,0.25,0.75,0.0,4,1,3,0,grain,1435
control,l1_hybrid,4,tear free dog shampoo,1.0,0.0,0.0,4,4,0,0,tear,7647
control,l1_hybrid,4,the honest kitchen for dogs grain free,0.0,1.0,0.0,4,0,4,0,grain,1325
control,l1_hybrid,4,the honest kitchen grain free,0.5,0.5,0.0,4,2,2,0,grain,2403
control,l1_hybrid,4,tidy cats free,0.6666666666666666,0.3333333333333333,0.0,3,2,1,0,free,1197
control,l1_hybrid,4,tidy cats free & clean unscented,0.5,0.5,0.0,4,2,2,0,unscented,999
control,l1_hybrid,4,tidy cats free and clean unscented,0.5,0.5,0.0,4,2,2,0,unscented,7587
control,l1_hybrid,4,tidy cats non clumping litter for cats,0.75,0.25,0.0,4,3,1,0,non clumping,2835
control,l1_hybrid,4,tiny tiger grain free,0.0,1.0,0.0,4,0,4,0,grain,1318
control,l1_hybrid,4,toy no stuffing,0.0,1.0,0.0,4,0,4,0,stuffing,1060
control,l1_hybrid,4,toys no stuffing,0.0,1.0,0.0,4,0,4,0,stuffing,1635
control,l1_hybrid,4,toys with no stuffing,0.0,1.0,0.0,4,0,4,0,stuffing,4057
control,l1_hybrid,4,treats for dogs with no teeth,0.75,0.25,0.0,4,3,1,0,teeth,1406
control,l1_hybrid,4,tuffy no stuff,0.0,1.0,0.0,4,0,4,0,stuff,1489
control,l1_hybrid,4,turkey grain free,0.25,0.75,0.0,4,1,3,0,grain,1309
control,l1_hybrid,4,ultra grain free,0.25,0.75,0.0,4,1,3,0,grain,978
control,l1_hybrid,4,unscented dust free cat litter,0.5,0.0,0.5,4,2,0,2,"dust, scent",1132
control,l1_hybrid,4,unscented dust free clumping cat litter,1.0,0.0,0.0,4,4,0,0,unscented,972
control,l1_hybrid,4,unscented dust free litter,0.0,1.0,0.0,4,0,4,0,"unscented
dust",1250
control,l1_hybrid,4,unscented non clumping cat litter,1.0,0.0,0.0,4,4,0,0,non clumping,7305
control,l1_hybrid,4,vetivex veterinary dehp free lactated ringers electrolyte injection solution 1000-ml,0.25,0.0,0.75,4,1,0,3,dehp,5570
control,l1_hybrid,4,victor grain free,0.75,0.25,0.0,4,3,1,0,grain,2601
control,l1_hybrid,4,victor grain free dog food,0.25,0.75,0.0,4,1,3,0,grain,5635
control,l1_hybrid,4,victor hi-pro plus 30/20 active sporting high protein gluten-free dry dog food,0.0,0.75,0.25,4,0,3,1,gluten,1151
control,l1_hybrid,4,wag grain free dog food,0.0,1.0,0.0,4,0,4,0,grain,3193
control,l1_hybrid,4,waste free bird seed,0.0,1.0,0.0,4,0,4,0,waste,4797
control,l1_hybrid,4,waste free wild bird seed,0.0,1.0,0.0,4,0,4,0,waste,12115
control,l1_hybrid,4,water bowl no spill,0.75,0.0,0.25,4,3,0,1,spill,2058
control,l1_hybrid,4,weight management dog food no chicken,1.0,0.0,0.0,4,4,0,0,chicken,1021
control,l1_hybrid,4,wellness core grain free,0.0,1.0,0.0,4,0,4,0,grain,1527
control,l1_hybrid,4,wellness core grain free cat food,0.0,1.0,0.0,4,0,4,0,grain,2510
control,l1_hybrid,4,wellness core grain free dog food,0.0,1.0,0.0,4,0,4,0,grain,8637
control,l1_hybrid,4,wellness dry dog food grain free,0.0,1.0,0.0,4,0,4,0,grain,2057
control,l1_hybrid,4,wellness grain free,0.0,1.0,0.0,4,0,4,0,grain,1617
control,l1_hybrid,4,wellness grain free cat food,0.0,1.0,0.0,4,0,4,0,grain,2248
control,l1_hybrid,4,wellness grain free dog food,0.0,1.0,0.0,4,0,4,0,grain,4682
control,l1_hybrid,4,wet cat food grain free,0.0,1.0,0.0,4,0,4,0,grain,16508
control,l1_hybrid,4,wet dog food grain free,0.0,1.0,0.0,4,0,4,0,grain,6455
control,l1_hybrid,4,wet dog food no chicken,1.0,0.0,0.0,4,4,0,0,chicken,1981
control,l1_hybrid,4,wet dog food without chicken,1.0,0.0,0.0,4,4,0,0,chicken,1194
control,l1_hybrid,4,wet grain free cat food,0.0,1.0,0.0,4,0,4,0,grain,4900
control,l1_hybrid,4,wet grain free dog food,0.0,1.0,0.0,4,0,4,0,grain,4103
control,l1_hybrid,4,wet kitten food grain free,0.0,1.0,0.0,4,0,4,0,grain,2250
control,l1_hybrid,4,wheat free cat food,0.0,0.75,0.25,4,0,3,1,wheat,5111
control,l1_hybrid,4,wheat free dog food,0.0,0.75,0.25,4,0,3,1,wheat,6961
control,l1_hybrid,4,wheat free dog treats,0.0,1.0,0.0,4,0,4,0,wheat,9289
control,l1_hybrid,4,wheat free puppy food,0.0,1.0,0.0,4,0,4,0,wheat,4122
control,l1_hybrid,4,whole earth farms grain-free,0.5,0.5,0.0,4,2,2,0,grain,5914
control,l1_hybrid,4,whole hearted grain free,0.5,0.5,0.0,4,2,2,0,grain,1214
control,l1_hybrid,4,wholesome grain free,0.25,0.75,0.0,4,1,3,0,grain,2131
control,l1_hybrid,4,wholesomes grain free dog food,0.0,1.0,0.0,4,0,4,0,grain,2158
control,l1_hybrid,4,wild bird seed no waste,0.0,1.0,0.0,4,0,4,0,waste,14889
control,l1_hybrid,4,yeast free dog food,0.5,0.0,0.5,4,2,0,2,yeast,6961
control,l1_hybrid,10,2 hounds design freedom no pull dog harness,0.7,0.0,0.3,10,7,0,3,pull,13268
control,l1_hybrid,10,acana grain free,0.1,0.9,0.0,10,1,9,0,grain,1372
control,l1_hybrid,10,acana grain free cat,0.0,0.6,0.4,10,0,6,4,grain,1699
control,l1_hybrid,10,acana grain-free food for dogs,0.3,0.7,0.0,10,3,7,0,grain,3087
control,l1_hybrid,10,adjustable no pull harness,0.8,0.0,0.2,10,8,0,2,pull,974
control,l1_hybrid,10,aller free,0.5,0.5,0.0,10,5,5,0,aller,974
control,l1_hybrid,10,allergy free cat food,0.4,0.6,0.0,10,4,6,0,allergy,1923
control,l1_hybrid,10,allergy free dog food,0.1,0.9,0.0,10,1,9,0,allergy,2462
control,l1_hybrid,10,allergy free dog treats,0.5,0.4,0.1,10,5,4,1,allergy,4371
control,l1_hybrid,10,american journey grain free,0.2,0.8,0.0,10,2,8,0,grain,1049
control,l1_hybrid,10,american journey grain free dog food,0.3,0.7,0.0,10,3,7,0,grain,3336
control,l1_hybrid,10,audubon park waste free,0.2,0.8,0.0,10,2,8,0,waste free,2251
control,l1_hybrid,10,bark collar no shock,0.4,0.2,0.4,10,4,2,4,shock,3859
control,l1_hybrid,10,barkworthies odor free bully sticks,0.0,1.0,0.0,10,0,10,0,odor,3939
control,l1_hybrid,10,beef dog food grain free,0.0,1.0,0.0,10,0,10,0,grain,1044
control,l1_hybrid,10,beef grain free dog food,0.1,0.9,0.0,10,1,9,0,grain,2045
control,l1_hybrid,10,beneful grain free,0.6,0.4,0.0,10,6,4,0,grain,1604
control,l1_hybrid,10,best bully sticks odor free,0.0,1.0,0.0,10,0,10,0,odor,2943
control,l1_hybrid,10,best no pull harness,0.5,0.5,0.0,10,5,5,0,pull,1798
control,l1_hybrid,10,beyond dry cat food grain free,0.3,0.6,0.1,10,3,6,1,grain,5250
control,l1_hybrid,10,beyond grain free,0.3,0.7,0.0,10,3,7,0,grain,2372
control,l1_hybrid,10,beyond grain free cat food dry,0.6,0.4,0.0,10,6,4,0,grain,3779
control,l1_hybrid,10,beyond grain free dry cat food,0.6,0.4,0.0,10,6,4,0,grain,2175
control,l1_hybrid,10,beyond grain free wet cat food,0.3,0.6,0.1,10,3,6,1,grain,1433
control,l1_hybrid,10,beyond simply grain free cat food,0.6,0.3,0.1,10,6,3,1,grain,3366
control,l1_hybrid,10,bird food wild no mess,0.0,0.6,0.4,10,0,6,4,mess,1138
control,l1_hybrid,10,bird seed no mess,0.0,0.6,0.4,10,0,6,4,mess,1067
control,l1_hybrid,10,bird seed no waste,0.0,0.8,0.2,10,0,8,2,waste,3357
control,l1_hybrid,10,bird seed wild no mess,0.0,0.6,0.4,10,0,6,4,mess,3963
control,l1_hybrid,10,bird seed wild no waste,0.1,0.8,0.1,10,1,8,1,waste,16977
control,l1_hybrid,10,bird suet cakes no melt,0.4,0.4,0.2,10,4,4,2,melt,3661
control,l1_hybrid,10,blue buffalo chicken free,1.0,0.0,0.0,10,10,0,0,chicken,3208
control,l1_hybrid,10,blue buffalo dog food grain free,0.0,1.0,0.0,10,0,10,0,grain,5564
control,l1_hybrid,10,blue buffalo freedom grain free,0.0,1.0,0.0,10,0,10,0,grain,2312
control,l1_hybrid,10,blue buffalo grain free,0.1,0.9,0.0,10,1,9,0,grain,6671
control,l1_hybrid,10,blue buffalo grain free cat food,0.4,0.5,0.1,10,4,5,1,grain,9576
control,l1_hybrid,10,blue buffalo grain free dog food,0.1,0.9,0.0,10,1,9,0,grain,18964
control,l1_hybrid,10,blue buffalo grain free dry cat food,0.3,0.7,0.0,10,3,7,0,grain,1161
control,l1_hybrid,10,blue buffalo grain free dry dog food,0.1,0.9,0.0,10,1,9,0,grain,1574
control,l1_hybrid,10,blue buffalo grain free wet cat food,0.0,1.0,0.0,10,0,10,0,grain,1737
control,l1_hybrid,10,blue buffalo grain free wet dog food,0.0,0.8,0.2,10,0,8,2,grain,1694
control,l1_hybrid,10,blue buffalo no chicken,0.9,0.1,0.0,10,9,1,0,chicken,1087
control,l1_hybrid,10,blue buffalo wet dog food grain free,0.0,1.0,0.0,10,0,10,0,grain,989
control,l1_hybrid,10,blue freedom grain free,0.0,1.0,0.0,10,0,10,0,grain,2100
control,l1_hybrid,10,blue grain free,0.0,1.0,0.0,10,0,10,0,grain,1423
control,l1_hybrid,10,bones & chews all natural grain-free jerky,0.0,0.5,0.5,10,0,5,5,grain,4977
control,l1_hybrid,10,bpa free litter box,0.0,0.0,1.0,10,0,0,10,bpa,1302
control,l1_hybrid,10,bully stick odor free,0.0,1.0,0.0,10,0,10,0,odor,2368
control,l1_hybrid,10,bully sticks for dogs odor free,0.0,1.0,0.0,10,0,10,0,odor,4428
control,l1_hybrid,10,bully sticks odor free,0.1,0.9,0.0,10,1,9,0,odor,4104
control,l1_hybrid,10,calcium without d3,0.5,0.5,0.0,10,5,5,0,d3,1856
control,l1_hybrid,10,canidae grain free,0.0,1.0,0.0,10,0,10,0,grain,4014
control,l1_hybrid,10,canidae grain free dog food,0.0,1.0,0.0,10,0,10,0,grain,2888
control,l1_hybrid,10,canine naturals hide free,0.2,0.8,0.0,10,2,8,0,hide,7376
control,l1_hybrid,10,canned cat food grain free,0.0,1.0,0.0,10,0,10,0,grain,3121
control,l1_hybrid,10,canned dog food grain free,0.0,1.0,0.0,10,0,10,0,grain,5595
control,l1_hybrid,10,canned grain free dog food,0.1,0.9,0.0,10,1,9,0,grain,2676
control,l1_hybrid,10,cat collar no bell,1.0,0.0,0.0,10,10,0,0,bell,3873
control,l1_hybrid,10,cat dewormer no prescription,0.3,0.3,0.4,10,3,3,4,prescription,23133
control,l1_hybrid,10,cat dry food grain free,0.0,1.0,0.0,10,0,10,0,grain,4630
control,l1_hybrid,10,cat food dry grain free,0.0,1.0,0.0,10,0,10,0,grain,3203
control,l1_hybrid,10,cat food grain free,0.0,1.0,0.0,10,0,10,0,grain,19117
control,l1_hybrid,10,cat food no chicken,0.9,0.0,0.1,10,9,0,1,chicken,2783
control,l1_hybrid,10,cat food organic grain free,0.0,0.8,0.2,10,0,8,2,grain,4534
control,l1_hybrid,10,cat food pate grain free,0.0,1.0,0.0,10,0,10,0,grain,2011
control,l1_hybrid,10,cat food wet grain free,0.0,1.0,0.0,10,0,10,0,grain,8309
control,l1_hybrid,10,cat food with no additives,0.5,0.0,0.5,10,5,0,5,additives,1600
control,l1_hybrid,10,cat grain free pate,0.0,1.0,0.0,10,0,10,0,grain,1150
control,l1_hybrid,10,cat kibble grain free,0.0,1.0,0.0,10,0,10,0,grain,2832
control,l1_hybrid,10,cat litter dust free,0.0,0.3,0.7,10,0,3,7,dust,10997
control,l1_hybrid,10,cat litter fragrance free,0.3,0.7,0.0,10,3,7,0,fragrance,1351
control,l1_hybrid,10,cat litter no dust,0.1,0.2,0.7,10,1,2,7,dust,8050
control,l1_hybrid,10,cat litter no scent,1.0,0.0,0.0,10,10,0,0,scent,2160
control,l1_hybrid,10,cat litter no tracking,0.6,0.1,0.3,10,6,1,3,tracking,3408
control,l1_hybrid,10,cat no pee,0.8,0.2,0.0,10,8,2,0,pee,1037
control,l1_hybrid,10,cat no scratch,0.9,0.1,0.0,10,9,1,0,scratch,1427
control,l1_hybrid,10,cat toys no catnip,1.0,0.0,0.0,10,10,0,0,catnip,1519
control,l1_hybrid,10,cat toys without catnip,1.0,0.0,0.0,4,4,0,0,catnip,1579
control,l1_hybrid,10,cat treats grain free,0.0,1.0,0.0,10,0,10,0,grain,9966
control,l1_hybrid,10,cat treats no chicken,1.0,0.0,0.0,10,10,0,0,chicken,1187
control,l1_hybrid,10,cat tree no carpet,1.0,0.0,0.0,10,10,0,0,carpet,1496
control,l1_hybrid,10,cat wet food grain free,0.0,1.0,0.0,10,0,10,0,grain,9500
control,l1_hybrid,10,charlee bear grain free crunch,0.1,0.8,0.1,10,1,8,1,grain,4712
control,l1_hybrid,10,chew bones rawhide free,0.2,0.8,0.0,10,2,8,0,rawhide,1195
control,l1_hybrid,10,chew no poo,1.0,0.0,0.0,10,10,0,0,poo,2280
control,l1_hybrid,10,chew no poop,1.0,0.0,0.0,10,10,0,0,poop,2803
control,l1_hybrid,10,chews no rawhide,0.2,0.8,0.0,10,2,8,0,rawhide,8496
control,l1_hybrid,10,chick starter feed non medicated,0.5,0.5,0.0,10,5,5,0,medicated,5619
control,l1_hybrid,10,chicken and grain free dog food,0.2,0.8,0.0,10,2,8,0,grain,1266
control,l1_hybrid,10,chicken feed non gmo,1.0,0.0,0.0,10,10,0,0,non gmo,2267
control,l1_hybrid,10,chicken feed soy free,0.0,1.0,0.0,10,0,10,0,soy,1293
control,l1_hybrid,10,chicken free,0.6,0.3,0.1,10,6,3,1,chicken,4487
control,l1_hybrid,10,chicken free canned dog food,0.9,0.1,0.0,10,9,1,0,chicken,1444
control,l1_hybrid,10,chicken free cat food,0.9,0.0,0.1,10,9,0,1,chicken,14097
control,l1_hybrid,10,chicken free cat treats,1.0,0.0,0.0,10,10,0,0,chicken,6356
control,l1_hybrid,10,chicken free dog bones,1.0,0.0,0.0,10,10,0,0,chicken,968
control,l1_hybrid,10,chicken free dog chews,0.9,0.0,0.1,10,9,0,1,chicken,978
control,l1_hybrid,10,chicken free dog food,0.7,0.3,0.0,10,7,3,0,chicken,38479
control,l1_hybrid,10,chicken free dog treat,0.7,0.1,0.2,10,7,1,2,chicken,1429
control,l1_hybrid,10,chicken free dog treats,0.6,0.0,0.4,10,6,0,4,chicken,68590
control,l1_hybrid,10,chicken free dry cat food,1.0,0.0,0.0,10,10,0,0,chicken,3842
control,l1_hybrid,10,chicken free dry dog food,0.9,0.1,0.0,10,9,1,0,chicken,124263
control,l1_hybrid,10,chicken free dry dog food for sensitive skin,0.2,0.6,0.2,10,2,6,2,chicken,1228
control,l1_hybrid,10,chicken free dry puppy food,0.8,0.0,0.2,10,8,0,2,chicken,1272
control,l1_hybrid,10,chicken free large breed puppy food,0.9,0.0,0.1,10,9,0,1,chicken,979
control,l1_hybrid,10,chicken free pill pockets,0.4,0.3,0.3,10,4,3,3,chicken,3116
control,l1_hybrid,10,chicken free puppy food,0.9,0.0,0.1,10,9,0,1,chicken,5340
control,l1_hybrid,10,chicken free treat,0.8,0.0,0.2,10,8,0,2,chicken,1329
control,l1_hybrid,10,chicken free treats,0.7,0.0,0.3,10,7,0,3,chicken,3686
control,l1_hybrid,10,chicken free weight control,0.8,0.1,0.1,10,8,1,1,chicken,1015
control,l1_hybrid,10,chicken free wet cat food,1.0,0.0,0.0,10,10,0,0,chicken,3583
control,l1_hybrid,10,chicken free wet dog food,0.6,0.3,0.1,10,6,3,1,chicken,19833
control,l1_hybrid,10,chicken-free cat food,0.6,0.0,0.4,10,6,0,4,chicken,6561
control,l1_hybrid,10,chicken-free dog food,0.2,0.7,0.1,10,2,7,1,chicken,3218
control,l1_hybrid,10,chicken-free dry dog food,0.4,0.6,0.0,10,4,6,0,chicken,5068
control,l1_hybrid,10,chicken-free wet dog food,0.5,0.3,0.2,10,5,3,2,chicken,3656
control,l1_hybrid,10,choke free harness,0.0,1.0,0.0,10,0,10,0,choke,1536
control,l1_hybrid,10,churu grain free,0.0,1.0,0.0,10,0,10,0,grain,1142
control,l1_hybrid,10,clumping cat litter dust free,0.0,0.0,1.0,10,0,0,10,dust,7057
control,l1_hybrid,10,cockatiel food no sunflower seeds,0.5,0.1,0.4,10,5,1,4,sunflower seeds,3792
control,l1_hybrid,10,corn and soy free chicken feed,0.3,0.7,0.0,10,3,7,0,corn and soy,2593
control,l1_hybrid,10,corn free chicken feed,0.1,0.9,0.0,10,1,9,0,corn,6014
control,l1_hybrid,10,corn free chicken scratch,0.6,0.3,0.1,10,6,3,1,corn,2220
control,l1_hybrid,10,corn free dog food,0.0,0.9,0.1,10,0,9,1,corn,6183
control,l1_hybrid,10,corn free dry cat food,0.0,1.0,0.0,10,0,10,0,corn,1013
control,l1_hybrid,10,cough free horse,0.4,0.6,0.0,10,4,6,0,free,6820
control,l1_hybrid,10,country kitchen rawhide free twists,0.1,0.9,0.0,10,1,9,0,rawhide,1202
control,l1_hybrid,10,crunchy grain free dog treats,0.1,0.9,0.0,10,1,9,0,grain,1432
control,l1_hybrid,10,delectables non seafood,0.0,1.0,0.0,10,0,10,0,seafood,1668
control,l1_hybrid,10,diamond grain free,0.8,0.2,0.0,10,8,2,0,grain,2150
control,l1_hybrid,10,diamond grain free dog food,0.5,0.5,0.0,10,5,5,0,grain,9975
control,l1_hybrid,10,diamond natural grain free,0.9,0.1,0.0,10,9,1,0,grain,2679
control,l1_hybrid,10,diamond naturals grain free,0.6,0.3,0.1,10,6,3,1,grain,4384
control,l1_hybrid,10,diamond naturals grain free dog food,0.7,0.2,0.1,10,7,2,1,grain,4547
control,l1_hybrid,10,dog bone rawhide free,0.6,0.4,0.0,10,6,4,0,rawhide,1437
control,l1_hybrid,10,dog bones no rawhide,0.9,0.1,0.0,10,9,1,0,rawhide,8198
control,l1_hybrid,10,dog bones rawhide free,0.6,0.3,0.1,10,6,3,1,rawhide,22731
control,l1_hybrid,10,dog chews rawhide free,0.1,0.9,0.0,10,1,9,0,rawhide,80267
control,l1_hybrid,10,dog dry food grain free,0.0,1.0,0.0,10,0,10,0,grain,2653
control,l1_hybrid,10,dog food chicken free,0.7,0.3,0.0,10,7,3,0,chicken,4370
control,l1_hybrid,10,dog food dry grain free,0.0,1.0,0.0,10,0,10,0,grain,3977
control,l1_hybrid,10,dog food grain free,0.0,1.0,0.0,10,0,10,0,grain,27813
control,l1_hybrid,10,dog food grain free large breed,0.1,0.9,0.0,10,1,9,0,grain,5771
control,l1_hybrid,10,dog food grain free non-gmo,0.0,1.0,0.0,10,0,10,0,grain,988
control,l1_hybrid,10,dog food no chicken,0.5,0.4,0.1,10,5,4,1,chicken,12053
control,l1_hybrid,10,dog food no corn,0.0,1.0,0.0,10,0,10,0,corn,1250
control,l1_hybrid,10,dog food no grain,0.0,1.0,0.0,10,0,10,0,grain,2517
control,l1_hybrid,10,dog food poultry free,0.8,0.1,0.1,10,8,1,1,poultry,1332
control,l1_hybrid,10,dog food with no chicken,0.4,0.5,0.1,10,4,5,1,chicken,9753
control,l1_hybrid,10,dog food without chicken,0.2,0.7,0.1,10,2,7,1,chicken,11590
control,l1_hybrid,10,dog harness large no pull,0.8,0.2,0.0,10,8,2,0,pull,5076
control,l1_hybrid,10,dog harness medium no pull,0.9,0.1,0.0,10,9,1,0,pull,3091
control,l1_hybrid,10,dog harness no escape,0.4,0.6,0.0,10,4,6,0,escape,1062
control,l1_hybrid,10,dog harness no pull,0.2,0.8,0.0,10,2,8,0,pull,76414
control,l1_hybrid,10,dog no pull harness,0.0,1.0,0.0,10,0,10,0,pull,9874
control,l1_hybrid,10,dog non rawhide chews,0.8,0.2,0.0,10,8,2,0,rawhide,1730
control,l1_hybrid,10,dog rawhide free bones,0.3,0.7,0.0,10,3,7,0,rawhide,1370
control,l1_hybrid,10,dog rawhide free treats,0.1,0.9,0.0,10,1,9,0,rawhide,2749
control,l1_hybrid,10,dog stroller no zip,0.0,0.8,0.2,10,0,8,2,zip,1065
control,l1_hybrid,10,dog toy no squeak,0.9,0.1,0.0,10,9,1,0,squeak,1212
control,l1_hybrid,10,dog toy no squeaker,1.0,0.0,0.0,10,10,0,0,squeaker,1524
control,l1_hybrid,10,dog toy no stuffing,0.0,1.0,0.0,10,0,10,0,stuffing,10254
control,l1_hybrid,10,dog toy stuffing free,0.0,1.0,0.0,10,0,10,0,stuffing,1322
control,l1_hybrid,10,dog toys for large dogs no stuffing,0.1,0.9,0.0,10,1,9,0,stuffing,7409
control,l1_hybrid,10,dog toys no squeak,0.9,0.1,0.0,10,9,1,0,squeak,1702
control,l1_hybrid,10,dog toys no stuffing,0.0,1.0,0.0,10,0,10,0,stuffing,28211
control,l1_hybrid,10,dog toys small dogs stuffing free,0.0,1.0,0.0,10,0,10,0,stuffing,1156
control,l1_hybrid,10,dog toys stuffing free,0.0,1.0,0.0,10,0,10,0,stuffing,2442
control,l1_hybrid,10,dog toys with no stuffing,0.0,1.0,0.0,10,0,10,0,stuffing,7273
control,l1_hybrid,10,dog treats chicken free,1.0,0.0,0.0,10,10,0,0,chicken,1452
control,l1_hybrid,10,dog treats for dogs with no teeth,0.8,0.1,0.1,10,8,1,1,teeth,3257
control,l1_hybrid,10,dog treats for large dogs grain free,0.2,0.8,0.0,10,2,8,0,grain,1206
control,l1_hybrid,10,dog treats grain free,0.2,0.8,0.0,10,2,8,0,grain,13152
control,l1_hybrid,10,dog treats no chicken,1.0,0.0,0.0,10,10,0,0,chicken,4753
control,l1_hybrid,10,dog treats no rawhide,0.7,0.3,0.0,10,7,3,0,rawhide,2246
control,l1_hybrid,10,dog treats rawhide free,0.1,0.9,0.0,10,1,9,0,rawhide,3261
control,l1_hybrid,10,dog treats with no chicken,1.0,0.0,0.0,10,10,0,0,chicken,1095
control,l1_hybrid,10,dog treats without chicken,0.7,0.1,0.2,10,7,1,2,chicken,4721
control,l1_hybrid,10,dog water bowl no spill,0.3,0.6,0.1,10,3,6,1,spill,23089
control,l1_hybrid,10,dog wet food grain free,0.0,1.0,0.0,10,0,10,0,grain,1300
control,l1_hybrid,10,dry cat food grain free,0.0,1.0,0.0,10,0,10,0,grain,10528
control,l1_hybrid,10,dry cat food no chicken,1.0,0.0,0.0,10,10,0,0,chicken,999
control,l1_hybrid,10,dry cat food no grain,0.0,1.0,0.0,10,0,10,0,grain,974
control,l1_hybrid,10,dry dog food chicken free,0.9,0.1,0.0,10,9,1,0,chicken,1536
control,l1_hybrid,10,dry dog food grain free,0.0,1.0,0.0,10,0,10,0,grain,7777
control,l1_hybrid,10,dry dog food no chicken,0.8,0.2,0.0,10,8,2,0,chicken,2481
control,l1_hybrid,10,dry dog food without chicken,0.2,0.4,0.4,10,2,4,4,chicken,1892
control,l1_hybrid,10,dry grain free cat food,0.0,1.0,0.0,10,0,10,0,grain,5998
control,l1_hybrid,10,dry grain free dog food,0.1,0.9,0.0,10,1,9,0,grain,4159
control,l1_hybrid,10,dust free cat litter,0.0,0.3,0.7,10,0,3,7,dust,68627
control,l1_hybrid,10,dust free clumping cat litter,0.1,0.0,0.9,10,1,0,9,dust,33448
control,l1_hybrid,10,dust free clumping litter,0.1,0.1,0.8,10,1,1,8,dust,1145
control,l1_hybrid,10,dust free litter,0.0,0.5,0.5,10,0,5,5,dust,8568
control,l1_hybrid,10,dust free unscented clumping cat litter,0.0,0.0,1.0,10,0,0,10,dust,6504
control,l1_hybrid,10,earth animal no hide,0.0,1.0,0.0,10,0,10,0,hide,7495
control,l1_hybrid,10,earth animal no hide chews,0.0,1.0,0.0,10,0,10,0,hide,2188
control,l1_hybrid,10,earth animal no hide chews large,0.0,1.0,0.0,10,0,10,0,hide,972
control,l1_hybrid,10,earth animal no hide medium,0.0,1.0,0.0,10,0,10,0,hide,1153
control,l1_hybrid,10,earth animal no hide rolls,0.0,1.0,0.0,10,0,10,0,hide,1258
control,l1_hybrid,10,easy walk no pull harness,0.0,1.0,0.0,10,0,10,0,pull,4342
control,l1_hybrid,10,fancy feast grain free,0.3,0.3,0.4,10,3,3,4,grain,2313
control,l1_hybrid,10,fancy feast grain free pate,0.0,0.6,0.4,10,0,6,4,grain,1036
control,l1_hybrid,10,fancy feast grain free wet cat food,0.1,0.6,0.3,10,1,6,3,grain,12994
control,l1_hybrid,10,farmina grain free,0.4,0.6,0.0,10,4,6,0,grain,2750
control,l1_hybrid,10,farmina grain free dog food,0.3,0.7,0.0,10,3,7,0,grain,3081
control,l1_hybrid,10,fat free dog treats,0.5,0.0,0.5,10,5,0,5,fat,7786
control,l1_hybrid,10,fish free cat food,1.0,0.0,0.0,10,10,0,0,fish,1456
control,l1_hybrid,10,fly mask without ears,0.6,0.4,0.0,10,6,4,0,ears,3567
control,l1_hybrid,10,food grain free,0.0,1.0,0.0,10,0,10,0,grain,4785
control,l1_hybrid,10,fragrance free cat litter,0.3,0.6,0.1,10,3,6,1,fragrance,8207
control,l1_hybrid,10,fragrance free dog shampoo,0.1,0.6,0.3,10,1,6,3,fragrance,3644
control,l1_hybrid,10,freedom grain free cat food,0.0,1.0,0.0,10,0,10,0,grain,2773
control,l1_hybrid,10,freedom grain free dog food,0.0,1.0,0.0,10,0,10,0,grain,8393
control,l1_hybrid,10,freedom no pull harness,0.9,0.1,0.0,10,9,1,0,pull,17745
control,l1_hybrid,10,fresh pet grain free,0.0,1.0,0.0,10,0,10,0,grain,3969
control,l1_hybrid,10,fresh pet grain free dog food,0.1,0.9,0.0,10,1,9,0,grain,1711
control,l1_hybrid,10,fresh step cat litter non clumping,0.5,0.5,0.0,10,5,5,0,non clumping,7310
control,l1_hybrid,10,fresh step dust free,0.1,0.0,0.9,10,1,0,9,dust,1279
control,l1_hybrid,10,fresh step non clumping cat litter,0.6,0.4,0.0,10,6,4,0,non clumping,30486
control,l1_hybrid,10,frisco no pull harness,0.6,0.4,0.0,10,6,4,0,pull,1291
control,l1_hybrid,10,frisco padded no pull dog harness,0.5,0.5,0.0,10,5,5,0,pull,1101
control,l1_hybrid,10,frisco stuffing free,0.0,1.0,0.0,10,0,10,0,stuffing,2257
control,l1_hybrid,10,fromm grain free,0.6,0.4,0.0,10,6,4,0,grain,1032
control,l1_hybrid,10,front clip no pull harness,0.5,0.5,0.0,10,5,5,0,pull,1120
control,l1_hybrid,10,gain free dog food,0.1,0.9,0.0,10,1,9,0,gain,977
control,l1_hybrid,10,gluten free,0.0,0.8,0.2,10,0,8,2,gluten,2039
control,l1_hybrid,10,gluten free cat food,0.0,0.9,0.1,10,0,9,1,gluten,8910
control,l1_hybrid,10,gluten free cat treats,0.0,0.5,0.5,10,0,5,5,gluten,1113
control,l1_hybrid,10,gluten free dog food,0.4,0.5,0.1,10,4,5,1,gluten,32569
control,l1_hybrid,10,gluten free dog treats,0.0,0.9,0.1,10,0,9,1,gluten,14910
control,l1_hybrid,10,gluten free dry dog food,0.4,0.6,0.0,10,4,6,0,gluten,1196
control,l1_hybrid,10,gluten free puppy food,0.2,0.8,0.0,10,2,8,0,gluten,1459
control,l1_hybrid,10,gluten free wet cat food,0.0,0.8,0.2,10,0,8,2,gluten,1955
control,l1_hybrid,10,gluten free wet dog food,0.1,0.9,0.0,10,1,9,0,gluten,1696
control,l1_hybrid,10,gmo free dog food,0.0,1.0,0.0,10,0,10,0,gmo,7978
control,l1_hybrid,10,good lovin no rawhide,0.3,0.0,0.7,10,3,0,7,rawhide,1165
control,l1_hybrid,10,grain and chicken free dog food,0.4,0.6,0.0,10,4,6,0,"grain, chicken",1316
control,l1_hybrid,10,grain free,0.0,1.0,0.0,10,0,10,0,grain,27310
control,l1_hybrid,10,grain free adult dog food,0.0,1.0,0.0,10,0,10,0,grain,6444
control,l1_hybrid,10,grain free air dried dog food,0.0,1.0,0.0,10,0,10,0,grain,1151
control,l1_hybrid,10,grain free beef dog food,0.0,1.0,0.0,10,0,10,0,grain,3945
control,l1_hybrid,10,grain free beef dry dog food,0.0,1.0,0.0,10,0,10,0,grain,1022
control,l1_hybrid,10,grain free biscuits,0.1,0.9,0.0,10,1,9,0,grain,1010
control,l1_hybrid,10,grain free blue buffalo dog food,0.1,0.9,0.0,10,1,9,0,grain,1932
control,l1_hybrid,10,grain free canned cat food,0.0,1.0,0.0,10,0,10,0,grain,11102
control,l1_hybrid,10,grain free canned dog food,0.0,1.0,0.0,10,0,10,0,grain,12390
control,l1_hybrid,10,grain free cat,0.0,1.0,0.0,10,0,10,0,grain,6488
control,l1_hybrid,10,grain free cat dry food,0.0,1.0,0.0,10,0,10,0,grain,2783
control,l1_hybrid,10,grain free cat food,0.0,1.0,0.0,10,0,10,0,grain,76423
control,l1_hybrid,10,grain free cat food dry,0.0,1.0,0.0,10,0,10,0,grain,14537
control,l1_hybrid,10,grain free cat food wet,0.0,1.0,0.0,10,0,10,0,grain,11361
control,l1_hybrid,10,grain free cat pate,0.0,1.0,0.0,10,0,10,0,grain,1210
control,l1_hybrid,10,grain free cat treat,0.0,1.0,0.0,10,0,10,0,grain,6878
control,l1_hybrid,10,grain free cat treats,0.0,1.0,0.0,10,0,10,0,grain,40628
control,l1_hybrid,10,grain free cat wet food,0.0,1.0,0.0,10,0,10,0,grain,5735
control,l1_hybrid,10,grain free chicken cat food,0.0,1.0,0.0,10,0,10,0,grain,1128
control,l1_hybrid,10,grain free chicken dog food,0.1,0.9,0.0,10,1,9,0,grain,1250
control,l1_hybrid,10,grain free chicken dog treats,0.2,0.8,0.0,10,2,8,0,grain,1542
control,l1_hybrid,10,grain free chicken free dog food,0.8,0.2,0.0,10,8,2,0,"grain, chicken",8785
control,l1_hybrid,10,grain free chicken free dog treats,0.9,0.1,0.0,10,9,1,0,"grain, chicken",4078
control,l1_hybrid,10,grain free chicken pate cat food,0.0,1.0,0.0,10,0,10,0,grain,1418
control,l1_hybrid,10,grain free dental chews,0.0,1.0,0.0,10,0,10,0,grain,5153
control,l1_hybrid,10,grain free diet dog food,0.0,1.0,0.0,10,0,10,0,grain,4566
control,l1_hybrid,10,grain free dog,0.0,1.0,0.0,10,0,10,0,grain,7358
control,l1_hybrid,10,grain free dog biscuits,0.0,1.0,0.0,10,0,10,0,grain,7074
control,l1_hybrid,10,grain free dog bones,0.1,0.9,0.0,10,1,9,0,grain,2681
control,l1_hybrid,10,grain free dog chews,0.0,0.7,0.3,10,0,7,3,grain,1598
control,l1_hybrid,10,grain free dog food,0.0,1.0,0.0,10,0,10,0,grain,611730
control,l1_hybrid,10,grain free dog food 40 lb bag,0.1,0.9,0.0,10,1,9,0,grain,4206
control,l1_hybrid,10,grain free dog food 40lbs,0.1,0.9,0.0,10,1,9,0,grain,5458
control,l1_hybrid,10,grain free dog food dry,0.0,1.0,0.0,10,0,10,0,grain,3723
control,l1_hybrid,10,grain free dog food large breed,0.1,0.9,0.0,10,1,9,0,grain,18579
control,l1_hybrid,10,grain free dog food salmon,0.1,0.9,0.0,10,1,9,0,grain,1725
control,l1_hybrid,10,grain free dog food small breed,0.0,1.0,0.0,10,0,10,0,grain,16175
control,l1_hybrid,10,grain free dog food wet,0.0,1.0,0.0,10,0,10,0,grain,7838
control,l1_hybrid,10,grain free dog kibble,0.0,1.0,0.0,10,0,10,0,grain,1556
control,l1_hybrid,10,grain free dog training treats,0.0,0.9,0.1,10,0,9,1,grain,2820
control,l1_hybrid,10,grain free dog treat,0.2,0.8,0.0,10,2,8,0,grain,10410
control,l1_hybrid,10,grain free dog treats,0.1,0.9,0.0,10,1,9,0,grain,138329
control,l1_hybrid,10,grain free dog treats for large dogs,0.0,1.0,0.0,10,0,10,0,grain,997
control,l1_hybrid,10,grain free dog treats for medium dogs,0.0,1.0,0.0,10,0,10,0,grain,5358
control,l1_hybrid,10,grain free dog treats small breed,0.0,1.0,0.0,10,0,10,0,grain,4076
control,l1_hybrid,10,grain free dog wet food,0.0,1.0,0.0,10,0,10,0,grain,1019
control,l1_hybrid,10,grain free dogfood no probiotic,0.0,0.0,1.0,10,0,0,10,probiotic,982
control,l1_hybrid,10,grain free dry,0.0,1.0,0.0,10,0,10,0,grain,4891
control,l1_hybrid,10,grain free dry adult dog food,0.0,1.0,0.0,10,0,10,0,grain,1350
control,l1_hybrid,10,grain free dry cat food,0.0,1.0,0.0,10,0,10,0,grain,197068
control,l1_hybrid,10,grain free dry dog food,0.0,1.0,0.0,10,0,10,0,grain,56421
control,l1_hybrid,10,grain free dry kitten food,0.0,1.0,0.0,10,0,10,0,grain,6226
control,l1_hybrid,10,grain free duck dog food,0.1,0.9,0.0,10,1,9,0,grain,1431
control,l1_hybrid,10,grain free fancy feast,0.1,0.4,0.5,10,1,4,5,grain,1914
control,l1_hybrid,10,grain free fish dog food,0.1,0.9,0.0,10,1,9,0,grain,2293
control,l1_hybrid,10,grain free food,0.0,1.0,0.0,10,0,10,0,grain,1420
control,l1_hybrid,10,grain free freeze dried dog food,0.0,1.0,0.0,10,0,10,0,grain,1795
control,l1_hybrid,10,grain free fresh dog food,0.1,0.8,0.1,10,1,8,1,grain,1289
control,l1_hybrid,10,grain free fruit dog treats,0.2,0.7,0.1,10,2,7,1,grain,1411
control,l1_hybrid,10,grain free greenies,0.0,0.2,0.8,10,0,2,8,grain,2564
control,l1_hybrid,10,grain free high protein cat food,0.2,0.8,0.0,10,2,8,0,grain,2937
control,l1_hybrid,10,grain free high protein dog food,0.2,0.8,0.0,10,2,8,0,grain,1843
control,l1_hybrid,10,grain free high protein dry cat food,0.0,1.0,0.0,10,0,10,0,grain,1029
control,l1_hybrid,10,grain free honest kitchen,0.4,0.6,0.0,10,4,6,0,grain,1122
control,l1_hybrid,10,grain free jerky,0.1,0.9,0.0,10,1,9,0,grain,1571
control,l1_hybrid,10,grain free kibble,0.0,1.0,0.0,10,0,10,0,grain,1409
control,l1_hybrid,10,grain free kitten dry food,0.0,1.0,0.0,10,0,10,0,grain,5861
control,l1_hybrid,10,grain free kitten food,0.0,1.0,0.0,10,0,10,0,grain,16286
control,l1_hybrid,10,grain free kitten wet food,0.0,0.9,0.1,10,0,9,1,grain,4500
control,l1_hybrid,10,grain free lamb dog food,0.1,0.9,0.0,10,1,9,0,grain,3771
control,l1_hybrid,10,grain free large breed dog food,0.1,0.9,0.0,10,1,9,0,grain,2530
control,l1_hybrid,10,grain free limited ingredient cat food,0.0,1.0,0.0,10,0,10,0,grain,1729
control,l1_hybrid,10,grain free limited ingredient dog food,0.0,1.0,0.0,10,0,10,0,grain,3438
control,l1_hybrid,10,grain free low fat dog food,0.5,0.2,0.3,10,5,2,3,grain,2100
control,l1_hybrid,10,grain free organic dog food,0.1,0.9,0.0,10,1,9,0,grain,1002
control,l1_hybrid,10,grain free pate,0.0,1.0,0.0,10,0,10,0,grain,1578
control,l1_hybrid,10,grain free pate cat food,0.0,1.0,0.0,10,0,10,0,grain,8858
control,l1_hybrid,10,grain free peanut butter dog treats,0.0,1.0,0.0,10,0,10,0,grain,1000
control,l1_hybrid,10,grain free puppy,0.0,1.0,0.0,10,0,10,0,grain,1472
control,l1_hybrid,10,grain free puppy food,0.1,0.9,0.0,10,1,9,0,grain,34872
control,l1_hybrid,10,grain free puppy treats,0.1,0.8,0.1,10,1,8,1,grain,1999
control,l1_hybrid,10,grain free purina dog food,0.0,1.0,0.0,10,0,10,0,grain,1470
control,l1_hybrid,10,grain free purina pro plan,0.5,0.5,0.0,10,5,5,0,grain,1558
control,l1_hybrid,10,grain free rabbit cat food,0.1,0.9,0.0,10,1,9,0,grain,1266
control,l1_hybrid,10,grain free rabbit food,0.0,1.0,0.0,10,0,10,0,grain,1121
control,l1_hybrid,10,grain free salmon,0.1,0.9,0.0,10,1,9,0,grain,1422
control,l1_hybrid,10,grain free salmon cat food,0.0,1.0,0.0,10,0,10,0,grain,1083
control,l1_hybrid,10,grain free salmon dog food,0.0,1.0,0.0,10,0,10,0,grain,15202
control,l1_hybrid,10,grain free salmon dry dog food,0.0,1.0,0.0,10,0,10,0,grain,2485
control,l1_hybrid,10,grain free senior cat food,0.1,0.9,0.0,10,1,9,0,grain,2261
control,l1_hybrid,10,grain free senior dog food,0.1,0.9,0.0,10,1,9,0,grain,10021
control,l1_hybrid,10,grain free sensitive stomach cat food,0.3,0.7,0.0,10,3,7,0,grain,1967
control,l1_hybrid,10,grain free sensitive stomach dog food,0.1,0.9,0.0,10,1,9,0,grain,1344
control,l1_hybrid,10,grain free small breed,0.1,0.9,0.0,10,1,9,0,grain,1062
control,l1_hybrid,10,grain free small breed dry dog food,0.0,1.0,0.0,10,0,10,0,grain,7815
control,l1_hybrid,10,grain free small dog food,0.0,1.0,0.0,10,0,10,0,grain,1123
control,l1_hybrid,10,grain free soft dog food,0.2,0.8,0.0,10,2,8,0,grain,1084
control,l1_hybrid,10,grain free soft dog treats,0.3,0.6,0.1,10,3,6,1,grain,2972
control,l1_hybrid,10,grain free training treats,0.0,0.8,0.2,10,0,8,2,grain,997
control,l1_hybrid,10,grain free training treats for dogs,0.0,0.8,0.2,10,0,8,2,grain,2451
control,l1_hybrid,10,grain free treats,0.2,0.8,0.0,10,2,8,0,grain,9238
control,l1_hybrid,10,grain free treats for dogs,0.1,0.9,0.0,10,1,9,0,grain,12609
control,l1_hybrid,10,grain free weight control dog food,0.3,0.7,0.0,10,3,7,0,grain,970
control,l1_hybrid,10,grain free weight management dog food,0.5,0.4,0.1,10,5,4,1,grain,1758
control,l1_hybrid,10,grain free wet,0.1,0.9,0.0,10,1,9,0,grain,4438
control,l1_hybrid,10,grain free wet cat food,0.0,0.9,0.1,10,0,9,1,grain,162972
control,l1_hybrid,10,grain free wet cat food gravy,0.0,1.0,0.0,10,0,10,0,grain,2407
control,l1_hybrid,10,grain free wet cat food in gravy,0.0,1.0,0.0,10,0,10,0,grain,1303
control,l1_hybrid,10,grain free wet cat food pate,0.0,1.0,0.0,10,0,10,0,grain,5664
control,l1_hybrid,10,grain free wet dog food,0.0,1.0,0.0,10,0,10,0,grain,60526
control,l1_hybrid,10,grain free wet food,0.0,1.0,0.0,10,0,10,0,grain,2504
control,l1_hybrid,10,grain free wet food cat,0.0,1.0,0.0,10,0,10,0,grain,1388
control,l1_hybrid,10,grain free wet kitten food,0.0,1.0,0.0,10,0,10,0,grain,3865
control,l1_hybrid,10,grain-free cat food,0.0,1.0,0.0,10,0,10,0,grain,11965
control,l1_hybrid,10,grain-free cat food 5.5 oz,0.2,0.8,0.0,10,2,8,0,grain,1346
control,l1_hybrid,10,grain-free cat treats,0.0,1.0,0.0,10,0,10,0,grain,4411
control,l1_hybrid,10,grain-free dog food,0.0,1.0,0.0,10,0,10,0,grain,6389
control,l1_hybrid,10,grain-free dry cat food,0.0,1.0,0.0,10,0,10,0,grain,2485
control,l1_hybrid,10,grain-free dry dog food,0.0,1.0,0.0,10,0,10,0,grain,3951
control,l1_hybrid,10,grain-free kitten food,0.0,1.0,0.0,10,0,10,0,grain,1368
control,l1_hybrid,10,grain-free puppy food,0.0,1.0,0.0,10,0,10,0,grain,3839
control,l1_hybrid,10,grainfree,0.0,1.0,0.0,10,0,10,0,grain,1016
control,l1_hybrid,10,grainfree dog food,0.0,1.0,0.0,10,0,10,0,grain,8254
control,l1_hybrid,10,grainfree dry,0.0,1.0,0.0,10,0,10,0,grain,4253
control,l1_hybrid,10,grainfree dry cat food,0.0,1.0,0.0,10,0,10,0,grain,2854
control,l1_hybrid,10,grainfree wet dog food,0.0,1.0,0.0,10,0,10,0,grain,1120
control,l1_hybrid,10,greenies grain free,0.1,0.3,0.6,10,1,3,6,grain,2143
control,l1_hybrid,10,greenies grain free dental treats for dogs,0.5,0.0,0.5,10,5,0,5,grain,3043
control,l1_hybrid,10,halti no pull harness,0.7,0.3,0.0,10,7,3,0,pull,16145
control,l1_hybrid,10,halti nylon padded no pull dog headcollar,0.6,0.4,0.0,10,6,4,0,pull,3333
control,l1_hybrid,10,harness for large dog no pull,0.5,0.5,0.0,10,5,5,0,pull,21244
control,l1_hybrid,10,harness for medium dog no pull,0.7,0.3,0.0,10,7,3,0,pull,3986
control,l1_hybrid,10,harness for small dog no pull,0.6,0.4,0.0,10,6,4,0,pull,4085
control,l1_hybrid,10,harness no pull,0.0,1.0,0.0,10,0,10,0,pull,8042
control,l1_hybrid,10,hide free,1.0,0.0,0.0,10,10,0,0,hide,3326
control,l1_hybrid,10,hide free chews,0.8,0.2,0.0,10,8,2,0,hide,2987
control,l1_hybrid,10,hide free chicken recipe sticks,0.9,0.1,0.0,10,9,1,0,hide,4091
control,l1_hybrid,10,hide free dog chews,0.9,0.1,0.0,10,9,1,0,hide,7175
control,l1_hybrid,10,high protein grain free cat food,0.0,1.0,0.0,10,0,10,0,grain,2873
control,l1_hybrid,10,high protein grain free dog food,0.0,1.0,0.0,10,0,10,0,grain,2240
control,l1_hybrid,10,hills grain free,0.6,0.4,0.0,10,6,4,0,grain,1934
control,l1_hybrid,10,hills grain free dog food,0.6,0.4,0.0,10,6,4,0,grain,1614
control,l1_hybrid,10,hills grain free dog treats,0.5,0.0,0.5,10,5,0,5,grain,1039
control,l1_hybrid,10,hills grain free soft baked naturals,0.4,0.6,0.0,10,4,6,0,grain,2698
control,l1_hybrid,10,hills science diet grain free,0.9,0.1,0.0,10,9,1,0,grain,2229
control,l1_hybrid,10,hills science diet no corn,0.1,0.7,0.2,10,1,7,2,corn,1007
control,l1_hybrid,10,hills science grain free,0.8,0.2,0.0,10,8,2,0,grain,1458
control,l1_hybrid,10,honest kitchen beef grain free,0.5,0.5,0.0,10,5,5,0,grain,1152
control,l1_hybrid,10,honest kitchen dehydrated dog food grain free,0.4,0.6,0.0,10,4,6,0,grain,1269
control,l1_hybrid,10,honest kitchen grain free,0.4,0.6,0.0,10,4,6,0,grain,3478
control,l1_hybrid,10,honest kitchen grain free beef,0.4,0.6,0.0,10,4,6,0,grain,6296
control,l1_hybrid,10,honest kitchen grain free dehydrated dog food,0.3,0.7,0.0,10,3,7,0,grain,1714
control,l1_hybrid,10,honest kitchen grain free dog food,0.1,0.9,0.0,10,1,9,0,grain,4178
control,l1_hybrid,10,horse fly mask without ears,0.8,0.2,0.0,10,8,2,0,ears,5781
control,l1_hybrid,10,iams grain free cat food,0.5,0.5,0.0,10,5,5,0,grain,2047
control,l1_hybrid,10,instinct grain free,0.0,1.0,0.0,10,0,10,0,grain,1055
control,l1_hybrid,10,instinct raw meals real beef recipe grain-free adult freeze-dried dog food 25-oz bag,0.2,0.7,0.1,10,2,7,1,grain,1048
control,l1_hybrid,10,iodine free cat food,0.0,0.1,0.9,10,0,1,9,iodine,3331
control,l1_hybrid,10,jinx grain free,0.3,0.7,0.0,10,3,7,0,grain,1000
control,l1_hybrid,10,jinx grain free dog food,0.0,1.0,0.0,10,0,10,0,grain,2938
control,l1_hybrid,10,kaytee no mess,0.0,1.0,0.0,10,0,10,0,mess,992
control,l1_hybrid,10,kaytee no mess blend wild bird food,0.2,0.6,0.2,10,2,6,2,mess,2512
control,l1_hybrid,10,kaytee wild bird food no mess,0.1,0.5,0.4,10,1,5,4,mess,998
control,l1_hybrid,10,kitten dry food grain free,0.1,0.9,0.0,10,1,9,0,grain,10184
control,l1_hybrid,10,kitten food grain free,0.1,0.9,0.0,10,1,9,0,grain,6119
control,l1_hybrid,10,kitten grain free,0.0,1.0,0.0,10,0,10,0,grain,2322
control,l1_hybrid,10,kitten grain free wet food,0.1,0.9,0.0,10,1,9,0,grain,1749
control,l1_hybrid,10,kitten wet food grain free,0.1,0.9,0.0,10,1,9,0,grain,7774
control,l1_hybrid,10,kitten wet grain free food,0.1,0.8,0.1,10,1,8,1,grain,993
control,l1_hybrid,10,kitty litter non clumping,0.1,0.9,0.0,10,1,9,0,clumping,6396
control,l1_hybrid,10,lamb grain free dog food,0.1,0.9,0.0,10,1,9,0,grain,2809
control,l1_hybrid,10,large breed grain free dog food,0.2,0.8,0.0,10,2,8,0,grain,1263
control,l1_hybrid,10,large breed puppy food grain free,0.7,0.3,0.0,10,7,3,0,grain,1963
control,l1_hybrid,10,large breed puppy food no chicken,0.7,0.0,0.3,10,7,0,3,chicken,1134
control,l1_hybrid,10,large dog bones rawhide free,0.2,0.5,0.3,10,2,5,3,rawhide,6861
control,l1_hybrid,10,large dog harness no pull,0.8,0.2,0.0,10,8,2,0,pull,8655
control,l1_hybrid,10,legume free dog food,0.5,0.1,0.4,10,5,1,4,legume,7084
control,l1_hybrid,10,lickable cat treats grain free,0.0,0.9,0.1,10,0,9,1,grain,1128
control,l1_hybrid,10,licks pill free,1.0,0.0,0.0,10,10,0,0,pill,2506
control,l1_hybrid,10,limited ingredient grain free dog food,0.0,1.0,0.0,10,0,10,0,grain,2088
control,l1_hybrid,10,litter dust free,0.0,0.5,0.5,10,0,5,5,dust,3928
control,l1_hybrid,10,litter no dust,0.0,0.4,0.6,10,0,4,6,dust,2280
control,l1_hybrid,10,litter non clumping,0.9,0.1,0.0,10,9,1,0,non clumping,4359
control,l1_hybrid,10,low fat grain free dog food,1.0,0.0,0.0,10,10,0,0,"grain, fat",1870
control,l1_hybrid,10,merrick grain free,0.0,0.9,0.1,10,0,9,1,grain,4055
control,l1_hybrid,10,merrick grain free dry dog food,0.0,1.0,0.0,10,0,10,0,grain,6428
control,l1_hybrid,10,merrick lil plates grain free dog food,0.0,1.0,0.0,10,0,10,0,grain,3343
control,l1_hybrid,10,merrick real texas beef + sweet potato recipe grain-free chicken-free adult dry dog food,0.0,1.0,0.0,2,0,2,0,"grain, chicken",1424
control,l1_hybrid,10,mess free bird seed,0.0,0.6,0.4,10,0,6,4,mess,1049
control,l1_hybrid,10,mess free water bowl,0.0,1.0,0.0,10,0,10,0,mess,4645
control,l1_hybrid,10,natural farm odor-free bully sticks,0.0,0.8,0.2,10,0,8,2,odor,4570
control,l1_hybrid,10,nature's recipe grain free,0.0,1.0,0.0,10,0,10,0,grain,2587
control,l1_hybrid,10,natures logic grain free,0.2,0.8,0.0,10,2,8,0,grain,972
control,l1_hybrid,10,natures recipe grain free,0.0,1.0,0.0,10,0,10,0,grain,6270
control,l1_hybrid,10,natures recipe grain free dog food,0.0,1.0,0.0,10,0,10,0,grain,5311
control,l1_hybrid,10,natures recipe grain free dry dog food,0.2,0.8,0.0,10,2,8,0,grain,12075
control,l1_hybrid,10,natures recipe grain free wet dog food,0.0,1.0,0.0,10,0,10,0,grain,1012
control,l1_hybrid,10,no bark,0.8,0.2,0.0,10,8,2,0,bark,10077
control,l1_hybrid,10,no bark collar,0.0,1.0,0.0,10,0,10,0,pull,20454
control,l1_hybrid,10,no bark collars,1.0,0.0,0.0,10,10,0,0,no bark,7969
control,l1_hybrid,10,no cat pee,0.4,0.6,0.0,10,4,6,0,cat pee,1215
control,l1_hybrid,10,no chew,0.7,0.3,0.0,10,7,3,0,chew,7596
control,l1_hybrid,10,no chew dog bed,0.5,0.5,0.0,10,5,5,0,chew,3301
control,l1_hybrid,10,no chew spray for cats,0.1,0.9,0.0,10,1,9,0,chew,4073
control,l1_hybrid,10,no chew spray for dogs,0.0,1.0,0.0,10,0,10,0,chew,35353
control,l1_hybrid,10,no chicken,0.6,0.3,0.1,10,6,3,1,chicken,2318
control,l1_hybrid,10,no chicken cat food,0.9,0.0,0.1,10,9,0,1,chicken,4707
control,l1_hybrid,10,no chicken dog food,0.5,0.4,0.1,10,5,4,1,chicken,32850
control,l1_hybrid,10,no chicken dog treats,1.0,0.0,0.0,10,10,0,0,chicken,4769
control,l1_hybrid,10,no chicken dry dog food,0.7,0.2,0.1,10,7,2,1,chicken,1204
control,l1_hybrid,10,no chicken puppy food,1.0,0.0,0.0,10,10,0,0,chicken,2040
control,l1_hybrid,10,no chicken treats,1.0,0.0,0.0,10,10,0,0,chicken,2185
control,l1_hybrid,10,no chicken wet dog food,1.0,0.0,0.0,10,10,0,0,chicken,5034
control,l1_hybrid,10,no clump litter,0.7,0.3,0.0,10,7,3,0,clump,3211
control,l1_hybrid,10,no corn dog food,0.0,1.0,0.0,10,0,10,0,corn,2939
control,l1_hybrid,10,no dust cat litter,0.0,0.2,0.8,10,0,2,8,dust,9502
control,l1_hybrid,10,no dust clumping cat litter,0.1,0.0,0.9,10,1,0,9,dust,6710
control,l1_hybrid,10,no dust litter,0.0,0.5,0.5,10,0,5,5,dust,2340
control,l1_hybrid,10,no eat poop,0.6,0.4,0.0,10,6,4,0,poop,2705
control,l1_hybrid,10,no escape dog harness,0.6,0.4,0.0,10,6,4,0,pull,11770
control,l1_hybrid,10,no escape harness,0.5,0.5,0.0,10,5,5,0,pull,3530
control,l1_hybrid,10,no fat dog treats,0.0,0.8,0.2,10,0,8,2,fat,2796
control,l1_hybrid,10,no flap ear wrap,0.0,1.0,0.0,10,0,10,0,pull,18080
control,l1_hybrid,10,no grain cat food,0.0,1.0,0.0,10,0,10,0,grain,5782
control,l1_hybrid,10,no grain dog food,0.0,1.0,0.0,10,0,10,0,grain,15780
control,l1_hybrid,10,no grain dog treats,0.0,1.0,0.0,10,0,10,0,grain,1637
control,l1_hybrid,10,no grain dry cat food,0.0,1.0,0.0,10,0,10,0,grain,3032
control,l1_hybrid,10,no grain wet cat food,0.0,1.0,0.0,10,0,10,0,grain,4489
control,l1_hybrid,10,no grow bird seed,0.0,0.5,0.5,10,0,5,5,grow,2780
control,l1_hybrid,10,no hide,0.0,1.0,0.0,10,0,10,0,hide,67837
control,l1_hybrid,10,no hide bone,0.0,1.0,0.0,10,0,10,0,hide,1796
control,l1_hybrid,10,no hide bones,0.2,0.8,0.0,10,2,8,0,hide,13773
control,l1_hybrid,10,no hide chew,0.0,1.0,0.0,10,0,10,0,hide,1036
control,l1_hybrid,10,no hide chews,0.0,1.0,0.0,10,0,10,0,hide,147107
control,l1_hybrid,10,no hide chews earth animal,0.0,1.0,0.0,10,0,10,0,hide,70100
control,l1_hybrid,10,no hide chews large,0.0,1.0,0.0,10,0,10,0,hide,3727
control,l1_hybrid,10,no hide chews medium,0.0,1.0,0.0,10,0,10,0,hide,1253
control,l1_hybrid,10,no hide chews small,0.0,1.0,0.0,10,0,10,0,hide,1325
control,l1_hybrid,10,no hide dog chews,0.1,0.9,0.0,10,1,9,0,hide,4859
control,l1_hybrid,10,no hide dog chews 4 inch,0.4,0.6,0.0,10,4,6,0,hide,1845
control,l1_hybrid,10,no hide dog chews medium,0.0,1.0,0.0,10,0,10,0,hide,2123
control,l1_hybrid,10,no hide dog chews small,0.2,0.8,0.0,10,2,8,0,hide,2663
control,l1_hybrid,10,no hide large,0.3,0.7,0.0,10,3,7,0,hide,3009
control,l1_hybrid,10,no hide large rolls,0.1,0.9,0.0,10,1,9,0,hide,1346
control,l1_hybrid,10,no hide medium,0.0,1.0,0.0,10,0,10,0,hide,1886
control,l1_hybrid,10,no hide medium rolls,0.0,1.0,0.0,10,0,10,0,hide,2357
control,l1_hybrid,10,no hide peanut butter,0.2,0.8,0.0,10,2,8,0,hide,1187
control,l1_hybrid,10,no hide pumpkin,0.3,0.7,0.0,10,3,7,0,hide,1310
control,l1_hybrid,10,no hide raw hide,0.6,0.4,0.0,10,6,4,0,rawhide,2210
control,l1_hybrid,10,no hide rawhide,0.8,0.2,0.0,10,8,2,0,rawhide,2269
control,l1_hybrid,10,no hide rolls,0.0,1.0,0.0,10,0,10,0,hide,1612
control,l1_hybrid,10,no hide salmon,0.1,0.9,0.0,10,1,9,0,hide,2174
control,l1_hybrid,10,no hide small rolls,0.1,0.9,0.0,10,1,9,0,hide,1257
control,l1_hybrid,10,no hide sticks,0.0,1.0,0.0,10,0,10,0,hide,2520
control,l1_hybrid,10,no hide stix,0.2,0.8,0.0,10,2,8,0,hide,7433
control,l1_hybrid,10,no hide strips,0.0,1.0,0.0,10,0,10,0,hide,3815
control,l1_hybrid,10,no hide venison,0.0,0.9,0.1,10,0,9,1,hide,1136
control,l1_hybrid,10,no hides,0.1,0.9,0.0,10,1,9,0,hides,2331
control,l1_hybrid,10,no holes,0.4,0.6,0.0,10,4,6,0,holes,2104
control,l1_hybrid,10,no lick,1.0,0.0,0.0,10,10,0,0,lick,1801
control,l1_hybrid,10,no melt suet,1.0,0.0,0.0,10,10,0,0,no melt,2781
control,l1_hybrid,10,no melt suet cakes for birds,0.0,0.8,0.2,10,0,8,2,melt,3006
control,l1_hybrid,10,no melt suet cakes for wild birds,0.0,0.7,0.3,10,0,7,3,melt,1040
control,l1_hybrid,10,no mess bird feeder,0.1,0.8,0.1,10,1,8,1,mess,2078
control,l1_hybrid,10,no mess bird food,0.0,1.0,0.0,10,0,10,0,mess,1778
control,l1_hybrid,10,no mess bird seed,0.0,0.6,0.4,10,0,6,4,mess,10066
control,l1_hybrid,10,no mess water bowl,0.1,0.8,0.1,10,1,8,1,mess,4197
control,l1_hybrid,10,no mess wild bird food,0.0,0.8,0.2,10,0,8,2,mess,2594
control,l1_hybrid,10,no mess wild bird seed,0.0,0.6,0.4,10,0,6,4,mess,22655
control,l1_hybrid,10,no millet bird seed,0.7,0.0,0.3,10,7,0,3,millet,1078
control,l1_hybrid,10,no odor bully sticks,0.1,0.9,0.0,10,1,9,0,odor,4474
control,l1_hybrid,10,no pee,1.0,0.0,0.0,10,10,0,0,pee,2549
control,l1_hybrid,10,no poo,0.7,0.3,0.0,10,7,3,0,poo,5242
control,l1_hybrid,10,no poo chews,0.5,0.5,0.0,10,5,5,0,poo,3342
control,l1_hybrid,10,no poo chews for dogs,0.7,0.3,0.0,10,7,3,0,poo,4691
control,l1_hybrid,10,no poop,0.7,0.3,0.0,10,7,3,0,poop,3632
control,l1_hybrid,10,no poop chews,0.8,0.2,0.0,10,8,2,0,poop,31892
control,l1_hybrid,10,no poop eating,0.5,0.5,0.0,10,5,5,0,poop eating,16984
control,l1_hybrid,10,no poultry dog food,0.7,0.0,0.3,10,7,0,3,poultry,1345
control,l1_hybrid,10,no pull,0.1,0.9,0.0,10,1,9,0,pull,9044
control,l1_hybrid,10,no pull collar,0.8,0.2,0.0,10,8,2,0,pull,20932
control,l1_hybrid,10,no pull collar for dogs,0.3,0.7,0.0,10,3,7,0,pull,3540
control,l1_hybrid,10,no pull collars,0.4,0.6,0.0,10,4,6,0,pull,1721
control,l1_hybrid,10,no pull dog collar,0.4,0.5,0.1,10,4,5,1,pull,5502
control,l1_hybrid,10,no pull dog harness,0.0,1.0,0.0,10,0,10,0,pull,32134
control,l1_hybrid,10,no pull dog harnesses,0.0,1.0,0.0,10,0,10,0,pull,211607
control,l1_hybrid,10,no pull dog leash,0.0,1.0,0.0,10,0,10,0,pull,4200
control,l1_hybrid,10,no pull harness,0.0,1.0,0.0,10,0,10,0,pull,54525
control,l1_hybrid,10,no pull harness for dogs,0.0,1.0,0.0,10,0,10,0,pull,114468
control,l1_hybrid,10,no pull harness for large dog,0.0,1.0,0.0,10,0,10,0,pull,1918
control,l1_hybrid,10,no pull harness for large dogs,0.0,1.0,0.0,10,0,10,0,pull,24205
control,l1_hybrid,10,no pull harness for medium dog,0.0,1.0,0.0,10,0,10,0,pull,8720
control,l1_hybrid,10,no pull harness for small dog,0.0,1.0,0.0,10,0,10,0,pull,13902
control,l1_hybrid,10,no pull harnesses,0.1,0.9,0.0,10,1,9,0,pull,1272
control,l1_hybrid,10,no pull head collar,0.5,0.5,0.0,10,5,5,0,pull,2574
control,l1_hybrid,10,no pull leash,0.0,1.0,0.0,10,0,10,0,pull,21703
control,l1_hybrid,10,no pull training collar,0.9,0.1,0.0,10,9,1,0,pull,1134
control,l1_hybrid,10,no rawhide,0.6,0.4,0.0,10,6,4,0,rawhide,2332
control,l1_hybrid,10,no rawhide bones,0.8,0.2,0.0,10,8,2,0,rawhide,12951
control,l1_hybrid,10,no rawhide chews,0.6,0.4,0.0,10,6,4,0,rawhide,2715
control,l1_hybrid,10,no rawhide dog chews,0.2,0.8,0.0,10,2,8,0,rawhide,35562
control,l1_hybrid,10,no rawhide treats,0.6,0.4,0.0,10,6,4,0,rawhide,4068
control,l1_hybrid,10,no scoot for dogs,0.9,0.0,0.1,10,9,0,1,scoot,25922
control,l1_hybrid,10,no scratch,1.0,0.0,0.0,10,10,0,0,scratch,3930
control,l1_hybrid,10,no scratch spray,0.6,0.3,0.1,10,6,3,1,scratch,7315
control,l1_hybrid,10,no scratch spray for cats,0.3,0.6,0.1,10,3,6,1,scratch,1019
control,l1_hybrid,10,no shock bark collar,0.3,0.3,0.4,10,3,3,4,shock,12886
control,l1_hybrid,10,no shock collar,0.6,0.3,0.1,10,6,3,1,shock,1007
control,l1_hybrid,10,no shock dog collar,0.8,0.1,0.1,10,8,1,1,shock,1356
control,l1_hybrid,10,no shock training collar,0.5,0.2,0.3,10,5,2,3,shock,7048
control,l1_hybrid,10,no slip collar,0.1,0.9,0.0,10,1,9,0,pull,1199
control,l1_hybrid,10,no slip dog collar,0.5,0.5,0.0,10,5,5,0,pull,2153
control,l1_hybrid,10,no slip dog socks,0.0,1.0,0.0,10,0,10,0,pull,3399
control,l1_hybrid,10,no slip harness,0.9,0.1,0.0,10,9,1,0,pull,2053
control,l1_hybrid,10,no spill dog bowl,0.8,0.2,0.0,10,8,2,0,spill,4573
control,l1_hybrid,10,no spill dog water bowl,0.2,0.8,0.0,10,2,8,0,spill,28061
control,l1_hybrid,10,no spill water bowl,0.6,0.3,0.1,10,6,3,1,spill,30994
control,l1_hybrid,10,no splash water bowl,0.0,1.0,0.0,10,0,10,0,pull,3317
control,l1_hybrid,10,no spray cat,1.0,0.0,0.0,10,10,0,0,spray,2497
control,l1_hybrid,10,no squeak dog toy,0.8,0.2,0.0,10,8,2,0,squeak,990
control,l1_hybrid,10,no squeak dog toys,0.7,0.3,0.0,10,7,3,0,squeak,40129
control,l1_hybrid,10,no squirrel bird seed,0.5,0.5,0.0,10,5,5,0,squirrel,5398
control,l1_hybrid,10,no stuffing,0.1,0.9,0.0,10,1,9,0,stuffing,2020
control,l1_hybrid,10,no stuffing dog toy,0.0,1.0,0.0,10,0,10,0,stuffing,8094
control,l1_hybrid,10,no stuffing dog toys,0.0,1.0,0.0,10,0,10,0,stuffing,97772
control,l1_hybrid,10,no stuffing toy,0.0,1.0,0.0,10,0,10,0,stuffing,3277
control,l1_hybrid,10,no stuffing toys,0.0,1.0,0.0,10,0,10,0,stuffing,5673
control,l1_hybrid,10,no sugar dog treats,0.1,0.0,0.9,10,1,0,9,sugar,1361
control,l1_hybrid,10,no sugar horse treats,0.5,0.3,0.2,10,5,3,2,sugar,1315
control,l1_hybrid,10,no tangle leash,0.2,0.7,0.1,10,2,7,1,pull,1186
control,l1_hybrid,10,no tip dog bowl,0.0,1.0,0.0,10,0,10,0,pull,1033
control,l1_hybrid,10,no tip water bowl,0.0,0.9,0.1,10,0,9,1,tip,6005
control,l1_hybrid,10,no toot,0.6666666666666666,0.3333333333333333,0.0,9,6,3,0,toot,1991
control,l1_hybrid,10,no track cat litter,0.5,0.4,0.1,10,5,4,1,track,1419
control,l1_hybrid,10,no tracking cat litter,0.7,0.0,0.3,10,7,0,3,tracking,13088
control,l1_hybrid,10,no tracking litter,0.8,0.0,0.2,10,8,0,2,tracking,1397
control,l1_hybrid,10,no waste bird food,0.1,0.9,0.0,10,1,9,0,waste,2152
control,l1_hybrid,10,no waste bird seed,0.0,1.0,0.0,10,0,10,0,waste,9270
control,l1_hybrid,10,no waste wild bird food,0.1,0.9,0.0,10,1,9,0,waste,2693
control,l1_hybrid,10,no waste wild bird seed,0.0,0.9,0.1,10,0,9,1,waste,24563
control,l1_hybrid,10,no zip stroller,0.1,0.9,0.0,10,1,9,0,zip,1518
control,l1_hybrid,10,non absorbent cat litter,0.4,0.6,0.0,10,4,6,0,non absorbent,1507
control,l1_hybrid,10,non chew dog bed,0.1,0.8,0.1,10,1,8,1,chew,995
control,l1_hybrid,10,non chicken dog food,0.3,0.3,0.4,10,3,3,4,chicken,3858
control,l1_hybrid,10,non chicken dog treats,0.2,0.4,0.4,10,2,4,4,chicken,1718
control,l1_hybrid,10,non clay cat litter,0.4,0.6,0.0,10,4,6,0,clay,5979
control,l1_hybrid,10,non clay litter,0.3,0.7,0.0,10,3,7,0,clay,2271
control,l1_hybrid,10,non clumping,0.1,0.9,0.0,10,1,9,0,clumping,1334
control,l1_hybrid,10,non clumping cat litter,0.9,0.1,0.0,10,9,1,0,non clumping,121355
control,l1_hybrid,10,non clumping kitty litter,0.9,0.1,0.0,10,9,1,0,non clumping,1510
control,l1_hybrid,10,non clumping unscented cat litter,0.9,0.1,0.0,10,9,1,0,"non clumping unscented cat litter

the user is actually looking for cat litter",11479
control,l1_hybrid,10,non gmo,0.0,1.0,0.0,10,0,10,0,gmo,1156
control,l1_hybrid,10,non gmo cat food,0.0,1.0,0.0,10,0,10,0,gmo,2288
control,l1_hybrid,10,non gmo chicken feed,0.0,1.0,0.0,10,0,10,0,gmo,16510
control,l1_hybrid,10,non gmo dog food,0.0,1.0,0.0,10,0,10,0,gmo,11060
control,l1_hybrid,10,non gmo dog treats,0.9,0.1,0.0,10,9,1,0,non gmo,994
control,l1_hybrid,10,non gmo wet dog food,0.0,1.0,0.0,10,0,10,0,gmo,1029
control,l1_hybrid,10,non grain dog food,0.3,0.7,0.0,10,3,7,0,grain,1089
control,l1_hybrid,10,non kibble dog food,1.0,0.0,0.0,10,10,0,0,kibble,1761
control,l1_hybrid,10,non prescription flea medicine,0.1,0.6,0.3,10,1,6,3,non prescription,1077
control,l1_hybrid,10,non prescription flea meds,0.4,0.5,0.1,10,4,5,1,non prescription,1229
control,l1_hybrid,10,non prescription pain meds for dogs,0.5,0.5,0.0,10,5,5,0,prescription,3980
control,l1_hybrid,10,non pull harness,0.3,0.7,0.0,10,3,7,0,pull,5327
control,l1_hybrid,10,non raw hide,0.6,0.4,0.0,10,6,4,0,rawhide,1225
control,l1_hybrid,10,non rawhide,0.4,0.6,0.0,10,4,6,0,rawhide,1020
control,l1_hybrid,10,non rawhide bones,0.4,0.6,0.0,10,4,6,0,rawhide,18977
control,l1_hybrid,10,non rawhide chews,0.0,1.0,0.0,10,0,10,0,rawhide,10766
control,l1_hybrid,10,non rawhide dog chews,0.2,0.8,0.0,10,2,8,0,rawhide,70094
control,l1_hybrid,10,non rawhide dog treats,0.4,0.6,0.0,10,4,6,0,rawhide,2882
control,l1_hybrid,10,non scented litter,0.7,0.2,0.1,10,7,2,1,scented,1755
control,l1_hybrid,10,non squeaky dog toys,0.8,0.0,0.2,10,8,0,2,squeaky,17562
control,l1_hybrid,10,non stuffed dog toys,0.1,0.9,0.0,10,1,9,0,stuffed,6207
control,l1_hybrid,10,non tip water bowl,0.0,0.9,0.1,10,0,9,1,tip,6861
control,l1_hybrid,10,non toxic cat litter,0.0,1.0,0.0,10,0,10,0,toxic,1267
control,l1_hybrid,10,non tracking cat litter,0.0,0.8,0.2,10,0,8,2,tracking,18311
control,l1_hybrid,10,non tracking litter,0.2,0.5,0.3,10,2,5,3,tracking,3003
control,l1_hybrid,10,non-gmo dog food,0.0,1.0,0.0,10,0,10,0,gmo,3007
control,l1_hybrid,10,nulo grain free,0.3,0.7,0.0,10,3,7,0,grain,4152
control,l1_hybrid,10,nutrish dog food grain free,0.5,0.5,0.0,10,5,5,0,grain,1003
control,l1_hybrid,10,nutrish grain free dog food,0.6,0.4,0.0,10,6,4,0,grain,4382
control,l1_hybrid,10,nutro grain free,0.3,0.7,0.0,10,3,7,0,grain,2591
control,l1_hybrid,10,nutro grain free dog food,0.3,0.7,0.0,10,3,7,0,grain,4841
control,l1_hybrid,10,odor free bully stick,0.2,0.8,0.0,10,2,8,0,odor,1494
control,l1_hybrid,10,odor free bully sticks,0.2,0.7,0.1,10,2,7,1,odor,9025
control,l1_hybrid,10,odor free bully sticks for dogs,0.0,1.0,0.0,10,0,10,0,odor,27702
control,l1_hybrid,10,open farm grain free,0.2,0.8,0.0,10,2,8,0,grain,1704
control,l1_hybrid,10,open farm grain free dog food,0.1,0.9,0.0,10,1,9,0,grain,2175
control,l1_hybrid,10,organic chicken feed soy free,0.0,1.0,0.0,10,0,10,0,soy,1525
control,l1_hybrid,10,organic grain free cat treats,0.0,0.7,0.3,10,0,7,3,grain,2085
control,l1_hybrid,10,organic non gmo chicken feed,1.0,0.0,0.0,10,10,0,0,non gmo,1154
control,l1_hybrid,10,organic soy free chicken feed,0.0,1.0,0.0,10,0,10,0,soy,2338
control,l1_hybrid,10,origin grain free dog,0.4,0.6,0.0,10,4,6,0,grain,5901
control,l1_hybrid,10,origin grain free puppy,0.3,0.7,0.0,10,3,7,0,grain,3607
control,l1_hybrid,10,orijen grain free,0.1,0.9,0.0,10,1,9,0,grain,1665
control,l1_hybrid,10,orijen grain free cat,0.1,0.9,0.0,10,1,9,0,grain,1533
control,l1_hybrid,10,orijen grain free dog,0.2,0.8,0.0,10,2,8,0,grain,2373
control,l1_hybrid,10,orijen grain free dog food,0.3,0.7,0.0,10,3,7,0,grain,2503
control,l1_hybrid,10,orijen grain free puppy,0.6,0.4,0.0,10,6,4,0,grain,2493
control,l1_hybrid,10,orijen grain free treats,0.0,1.0,0.0,10,0,10,0,grain,1785
control,l1_hybrid,10,pate grain free cat food,0.0,1.0,0.0,10,0,10,0,grain,1105
control,l1_hybrid,10,pea free dog food,0.9,0.0,0.1,10,9,0,1,pea,5939
control,l1_hybrid,10,pet safe easy walk no pull harness,0.6,0.1,0.3,10,6,1,3,pull,1953
control,l1_hybrid,10,pigeon feed no corn,0.6,0.2,0.2,10,6,2,2,corn,3687
control,l1_hybrid,10,pigeon food no corn,0.6,0.2,0.2,10,6,2,2,corn,1756
control,l1_hybrid,10,pork chomps rawhide free,0.0,1.0,0.0,10,0,10,0,rawhide,129324
control,l1_hybrid,10,pork chomps rawhide free dog bones,0.0,1.0,0.0,10,0,10,0,rawhide,3737
control,l1_hybrid,10,poultry free,0.8,0.1,0.1,10,8,1,1,poultry,2348
control,l1_hybrid,10,poultry free cat food,0.8,0.1,0.1,10,8,1,1,poultry,1975
control,l1_hybrid,10,poultry free dog food,0.8,0.1,0.1,10,8,1,1,poultry,17789
control,l1_hybrid,10,poultry free dog treats,0.9,0.0,0.1,10,9,0,1,poultry,1753
control,l1_hybrid,10,poultry free wet dog food,0.8,0.0,0.2,10,8,0,2,poultry,1701
control,l1_hybrid,10,pro plan grain free,0.9,0.1,0.0,10,9,1,0,grain,1681
control,l1_hybrid,10,protein free dog treats,1.0,0.0,0.0,10,10,0,0,protein,5096
control,l1_hybrid,10,puppy food chicken free,0.9,0.0,0.1,10,9,0,1,chicken,1032
control,l1_hybrid,10,puppy food grain free,0.1,0.9,0.0,10,1,9,0,grain,7002
control,l1_hybrid,10,puppy food no chicken,1.0,0.0,0.0,10,10,0,0,chicken,2518
control,l1_hybrid,10,puppy food with no chicken,1.0,0.0,0.0,10,10,0,0,chicken,1040
control,l1_hybrid,10,puppy food without chicken,1.0,0.0,0.0,10,10,0,0,chicken,1606
control,l1_hybrid,10,puppy grain free,0.0,1.0,0.0,10,0,10,0,grain,1298
control,l1_hybrid,10,puppy grain free food,0.2,0.8,0.0,10,2,8,0,grain,1140
control,l1_hybrid,10,pure balance grain free,0.4,0.6,0.0,10,4,6,0,grain,11504
control,l1_hybrid,10,purina beneful grain free,0.6,0.0,0.4,10,6,0,4,grain,1945
control,l1_hybrid,10,purina beyond grain free cat food,0.6,0.3,0.1,10,6,3,1,grain,8992
control,l1_hybrid,10,purina beyond grain free dog food,0.2,0.7,0.1,10,2,7,1,grain,3884
control,l1_hybrid,10,purina beyond grain free dry cat food,0.6,0.3,0.1,10,6,3,1,grain,2080
control,l1_hybrid,10,purina cat food grain free,0.5,0.5,0.0,10,5,5,0,grain,5440
control,l1_hybrid,10,purina cat grain free,0.4,0.5,0.1,10,4,5,1,grain,1273
control,l1_hybrid,10,purina grain free,0.2,0.8,0.0,10,2,8,0,grain,8189
control,l1_hybrid,10,purina grain free cat food,0.1,0.9,0.0,10,1,9,0,grain,2326
control,l1_hybrid,10,purina grain free dog food,0.1,0.9,0.0,10,1,9,0,grain,3037
control,l1_hybrid,10,purina grain free dry cat food,0.5,0.5,0.0,10,5,5,0,grain,19168
control,l1_hybrid,10,purina grain free dry dog food,0.4,0.6,0.0,10,4,6,0,grain,8138
control,l1_hybrid,10,purina grain free wet cat food,0.0,1.0,0.0,10,0,10,0,grain,7458
control,l1_hybrid,10,purina grain free wet dog food,0.0,1.0,0.0,10,0,10,0,grain,2342
control,l1_hybrid,10,purina one grain free,0.8,0.2,0.0,10,8,2,0,grain,4066
control,l1_hybrid,10,purina one grain free cat food,0.4,0.6,0.0,10,4,6,0,grain,1649
control,l1_hybrid,10,purina one grain free dog food,0.6,0.4,0.0,10,6,4,0,grain,5270
control,l1_hybrid,10,purina one grain free dry cat food,0.7,0.1,0.2,10,7,1,2,grain,5886
control,l1_hybrid,10,purina one grain free wet cat food,0.1,0.6,0.3,10,1,6,3,grain,17042
control,l1_hybrid,10,purina one wet cat food grain free,0.1,0.7,0.2,10,1,7,2,grain,1114
control,l1_hybrid,10,purina pro plan for cats grain free,0.0,0.8,0.2,10,0,8,2,grain,1589
control,l1_hybrid,10,purina pro plan for dogs grain free,0.3,0.5,0.2,10,3,5,2,grain,975
control,l1_hybrid,10,purina pro plan grain free,0.7,0.3,0.0,10,7,3,0,grain,7034
control,l1_hybrid,10,python no spill,0.4,0.5,0.1,10,4,5,1,spill,5465
control,l1_hybrid,10,rachel ray grain free dog food,0.1,0.8,0.1,10,1,8,1,grain,4812
control,l1_hybrid,10,raw hide free,0.0,1.0,0.0,10,0,10,0,rawhide,2193
control,l1_hybrid,10,raw hide free bones,0.5,0.5,0.0,10,5,5,0,rawhide,3187
control,l1_hybrid,10,raw hide free dog bones,0.9,0.0,0.1,10,9,0,1,rawhide,1011
control,l1_hybrid,10,raw hide free dog chews,0.0,1.0,0.0,10,0,10,0,rawhide,25587
control,l1_hybrid,10,raw hide free large dog chews,0.2,0.7,0.1,10,2,7,1,rawhide,1264
control,l1_hybrid,10,rawhide free,0.1,0.9,0.0,10,1,9,0,rawhide,17055
control,l1_hybrid,10,rawhide free bones,0.1,0.9,0.0,10,1,9,0,rawhide,6443
control,l1_hybrid,10,rawhide free chew,0.0,0.9,0.1,10,0,9,1,rawhide,1282
control,l1_hybrid,10,rawhide free chews,0.0,1.0,0.0,10,0,10,0,rawhide,58043
control,l1_hybrid,10,rawhide free dog bones,0.2,0.7,0.1,10,2,7,1,rawhide,135517
control,l1_hybrid,10,rawhide free dog bones & chews,0.0,0.9,0.1,10,0,9,1,rawhide,1390
control,l1_hybrid,10,rawhide free dog bones & chews for large dogs,0.0,0.9,0.1,10,0,9,1,rawhide,4358
control,l1_hybrid,10,rawhide free dog bones long lasting,0.2,0.8,0.0,10,2,8,0,rawhide,14868
control,l1_hybrid,10,rawhide free dog chews,0.0,0.9,0.1,10,0,9,1,rawhide,6526
control,l1_hybrid,10,rawhide free dog chews long lasting,0.1,0.9,0.0,10,1,9,0,rawhide,4471
control,l1_hybrid,10,rawhide free dog treats,0.0,1.0,0.0,10,0,10,0,rawhide,29794
control,l1_hybrid,10,rawhide free sticks,0.0,1.0,0.0,10,0,10,0,rawhide,2264
control,l1_hybrid,10,rawhide free treats,0.0,1.0,0.0,10,0,10,0,rawhide,1840
control,l1_hybrid,10,rice free dog food,0.2,0.5,0.3,10,2,5,3,rice,1195
control,l1_hybrid,10,royal canin grain free,0.6,0.0,0.4,10,6,0,4,grain,2432
control,l1_hybrid,10,salmon dog food grain free,0.0,1.0,0.0,10,0,10,0,grain,975
control,l1_hybrid,10,salmon grain free dog food,0.1,0.9,0.0,10,1,9,0,grain,8103
control,l1_hybrid,10,salt free dog food,0.0,0.0,1.0,10,0,0,10,salt,1015
control,l1_hybrid,10,scent free cat litter,0.9,0.0,0.1,10,9,0,1,scent,2695
control,l1_hybrid,10,scent free litter,0.6,0.2,0.2,10,6,2,2,scent,3172
control,l1_hybrid,10,science diet grain free,0.9,0.1,0.0,10,9,1,0,grain,4491
control,l1_hybrid,10,senior cat food grain free,0.2,0.8,0.0,10,2,8,0,grain,1110
control,l1_hybrid,10,senior dog food grain free,0.1,0.9,0.0,10,1,9,0,grain,1394
control,l1_hybrid,10,senior grain free dog food,0.1,0.9,0.0,10,1,9,0,grain,4724
control,l1_hybrid,10,sheba grain free,0.0,1.0,0.0,10,0,10,0,grain,1917
control,l1_hybrid,10,shell free bird seed,0.1,0.3,0.6,10,1,3,6,shell,1278
control,l1_hybrid,10,small black stroller no zip,0.2,0.6,0.2,10,2,6,2,zip,1046
control,l1_hybrid,10,small breed grain free,0.1,0.9,0.0,10,1,9,0,grain,1509
control,l1_hybrid,10,small breed grain free dog food,0.0,1.0,0.0,10,0,10,0,grain,2340
control,l1_hybrid,10,small breed grain free dry dog food,0.0,1.0,0.0,10,0,10,0,grain,2354
control,l1_hybrid,10,small dog no pull harness,0.1,0.9,0.0,10,1,9,0,pull,1740
control,l1_hybrid,10,small no pull harness,0.5,0.5,0.0,10,5,5,0,pull,1148
control,l1_hybrid,10,soft grain free dog treats,0.3,0.6,0.1,10,3,6,1,grain,2135
control,l1_hybrid,10,soy and corn free chicken feed,0.2,0.8,0.0,10,2,8,0,soy and corn,1287
control,l1_hybrid,10,soy free chicken feed,0.0,1.0,0.0,10,0,10,0,soy,11839
control,l1_hybrid,10,soy free horse feed,0.0,0.9,0.1,10,0,9,1,soy,5431
control,l1_hybrid,10,soy free layer feed,0.1,0.8,0.1,10,1,8,1,soy,1175
control,l1_hybrid,10,sporn mesh no pull dog harness,0.9,0.1,0.0,10,9,1,0,pull,7687
control,l1_hybrid,10,stella and chewy grain free,0.0,1.0,0.0,10,0,10,0,grain,1117
control,l1_hybrid,10,stink free,0.2,0.8,0.0,10,2,8,0,stink,3161
control,l1_hybrid,10,stuffing free,0.0,1.0,0.0,10,0,10,0,stuffing,6904
control,l1_hybrid,10,stuffing free dog toy,0.0,1.0,0.0,10,0,10,0,stuffing,4687
control,l1_hybrid,10,stuffing free dog toys,0.0,1.0,0.0,10,0,10,0,stuffing,142348
control,l1_hybrid,10,stuffing free dog toys large,0.0,1.0,0.0,10,0,10,0,stuffing,21225
control,l1_hybrid,10,stuffing free dog toys small,0.1,0.9,0.0,10,1,9,0,stuffing,6376
control,l1_hybrid,10,stuffing free toy,0.0,1.0,0.0,10,0,10,0,stuffing,2294
control,l1_hybrid,10,stuffing free toys,0.0,1.0,0.0,10,0,10,0,stuffing,1123
control,l1_hybrid,10,stuffing-free,0.0,1.0,0.0,10,0,10,0,stuffing,1079
control,l1_hybrid,10,suet cakes for wild birds no melt,0.0,0.7,0.3,10,0,7,3,melt,7772
control,l1_hybrid,10,sugar free,0.5,0.4,0.1,10,5,4,1,sugar,1515
control,l1_hybrid,10,sugar free dog treats,0.0,0.2,0.8,10,0,2,8,sugar,9955
control,l1_hybrid,10,sugar free horse treats,0.7,0.2,0.1,10,7,2,1,sugar,8411
control,l1_hybrid,10,taste of the wild dog food grain free,0.1,0.9,0.0,10,1,9,0,grain,1243
control,l1_hybrid,10,taste of the wild grain free,0.0,1.0,0.0,10,0,10,0,grain,2805
control,l1_hybrid,10,taste of the wild grain free dog food,0.3,0.7,0.0,10,3,7,0,grain,8357
control,l1_hybrid,10,taste of the wild high prairie grain-free dry dog food,0.5,0.5,0.0,10,5,5,0,grain,1435
control,l1_hybrid,10,tear free dog shampoo,0.6,0.4,0.0,10,6,4,0,tear,7647
control,l1_hybrid,10,the honest kitchen for dogs grain free,0.2,0.8,0.0,10,2,8,0,grain,1325
control,l1_hybrid,10,the honest kitchen grain free,0.4,0.6,0.0,10,4,6,0,grain,2403
control,l1_hybrid,10,tidy cats free,0.25,0.75,0.0,8,2,6,0,free,1197
control,l1_hybrid,10,tidy cats free & clean unscented,0.4,0.6,0.0,10,4,6,0,unscented,999
control,l1_hybrid,10,tidy cats free and clean unscented,0.4,0.6,0.0,10,4,6,0,unscented,7587
control,l1_hybrid,10,tidy cats non clumping litter for cats,0.4,0.5,0.1,10,4,5,1,non clumping,2835
control,l1_hybrid,10,tiny tiger grain free,0.0,1.0,0.0,10,0,10,0,grain,1318
control,l1_hybrid,10,toy no stuffing,0.0,1.0,0.0,10,0,10,0,stuffing,1060
control,l1_hybrid,10,toys no stuffing,0.0,1.0,0.0,10,0,10,0,stuffing,1635
control,l1_hybrid,10,toys with no stuffing,0.0,1.0,0.0,10,0,10,0,stuffing,4057
control,l1_hybrid,10,treats for dogs with no teeth,0.8,0.2,0.0,10,8,2,0,teeth,1406
control,l1_hybrid,10,tuffy no stuff,0.6,0.4,0.0,10,6,4,0,stuff,1489
control,l1_hybrid,10,turkey grain free,0.2,0.8,0.0,10,2,8,0,grain,1309
control,l1_hybrid,10,ultra grain free,0.4,0.6,0.0,10,4,6,0,grain,978
control,l1_hybrid,10,unscented dust free cat litter,0.4,0.4,0.2,10,4,4,2,"dust, scent",1132
control,l1_hybrid,10,unscented dust free clumping cat litter,1.0,0.0,0.0,10,10,0,0,unscented,972
control,l1_hybrid,10,unscented dust free litter,0.2,0.7,0.1,10,2,7,1,"unscented
dust",1250
control,l1_hybrid,10,unscented non clumping cat litter,0.7,0.3,0.0,10,7,3,0,non clumping,7305
control,l1_hybrid,10,vetivex veterinary dehp free lactated ringers electrolyte injection solution 1000-ml,0.1,0.0,0.9,10,1,0,9,dehp,5570
control,l1_hybrid,10,victor grain free,0.8,0.2,0.0,10,8,2,0,grain,2601
control,l1_hybrid,10,victor grain free dog food,0.5,0.5,0.0,10,5,5,0,grain,5635
control,l1_hybrid,10,victor hi-pro plus 30/20 active sporting high protein gluten-free dry dog food,0.1,0.7,0.2,10,1,7,2,gluten,1151
control,l1_hybrid,10,wag grain free dog food,0.1,0.9,0.0,10,1,9,0,grain,3193
control,l1_hybrid,10,waste free bird seed,0.1,0.7,0.2,10,1,7,2,waste,4797
control,l1_hybrid,10,waste free wild bird seed,0.2,0.7,0.1,10,2,7,1,waste,12115
control,l1_hybrid,10,water bowl no spill,0.6,0.3,0.1,10,6,3,1,spill,2058
control,l1_hybrid,10,weight management dog food no chicken,0.9,0.0,0.1,10,9,0,1,chicken,1021
control,l1_hybrid,10,wellness core grain free,0.0,1.0,0.0,10,0,10,0,grain,1527
control,l1_hybrid,10,wellness core grain free cat food,0.1,0.9,0.0,10,1,9,0,grain,2510
control,l1_hybrid,10,wellness core grain free dog food,0.1,0.9,0.0,10,1,9,0,grain,8637
control,l1_hybrid,10,wellness dry dog food grain free,0.1,0.9,0.0,10,1,9,0,grain,2057
control,l1_hybrid,10,wellness grain free,0.0,1.0,0.0,10,0,10,0,grain,1617
control,l1_hybrid,10,wellness grain free cat food,0.0,1.0,0.0,10,0,10,0,grain,2248
control,l1_hybrid,10,wellness grain free dog food,0.0,1.0,0.0,10,0,10,0,grain,4682
control,l1_hybrid,10,wet cat food grain free,0.0,1.0,0.0,10,0,10,0,grain,16508
control,l1_hybrid,10,wet dog food grain free,0.0,1.0,0.0,10,0,10,0,grain,6455
control,l1_hybrid,10,wet dog food no chicken,1.0,0.0,0.0,10,10,0,0,chicken,1981
control,l1_hybrid,10,wet dog food without chicken,0.7,0.3,0.0,10,7,3,0,chicken,1194
control,l1_hybrid,10,wet grain free cat food,0.0,1.0,0.0,10,0,10,0,grain,4900
control,l1_hybrid,10,wet grain free dog food,0.0,1.0,0.0,10,0,10,0,grain,4103
control,l1_hybrid,10,wet kitten food grain free,0.0,1.0,0.0,10,0,10,0,grain,2250
control,l1_hybrid,10,wheat free cat food,0.0,0.8,0.2,10,0,8,2,wheat,5111
control,l1_hybrid,10,wheat free dog food,0.0,0.9,0.1,10,0,9,1,wheat,6961
control,l1_hybrid,10,wheat free dog treats,0.0,0.9,0.1,10,0,9,1,wheat,9289
control,l1_hybrid,10,wheat free puppy food,0.0,1.0,0.0,10,0,10,0,wheat,4122
control,l1_hybrid,10,whole earth farms grain-free,0.3,0.7,0.0,10,3,7,0,grain,5914
control,l1_hybrid,10,whole hearted grain free,0.6,0.3,0.1,10,6,3,1,grain,1214
control,l1_hybrid,10,wholesome grain free,0.4,0.5,0.1,10,4,5,1,grain,2131
control,l1_hybrid,10,wholesomes grain free dog food,0.4,0.5,0.1,10,4,5,1,grain,2158
control,l1_hybrid,10,wild bird seed no waste,0.0,0.9,0.1,10,0,9,1,waste,14889
control,l1_hybrid,10,yeast free dog food,0.2,0.0,0.8,10,2,0,8,yeast,6961
control,l1_hybrid,36,2 hounds design freedom no pull dog harness,0.6923076923076923,0.07692307692307693,0.23076923076923078,13,9,1,3,pull,13268
control,l1_hybrid,36,acana grain free,0.3055555555555556,0.6666666666666666,0.027777777777777776,36,11,24,1,grain,1372
control,l1_hybrid,36,acana grain free cat,0.08333333333333333,0.3888888888888889,0.5277777777777778,36,3,14,19,grain,1699
control,l1_hybrid,36,acana grain-free food for dogs,0.19444444444444445,0.8055555555555556,0.0,36,7,29,0,grain,3087
control,l1_hybrid,36,adjustable no pull harness,0.8611111111111112,0.027777777777777776,0.1111111111111111,36,31,1,4,pull,974
control,l1_hybrid,36,aller free,0.3055555555555556,0.6111111111111112,0.08333333333333333,36,11,22,3,aller,974
control,l1_hybrid,36,allergy free cat food,0.25,0.6944444444444444,0.05555555555555555,36,9,25,2,allergy,1923
control,l1_hybrid,36,allergy free dog food,0.16666666666666666,0.8333333333333334,0.0,36,6,30,0,allergy,2462
control,l1_hybrid,36,allergy free dog treats,0.3055555555555556,0.5833333333333334,0.1111111111111111,36,11,21,4,allergy,4371
control,l1_hybrid,36,american journey grain free,0.1388888888888889,0.8611111111111112,0.0,36,5,31,0,grain,1049
control,l1_hybrid,36,american journey grain free dog food,0.2222222222222222,0.7777777777777778,0.0,36,8,28,0,grain,3336
control,l1_hybrid,36,audubon park waste free,0.25,0.75,0.0,36,9,27,0,waste free,2251
control,l1_hybrid,36,bark collar no shock,0.5277777777777778,0.1111111111111111,0.3611111111111111,36,19,4,13,shock,3859
control,l1_hybrid,36,barkworthies odor free bully sticks,0.4444444444444444,0.4444444444444444,0.1111111111111111,36,16,16,4,odor,3939
control,l1_hybrid,36,beef dog food grain free,0.0,1.0,0.0,36,0,36,0,grain,1044
control,l1_hybrid,36,beef grain free dog food,0.1111111111111111,0.8888888888888888,0.0,36,4,32,0,grain,2045
control,l1_hybrid,36,beneful grain free,0.3888888888888889,0.4166666666666667,0.19444444444444445,36,14,15,7,grain,1604
control,l1_hybrid,36,best bully sticks odor free,0.027777777777777776,0.9444444444444444,0.027777777777777776,36,1,34,1,odor,2943
control,l1_hybrid,36,best no pull harness,0.6111111111111112,0.3611111111111111,0.027777777777777776,36,22,13,1,pull,1798
control,l1_hybrid,36,beyond dry cat food grain free,0.25,0.7222222222222222,0.027777777777777776,36,9,26,1,grain,5250
control,l1_hybrid,36,beyond grain free,0.5555555555555556,0.4444444444444444,0.0,36,20,16,0,grain,2372
control,l1_hybrid,36,beyond grain free cat food dry,0.2777777777777778,0.7222222222222222,0.0,36,10,26,0,grain,3779
control,l1_hybrid,36,beyond grain free dry cat food,0.25,0.75,0.0,36,9,27,0,grain,2175
control,l1_hybrid,36,beyond grain free wet cat food,0.16666666666666666,0.75,0.08333333333333333,36,6,27,3,grain,1433
control,l1_hybrid,36,beyond simply grain free cat food,0.2777777777777778,0.6944444444444444,0.027777777777777776,36,10,25,1,grain,3366
control,l1_hybrid,36,bird food wild no mess,0.08333333333333333,0.4166666666666667,0.5,36,3,15,18,mess,1138
control,l1_hybrid,36,bird seed no mess,0.027777777777777776,0.5,0.4722222222222222,36,1,18,17,mess,1067
control,l1_hybrid,36,bird seed no waste,0.027777777777777776,0.6944444444444444,0.2777777777777778,36,1,25,10,waste,3357
control,l1_hybrid,36,bird seed wild no mess,0.1111111111111111,0.4166666666666667,0.4722222222222222,36,4,15,17,mess,3963
control,l1_hybrid,36,bird seed wild no waste,0.1111111111111111,0.6388888888888888,0.25,36,4,23,9,waste,16977
control,l1_hybrid,36,bird suet cakes no melt,0.1111111111111111,0.1388888888888889,0.75,36,4,5,27,melt,3661
control,l1_hybrid,36,blue buffalo chicken free,0.8333333333333334,0.1388888888888889,0.027777777777777776,36,30,5,1,chicken,3208
control,l1_hybrid,36,blue buffalo dog food grain free,0.19444444444444445,0.8055555555555556,0.0,36,7,29,0,grain,5564
control,l1_hybrid,36,blue buffalo freedom grain free,0.08333333333333333,0.9166666666666666,0.0,36,3,33,0,grain,2312
control,l1_hybrid,36,blue buffalo grain free,0.2222222222222222,0.7777777777777778,0.0,36,8,28,0,grain,6671
control,l1_hybrid,36,blue buffalo grain free cat food,0.2222222222222222,0.75,0.027777777777777776,36,8,27,1,grain,9576
control,l1_hybrid,36,blue buffalo grain free dog food,0.2777777777777778,0.7222222222222222,0.0,36,10,26,0,grain,18964
control,l1_hybrid,36,blue buffalo grain free dry cat food,0.3055555555555556,0.5833333333333334,0.1111111111111111,36,11,21,4,grain,1161
control,l1_hybrid,36,blue buffalo grain free dry dog food,0.3611111111111111,0.6111111111111112,0.027777777777777776,36,13,22,1,grain,1574
control,l1_hybrid,36,blue buffalo grain free wet cat food,0.027777777777777776,0.9444444444444444,0.027777777777777776,36,1,34,1,grain,1737
control,l1_hybrid,36,blue buffalo grain free wet dog food,0.08333333333333333,0.8611111111111112,0.05555555555555555,36,3,31,2,grain,1694
control,l1_hybrid,36,blue buffalo no chicken,0.9444444444444444,0.05555555555555555,0.0,36,34,2,0,chicken,1087
control,l1_hybrid,36,blue buffalo wet dog food grain free,0.027777777777777776,0.8888888888888888,0.08333333333333333,36,1,32,3,grain,989
control,l1_hybrid,36,blue freedom grain free,0.1111111111111111,0.8888888888888888,0.0,36,4,32,0,grain,2100
control,l1_hybrid,36,blue grain free,0.027777777777777776,0.9722222222222222,0.0,36,1,35,0,grain,1423
control,l1_hybrid,36,bones & chews all natural grain-free jerky,0.0,0.4166666666666667,0.5833333333333334,36,0,15,21,grain,4977
control,l1_hybrid,36,bpa free litter box,0.0,0.0,1.0,36,0,0,36,bpa,1302
control,l1_hybrid,36,bully stick odor free,0.1111111111111111,0.8888888888888888,0.0,36,4,32,0,odor,2368
control,l1_hybrid,36,bully sticks for dogs odor free,0.027777777777777776,0.9444444444444444,0.027777777777777776,36,1,34,1,odor,4428
control,l1_hybrid,36,bully sticks odor free,0.05555555555555555,0.9444444444444444,0.0,36,2,34,0,odor,4104
control,l1_hybrid,36,calcium without d3,0.3611111111111111,0.2222222222222222,0.4166666666666667,36,13,8,15,d3,1856
control,l1_hybrid,36,canidae grain free,0.3055555555555556,0.6944444444444444,0.0,36,11,25,0,grain,4014
control,l1_hybrid,36,canidae grain free dog food,0.25,0.75,0.0,36,9,27,0,grain,2888
control,l1_hybrid,36,canine naturals hide free,0.5555555555555556,0.3888888888888889,0.05555555555555555,36,20,14,2,hide,7376
control,l1_hybrid,36,canned cat food grain free,0.027777777777777776,0.9722222222222222,0.0,36,1,35,0,grain,3121
control,l1_hybrid,36,canned dog food grain free,0.05555555555555555,0.9444444444444444,0.0,36,2,34,0,grain,5595
control,l1_hybrid,36,canned grain free dog food,0.16666666666666666,0.8333333333333334,0.0,36,6,30,0,grain,2676
control,l1_hybrid,36,cat collar no bell,0.9722222222222222,0.0,0.027777777777777776,36,35,0,1,bell,3873
control,l1_hybrid,36,cat dewormer no prescription,0.4166666666666667,0.2777777777777778,0.3055555555555556,36,15,10,11,prescription,23133
control,l1_hybrid,36,cat dry food grain free,0.0,1.0,0.0,36,0,36,0,grain,4630
control,l1_hybrid,36,cat food dry grain free,0.08333333333333333,0.9166666666666666,0.0,36,3,33,0,grain,3203
control,l1_hybrid,36,cat food grain free,0.0,1.0,0.0,36,0,36,0,grain,19117
control,l1_hybrid,36,cat food no chicken,0.8611111111111112,0.08333333333333333,0.05555555555555555,36,31,3,2,chicken,2783
control,l1_hybrid,36,cat food organic grain free,0.08333333333333333,0.8055555555555556,0.1111111111111111,36,3,29,4,grain,4534
control,l1_hybrid,36,cat food pate grain free,0.0,1.0,0.0,36,0,36,0,grain,2011
control,l1_hybrid,36,cat food wet grain free,0.0,1.0,0.0,36,0,36,0,grain,8309
control,l1_hybrid,36,cat food with no additives,0.19444444444444445,0.0,0.8055555555555556,36,7,0,29,additives,1600
control,l1_hybrid,36,cat grain free pate,0.0,1.0,0.0,36,0,36,0,grain,1150
control,l1_hybrid,36,cat kibble grain free,0.1111111111111111,0.8888888888888888,0.0,36,4,32,0,grain,2832
control,l1_hybrid,36,cat litter dust free,0.05555555555555555,0.16666666666666666,0.7777777777777778,36,2,6,28,dust,10997
control,l1_hybrid,36,cat litter fragrance free,0.2222222222222222,0.75,0.027777777777777776,36,8,27,1,fragrance,1351
control,l1_hybrid,36,cat litter no dust,0.08333333333333333,0.19444444444444445,0.7222222222222222,36,3,7,26,dust,8050
control,l1_hybrid,36,cat litter no scent,0.9444444444444444,0.027777777777777776,0.027777777777777776,36,34,1,1,scent,2160
control,l1_hybrid,36,cat litter no tracking,0.2777777777777778,0.19444444444444445,0.5277777777777778,36,10,7,19,tracking,3408
control,l1_hybrid,36,cat no pee,0.7222222222222222,0.2777777777777778,0.0,36,26,10,0,pee,1037
control,l1_hybrid,36,cat no scratch,0.9444444444444444,0.05555555555555555,0.0,36,34,2,0,scratch,1427
control,l1_hybrid,36,cat toys no catnip,1.0,0.0,0.0,36,36,0,0,catnip,1519
control,l1_hybrid,36,cat toys without catnip,1.0,0.0,0.0,4,4,0,0,catnip,1579
control,l1_hybrid,36,cat treats grain free,0.0,1.0,0.0,36,0,36,0,grain,9966
control,l1_hybrid,36,cat treats no chicken,0.9722222222222222,0.0,0.027777777777777776,36,35,0,1,chicken,1187
control,l1_hybrid,36,cat tree no carpet,0.5833333333333334,0.027777777777777776,0.3888888888888889,36,21,1,14,carpet,1496
control,l1_hybrid,36,cat wet food grain free,0.027777777777777776,0.9722222222222222,0.0,36,1,35,0,grain,9500
control,l1_hybrid,36,charlee bear grain free crunch,0.2777777777777778,0.3888888888888889,0.3333333333333333,36,10,14,12,grain,4712
control,l1_hybrid,36,chew bones rawhide free,0.19444444444444445,0.8055555555555556,0.0,36,7,29,0,rawhide,1195
control,l1_hybrid,36,chew no poo,0.7222222222222222,0.2777777777777778,0.0,36,26,10,0,poo,2280
control,l1_hybrid,36,chew no poop,0.7222222222222222,0.2777777777777778,0.0,36,26,10,0,poop,2803
control,l1_hybrid,36,chews no rawhide,0.3333333333333333,0.6666666666666666,0.0,36,12,24,0,rawhide,8496
control,l1_hybrid,36,chick starter feed non medicated,0.2777777777777778,0.5277777777777778,0.19444444444444445,36,10,19,7,medicated,5619
control,l1_hybrid,36,chicken and grain free dog food,0.2777777777777778,0.7222222222222222,0.0,36,10,26,0,grain,1266
control,l1_hybrid,36,chicken feed non gmo,0.9722222222222222,0.0,0.027777777777777776,36,35,0,1,non gmo,2267
control,l1_hybrid,36,chicken feed soy free,0.0,0.6111111111111112,0.3888888888888889,36,0,22,14,soy,1293
control,l1_hybrid,36,chicken free,0.4166666666666667,0.25,0.3333333333333333,36,15,9,12,chicken,4487
control,l1_hybrid,36,chicken free canned dog food,0.9444444444444444,0.05555555555555555,0.0,36,34,2,0,chicken,1444
control,l1_hybrid,36,chicken free cat food,0.75,0.1388888888888889,0.1111111111111111,36,27,5,4,chicken,14097
control,l1_hybrid,36,chicken free cat treats,0.8888888888888888,0.027777777777777776,0.08333333333333333,36,32,1,3,chicken,6356
control,l1_hybrid,36,chicken free dog bones,0.8333333333333334,0.1111111111111111,0.05555555555555555,36,30,4,2,chicken,968
control,l1_hybrid,36,chicken free dog chews,0.75,0.1111111111111111,0.1388888888888889,36,27,4,5,chicken,978
control,l1_hybrid,36,chicken free dog food,0.4444444444444444,0.3611111111111111,0.19444444444444445,36,16,13,7,chicken,38479
control,l1_hybrid,36,chicken free dog treat,0.6666666666666666,0.19444444444444445,0.1388888888888889,36,24,7,5,chicken,1429
control,l1_hybrid,36,chicken free dog treats,0.5833333333333334,0.19444444444444445,0.2222222222222222,36,21,7,8,chicken,68590
control,l1_hybrid,36,chicken free dry cat food,0.8888888888888888,0.0,0.1111111111111111,36,32,0,4,chicken,3842
control,l1_hybrid,36,chicken free dry dog food,0.6111111111111112,0.2222222222222222,0.16666666666666666,36,22,8,6,chicken,124263
control,l1_hybrid,36,chicken free dry dog food for sensitive skin,0.16666666666666666,0.4722222222222222,0.3611111111111111,36,6,17,13,chicken,1228
control,l1_hybrid,36,chicken free dry puppy food,0.8611111111111112,0.0,0.1388888888888889,36,31,0,5,chicken,1272
control,l1_hybrid,36,chicken free large breed puppy food,0.75,0.027777777777777776,0.2222222222222222,36,27,1,8,chicken,979
control,l1_hybrid,36,chicken free pill pockets,0.4166666666666667,0.2777777777777778,0.3055555555555556,36,15,10,11,chicken,3116
control,l1_hybrid,36,chicken free puppy food,0.8611111111111112,0.0,0.1388888888888889,36,31,0,5,chicken,5340
control,l1_hybrid,36,chicken free treat,0.6666666666666666,0.1111111111111111,0.2222222222222222,36,24,4,8,chicken,1329
control,l1_hybrid,36,chicken free treats,0.5833333333333334,0.1388888888888889,0.2777777777777778,36,21,5,10,chicken,3686
control,l1_hybrid,36,chicken free weight control,0.8055555555555556,0.08333333333333333,0.1111111111111111,36,29,3,4,chicken,1015
control,l1_hybrid,36,chicken free wet cat food,1.0,0.0,0.0,36,36,0,0,chicken,3583
control,l1_hybrid,36,chicken free wet dog food,0.8611111111111112,0.1111111111111111,0.027777777777777776,36,31,4,1,chicken,19833
control,l1_hybrid,36,chicken-free cat food,0.5555555555555556,0.1388888888888889,0.3055555555555556,36,20,5,11,chicken,6561
control,l1_hybrid,36,chicken-free dog food,0.2222222222222222,0.5277777777777778,0.25,36,8,19,9,chicken,3218
control,l1_hybrid,36,chicken-free dry dog food,0.3055555555555556,0.3333333333333333,0.3611111111111111,36,11,12,13,chicken,5068
control,l1_hybrid,36,chicken-free wet dog food,0.5,0.3611111111111111,0.1388888888888889,36,18,13,5,chicken,3656
control,l1_hybrid,36,choke free harness,0.05555555555555555,0.9444444444444444,0.0,36,2,34,0,choke,1536
control,l1_hybrid,36,churu grain free,0.0,1.0,0.0,36,0,36,0,grain,1142
control,l1_hybrid,36,clumping cat litter dust free,0.19444444444444445,0.08333333333333333,0.7222222222222222,36,7,3,26,dust,7057
control,l1_hybrid,36,cockatiel food no sunflower seeds,0.4444444444444444,0.027777777777777776,0.5277777777777778,36,16,1,19,sunflower seeds,3792
control,l1_hybrid,36,corn and soy free chicken feed,0.1388888888888889,0.5277777777777778,0.3333333333333333,36,5,19,12,corn and soy,2593
control,l1_hybrid,36,corn free chicken feed,0.1388888888888889,0.5833333333333334,0.2777777777777778,36,5,21,10,corn,6014
control,l1_hybrid,36,corn free chicken scratch,0.3055555555555556,0.25,0.4444444444444444,36,11,9,16,corn,2220
control,l1_hybrid,36,corn free dog food,0.0,0.8611111111111112,0.1388888888888889,36,0,31,5,corn,6183
control,l1_hybrid,36,corn free dry cat food,0.0,1.0,0.0,36,0,36,0,corn,1013
control,l1_hybrid,36,cough free horse,0.16666666666666666,0.8333333333333334,0.0,36,6,30,0,free,6820
control,l1_hybrid,36,country kitchen rawhide free twists,0.3055555555555556,0.5833333333333334,0.1111111111111111,36,11,21,4,rawhide,1202
control,l1_hybrid,36,crunchy grain free dog treats,0.08333333333333333,0.7777777777777778,0.1388888888888889,36,3,28,5,grain,1432
control,l1_hybrid,36,delectables non seafood,0.5,0.3888888888888889,0.1111111111111111,36,18,14,4,seafood,1668
control,l1_hybrid,36,diamond grain free,0.7222222222222222,0.2777777777777778,0.0,36,26,10,0,grain,2150
control,l1_hybrid,36,diamond grain free dog food,0.6666666666666666,0.3055555555555556,0.027777777777777776,36,24,11,1,grain,9975
control,l1_hybrid,36,diamond natural grain free,0.6944444444444444,0.3055555555555556,0.0,36,25,11,0,grain,2679
control,l1_hybrid,36,diamond naturals grain free,0.6666666666666666,0.3055555555555556,0.027777777777777776,36,24,11,1,grain,4384
control,l1_hybrid,36,diamond naturals grain free dog food,0.5555555555555556,0.4166666666666667,0.027777777777777776,36,20,15,1,grain,4547
control,l1_hybrid,36,dog bone rawhide free,0.3333333333333333,0.6388888888888888,0.027777777777777776,36,12,23,1,rawhide,1437
control,l1_hybrid,36,dog bones no rawhide,0.8611111111111112,0.1111111111111111,0.027777777777777776,36,31,4,1,rawhide,8198
control,l1_hybrid,36,dog bones rawhide free,0.4166666666666667,0.5555555555555556,0.027777777777777776,36,15,20,1,rawhide,22731
control,l1_hybrid,36,dog chews rawhide free,0.08333333333333333,0.8888888888888888,0.027777777777777776,36,3,32,1,rawhide,80267
control,l1_hybrid,36,dog dry food grain free,0.0,1.0,0.0,36,0,36,0,grain,2653
control,l1_hybrid,36,dog food chicken free,0.5555555555555556,0.3888888888888889,0.05555555555555555,36,20,14,2,chicken,4370
control,l1_hybrid,36,dog food dry grain free,0.05555555555555555,0.9444444444444444,0.0,36,2,34,0,grain,3977
control,l1_hybrid,36,dog food grain free,0.0,1.0,0.0,36,0,36,0,grain,27813
control,l1_hybrid,36,dog food grain free large breed,0.1111111111111111,0.8611111111111112,0.027777777777777776,36,4,31,1,grain,5771
control,l1_hybrid,36,dog food grain free non-gmo,0.08333333333333333,0.8888888888888888,0.027777777777777776,36,3,32,1,grain,988
control,l1_hybrid,36,dog food no chicken,0.5277777777777778,0.4166666666666667,0.05555555555555555,36,19,15,2,chicken,12053
control,l1_hybrid,36,dog food no corn,0.05555555555555555,0.8055555555555556,0.1388888888888889,36,2,29,5,corn,1250
control,l1_hybrid,36,dog food no grain,0.1111111111111111,0.8888888888888888,0.0,36,4,32,0,grain,2517
control,l1_hybrid,36,dog food poultry free,0.5555555555555556,0.2777777777777778,0.16666666666666666,36,20,10,6,poultry,1332
control,l1_hybrid,36,dog food with no chicken,0.3333333333333333,0.4444444444444444,0.2222222222222222,36,12,16,8,chicken,9753
control,l1_hybrid,36,dog food without chicken,0.2777777777777778,0.5277777777777778,0.19444444444444445,36,10,19,7,chicken,11590
control,l1_hybrid,36,dog harness large no pull,0.8333333333333334,0.16666666666666666,0.0,36,30,6,0,pull,5076
control,l1_hybrid,36,dog harness medium no pull,0.9166666666666666,0.08333333333333333,0.0,36,33,3,0,pull,3091
control,l1_hybrid,36,dog harness no escape,0.1111111111111111,0.8333333333333334,0.05555555555555555,36,4,30,2,escape,1062
control,l1_hybrid,36,dog harness no pull,0.3055555555555556,0.6944444444444444,0.0,36,11,25,0,pull,76414
control,l1_hybrid,36,dog no pull harness,0.05555555555555555,0.9444444444444444,0.0,36,2,34,0,pull,9874
control,l1_hybrid,36,dog non rawhide chews,0.25,0.6944444444444444,0.05555555555555555,36,9,25,2,rawhide,1730
control,l1_hybrid,36,dog rawhide free bones,0.3055555555555556,0.6388888888888888,0.05555555555555555,36,11,23,2,rawhide,1370
control,l1_hybrid,36,dog rawhide free treats,0.05555555555555555,0.9444444444444444,0.0,36,2,34,0,rawhide,2749
control,l1_hybrid,36,dog stroller no zip,0.0,0.3611111111111111,0.6388888888888888,36,0,13,23,zip,1065
control,l1_hybrid,36,dog toy no squeak,0.8333333333333334,0.1111111111111111,0.05555555555555555,36,30,4,2,squeak,1212
control,l1_hybrid,36,dog toy no squeaker,0.9444444444444444,0.027777777777777776,0.027777777777777776,36,34,1,1,squeaker,1524
control,l1_hybrid,36,dog toy no stuffing,0.0,0.9166666666666666,0.08333333333333333,36,0,33,3,stuffing,10254
control,l1_hybrid,36,dog toy stuffing free,0.0,1.0,0.0,36,0,36,0,stuffing,1322
control,l1_hybrid,36,dog toys for large dogs no stuffing,0.16666666666666666,0.7222222222222222,0.1111111111111111,36,6,26,4,stuffing,7409
control,l1_hybrid,36,dog toys no squeak,0.8055555555555556,0.16666666666666666,0.027777777777777776,36,29,6,1,squeak,1702
control,l1_hybrid,36,dog toys no stuffing,0.027777777777777776,0.9444444444444444,0.027777777777777776,36,1,34,1,stuffing,28211
control,l1_hybrid,36,dog toys small dogs stuffing free,0.027777777777777776,0.8888888888888888,0.08333333333333333,36,1,32,3,stuffing,1156
control,l1_hybrid,36,dog toys stuffing free,0.0,1.0,0.0,36,0,36,0,stuffing,2442
control,l1_hybrid,36,dog toys with no stuffing,0.05555555555555555,0.9166666666666666,0.027777777777777776,36,2,33,1,stuffing,7273
control,l1_hybrid,36,dog treats chicken free,0.9444444444444444,0.0,0.05555555555555555,36,34,0,2,chicken,1452
control,l1_hybrid,36,dog treats for dogs with no teeth,0.6944444444444444,0.2777777777777778,0.027777777777777776,36,25,10,1,teeth,3257
control,l1_hybrid,36,dog treats for large dogs grain free,0.08333333333333333,0.5555555555555556,0.3611111111111111,36,3,20,13,grain,1206
control,l1_hybrid,36,dog treats grain free,0.08333333333333333,0.9166666666666666,0.0,36,3,33,0,grain,13152
control,l1_hybrid,36,dog treats no chicken,0.8055555555555556,0.1388888888888889,0.05555555555555555,36,29,5,2,chicken,4753
control,l1_hybrid,36,dog treats no rawhide,0.5277777777777778,0.3888888888888889,0.08333333333333333,36,19,14,3,rawhide,2246
control,l1_hybrid,36,dog treats rawhide free,0.1111111111111111,0.8888888888888888,0.0,36,4,32,0,rawhide,3261
control,l1_hybrid,36,dog treats with no chicken,0.7777777777777778,0.1388888888888889,0.08333333333333333,36,28,5,3,chicken,1095
control,l1_hybrid,36,dog treats without chicken,0.6111111111111112,0.25,0.1388888888888889,36,22,9,5,chicken,4721
control,l1_hybrid,36,dog water bowl no spill,0.2777777777777778,0.5833333333333334,0.1388888888888889,36,10,21,5,spill,23089
control,l1_hybrid,36,dog wet food grain free,0.0,1.0,0.0,36,0,36,0,grain,1300
control,l1_hybrid,36,dry cat food grain free,0.0,1.0,0.0,36,0,36,0,grain,10528
control,l1_hybrid,36,dry cat food no chicken,0.9444444444444444,0.0,0.05555555555555555,36,34,0,2,chicken,999
control,l1_hybrid,36,dry cat food no grain,0.027777777777777776,0.9722222222222222,0.0,36,1,35,0,grain,974
control,l1_hybrid,36,dry dog food chicken free,0.7222222222222222,0.2222222222222222,0.05555555555555555,36,26,8,2,chicken,1536
control,l1_hybrid,36,dry dog food grain free,0.027777777777777776,0.9722222222222222,0.0,36,1,35,0,grain,7777
control,l1_hybrid,36,dry dog food no chicken,0.6111111111111112,0.2222222222222222,0.16666666666666666,36,22,8,6,chicken,2481
control,l1_hybrid,36,dry dog food without chicken,0.2777777777777778,0.4166666666666667,0.3055555555555556,36,10,15,11,chicken,1892
control,l1_hybrid,36,dry grain free cat food,0.0,1.0,0.0,36,0,36,0,grain,5998
control,l1_hybrid,36,dry grain free dog food,0.16666666666666666,0.8333333333333334,0.0,36,6,30,0,grain,4159
control,l1_hybrid,36,dust free cat litter,0.0,0.25,0.75,36,0,9,27,dust,68627
control,l1_hybrid,36,dust free clumping cat litter,0.08333333333333333,0.08333333333333333,0.8333333333333334,36,3,3,30,dust,33448
control,l1_hybrid,36,dust free clumping litter,0.1388888888888889,0.1111111111111111,0.75,36,5,4,27,dust,1145
control,l1_hybrid,36,dust free litter,0.0,0.3888888888888889,0.6111111111111112,36,0,14,22,dust,8568
control,l1_hybrid,36,dust free unscented clumping cat litter,0.0,0.16666666666666666,0.8333333333333334,36,0,6,30,dust,6504
control,l1_hybrid,36,earth animal no hide,0.0,1.0,0.0,36,0,36,0,hide,7495
control,l1_hybrid,36,earth animal no hide chews,0.0,1.0,0.0,36,0,36,0,hide,2188
control,l1_hybrid,36,earth animal no hide chews large,0.0,1.0,0.0,36,0,36,0,hide,972
control,l1_hybrid,36,earth animal no hide medium,0.0,1.0,0.0,36,0,36,0,hide,1153
control,l1_hybrid,36,earth animal no hide rolls,0.0,1.0,0.0,36,0,36,0,hide,1258
control,l1_hybrid,36,easy walk no pull harness,0.08333333333333333,0.5833333333333334,0.3333333333333333,36,3,21,12,pull,4342
control,l1_hybrid,36,fancy feast grain free,0.3888888888888889,0.5,0.1111111111111111,36,14,18,4,grain,2313
control,l1_hybrid,36,fancy feast grain free pate,0.08333333333333333,0.4444444444444444,0.4722222222222222,36,3,16,17,grain,1036
control,l1_hybrid,36,fancy feast grain free wet cat food,0.027777777777777776,0.2777777777777778,0.6944444444444444,36,1,10,25,grain,12994
control,l1_hybrid,36,farmina grain free,0.4444444444444444,0.5,0.05555555555555555,36,16,18,2,grain,2750
control,l1_hybrid,36,farmina grain free dog food,0.3888888888888889,0.4166666666666667,0.19444444444444445,36,14,15,7,grain,3081
control,l1_hybrid,36,fat free dog treats,0.3888888888888889,0.05555555555555555,0.5555555555555556,36,14,2,20,fat,7786
control,l1_hybrid,36,fish free cat food,0.8888888888888888,0.05555555555555555,0.05555555555555555,36,32,2,2,fish,1456
control,l1_hybrid,36,fly mask without ears,0.75,0.19444444444444445,0.05555555555555555,36,27,7,2,ears,3567
control,l1_hybrid,36,food grain free,0.027777777777777776,0.9722222222222222,0.0,36,1,35,0,grain,4785
control,l1_hybrid,36,fragrance free cat litter,0.16666666666666666,0.75,0.08333333333333333,36,6,27,3,fragrance,8207
control,l1_hybrid,36,fragrance free dog shampoo,0.3055555555555556,0.19444444444444445,0.5,36,11,7,18,fragrance,3644
control,l1_hybrid,36,freedom grain free cat food,0.05555555555555555,0.9444444444444444,0.0,36,2,34,0,grain,2773
control,l1_hybrid,36,freedom grain free dog food,0.1111111111111111,0.8888888888888888,0.0,36,4,32,0,grain,8393
control,l1_hybrid,36,freedom no pull harness,0.8888888888888888,0.1111111111111111,0.0,36,32,4,0,pull,17745
control,l1_hybrid,36,fresh pet grain free,0.027777777777777776,0.9444444444444444,0.027777777777777776,36,1,34,1,grain,3969
control,l1_hybrid,36,fresh pet grain free dog food,0.2777777777777778,0.6111111111111112,0.1111111111111111,36,10,22,4,grain,1711
control,l1_hybrid,36,fresh step cat litter non clumping,0.4722222222222222,0.5277777777777778,0.0,36,17,19,0,non clumping,7310
control,l1_hybrid,36,fresh step dust free,0.027777777777777776,0.3333333333333333,0.6388888888888888,36,1,12,23,dust,1279
control,l1_hybrid,36,fresh step non clumping cat litter,0.4444444444444444,0.5277777777777778,0.027777777777777776,36,16,19,1,non clumping,30486
control,l1_hybrid,36,frisco no pull harness,0.5,0.5,0.0,36,18,18,0,pull,1291
control,l1_hybrid,36,frisco padded no pull dog harness,0.68,0.28,0.04,25,17,7,1,pull,1101
control,l1_hybrid,36,frisco stuffing free,0.0,1.0,0.0,36,0,36,0,stuffing,2257
control,l1_hybrid,36,fromm grain free,0.5555555555555556,0.4166666666666667,0.027777777777777776,36,20,15,1,grain,1032
control,l1_hybrid,36,front clip no pull harness,0.5161290322580645,0.41935483870967744,0.06451612903225806,31,16,13,2,pull,1120
control,l1_hybrid,36,gain free dog food,0.08333333333333333,0.9166666666666666,0.0,36,3,33,0,gain,977
control,l1_hybrid,36,gluten free,0.1111111111111111,0.5833333333333334,0.3055555555555556,36,4,21,11,gluten,2039
control,l1_hybrid,36,gluten free cat food,0.0,0.8611111111111112,0.1388888888888889,36,0,31,5,gluten,8910
control,l1_hybrid,36,gluten free cat treats,0.0,0.3888888888888889,0.6111111111111112,36,0,14,22,gluten,1113
control,l1_hybrid,36,gluten free dog food,0.16666666666666666,0.6944444444444444,0.1388888888888889,36,6,25,5,gluten,32569
control,l1_hybrid,36,gluten free dog treats,0.027777777777777776,0.7777777777777778,0.19444444444444445,36,1,28,7,gluten,14910
control,l1_hybrid,36,gluten free dry dog food,0.25,0.7222222222222222,0.027777777777777776,36,9,26,1,gluten,1196
control,l1_hybrid,36,gluten free puppy food,0.3055555555555556,0.5555555555555556,0.1388888888888889,36,11,20,5,gluten,1459
control,l1_hybrid,36,gluten free wet cat food,0.0,0.8611111111111112,0.1388888888888889,36,0,31,5,gluten,1955
control,l1_hybrid,36,gluten free wet dog food,0.1388888888888889,0.7222222222222222,0.1388888888888889,36,5,26,5,gluten,1696
control,l1_hybrid,36,gmo free dog food,0.0,0.8611111111111112,0.1388888888888889,36,0,31,5,gmo,7978
control,l1_hybrid,36,good lovin no rawhide,0.4444444444444444,0.027777777777777776,0.5277777777777778,36,16,1,19,rawhide,1165
control,l1_hybrid,36,grain and chicken free dog food,0.6666666666666666,0.3333333333333333,0.0,36,24,12,0,"grain, chicken",1316
control,l1_hybrid,36,grain free,0.08333333333333333,0.9166666666666666,0.0,36,3,33,0,grain,27310
control,l1_hybrid,36,grain free adult dog food,0.027777777777777776,0.9722222222222222,0.0,36,1,35,0,grain,6444
control,l1_hybrid,36,grain free air dried dog food,0.0,0.9444444444444444,0.05555555555555555,36,0,34,2,grain,1151
control,l1_hybrid,36,grain free beef dog food,0.0,1.0,0.0,36,0,36,0,grain,3945
control,l1_hybrid,36,grain free beef dry dog food,0.1111111111111111,0.8888888888888888,0.0,36,4,32,0,grain,1022
control,l1_hybrid,36,grain free biscuits,0.1388888888888889,0.8055555555555556,0.05555555555555555,36,5,29,2,grain,1010
control,l1_hybrid,36,grain free blue buffalo dog food,0.2222222222222222,0.7777777777777778,0.0,36,8,28,0,grain,1932
control,l1_hybrid,36,grain free canned cat food,0.0,0.9722222222222222,0.027777777777777776,36,0,35,1,grain,11102
control,l1_hybrid,36,grain free canned dog food,0.0,1.0,0.0,36,0,36,0,grain,12390
control,l1_hybrid,36,grain free cat,0.0,1.0,0.0,36,0,36,0,grain,6488
control,l1_hybrid,36,grain free cat dry food,0.027777777777777776,0.9722222222222222,0.0,36,1,35,0,grain,2783
control,l1_hybrid,36,grain free cat food,0.0,1.0,0.0,36,0,36,0,grain,76423
control,l1_hybrid,36,grain free cat food dry,0.027777777777777776,0.9722222222222222,0.0,36,1,35,0,grain,14537
control,l1_hybrid,36,grain free cat food wet,0.0,0.9166666666666666,0.08333333333333333,36,0,33,3,grain,11361
control,l1_hybrid,36,grain free cat pate,0.0,1.0,0.0,36,0,36,0,grain,1210
control,l1_hybrid,36,grain free cat treat,0.0,1.0,0.0,36,0,36,0,grain,6878
control,l1_hybrid,36,grain free cat treats,0.0,1.0,0.0,36,0,36,0,grain,40628
control,l1_hybrid,36,grain free cat wet food,0.0,0.9166666666666666,0.08333333333333333,36,0,33,3,grain,5735
control,l1_hybrid,36,grain free chicken cat food,0.027777777777777776,0.9444444444444444,0.027777777777777776,36,1,34,1,grain,1128
control,l1_hybrid,36,grain free chicken dog food,0.16666666666666666,0.8333333333333334,0.0,36,6,30,0,grain,1250
control,l1_hybrid,36,grain free chicken dog treats,0.05555555555555555,0.9444444444444444,0.0,36,2,34,0,grain,1542
control,l1_hybrid,36,grain free chicken free dog food,0.7222222222222222,0.25,0.027777777777777776,36,26,9,1,"grain, chicken",8785
control,l1_hybrid,36,grain free chicken free dog treats,0.75,0.2222222222222222,0.027777777777777776,36,27,8,1,"grain, chicken",4078
control,l1_hybrid,36,grain free chicken pate cat food,0.0,0.9444444444444444,0.05555555555555555,36,0,34,2,grain,1418
control,l1_hybrid,36,grain free dental chews,0.0,0.9166666666666666,0.08333333333333333,36,0,33,3,grain,5153
control,l1_hybrid,36,grain free diet dog food,0.027777777777777776,0.9722222222222222,0.0,36,1,35,0,grain,4566
control,l1_hybrid,36,grain free dog,0.0,1.0,0.0,36,0,36,0,grain,7358
control,l1_hybrid,36,grain free dog biscuits,0.0,0.9722222222222222,0.027777777777777776,36,0,35,1,grain,7074
control,l1_hybrid,36,grain free dog bones,0.08333333333333333,0.6944444444444444,0.2222222222222222,36,3,25,8,grain,2681
control,l1_hybrid,36,grain free dog chews,0.027777777777777776,0.7777777777777778,0.19444444444444445,36,1,28,7,grain,1598
control,l1_hybrid,36,grain free dog food,0.0,1.0,0.0,36,0,36,0,grain,611730
control,l1_hybrid,36,grain free dog food 40 lb bag,0.2222222222222222,0.7777777777777778,0.0,36,8,28,0,grain,4206
control,l1_hybrid,36,grain free dog food 40lbs,0.1388888888888889,0.8611111111111112,0.0,36,5,31,0,grain,5458
control,l1_hybrid,36,grain free dog food dry,0.027777777777777776,0.9722222222222222,0.0,36,1,35,0,grain,3723
control,l1_hybrid,36,grain free dog food large breed,0.16666666666666666,0.8055555555555556,0.027777777777777776,36,6,29,1,grain,18579
control,l1_hybrid,36,grain free dog food salmon,0.08333333333333333,0.9166666666666666,0.0,36,3,33,0,grain,1725
control,l1_hybrid,36,grain free dog food small breed,0.027777777777777776,0.9722222222222222,0.0,36,1,35,0,grain,16175
control,l1_hybrid,36,grain free dog food wet,0.0,0.9722222222222222,0.027777777777777776,36,0,35,1,grain,7838
control,l1_hybrid,36,grain free dog kibble,0.0,1.0,0.0,36,0,36,0,grain,1556
control,l1_hybrid,36,grain free dog training treats,0.0,0.8055555555555556,0.19444444444444445,36,0,29,7,grain,2820
control,l1_hybrid,36,grain free dog treat,0.08333333333333333,0.9166666666666666,0.0,36,3,33,0,grain,10410
control,l1_hybrid,36,grain free dog treats,0.05555555555555555,0.9444444444444444,0.0,36,2,34,0,grain,138329
control,l1_hybrid,36,grain free dog treats for large dogs,0.1111111111111111,0.8333333333333334,0.05555555555555555,36,4,30,2,grain,997
control,l1_hybrid,36,grain free dog treats for medium dogs,0.05555555555555555,0.8888888888888888,0.05555555555555555,36,2,32,2,grain,5358
control,l1_hybrid,36,grain free dog treats small breed,0.1111111111111111,0.8333333333333334,0.05555555555555555,36,4,30,2,grain,4076
control,l1_hybrid,36,grain free dog wet food,0.0,1.0,0.0,36,0,36,0,grain,1019
control,l1_hybrid,36,grain free dogfood no probiotic,0.0,0.0,1.0,36,0,0,36,probiotic,982
control,l1_hybrid,36,grain free dry,0.027777777777777776,0.9722222222222222,0.0,36,1,35,0,grain,4891
control,l1_hybrid,36,grain free dry adult dog food,0.0,1.0,0.0,36,0,36,0,grain,1350
control,l1_hybrid,36,grain free dry cat food,0.0,1.0,0.0,36,0,36,0,grain,197068
control,l1_hybrid,36,grain free dry dog food,0.0,1.0,0.0,36,0,36,0,grain,56421
control,l1_hybrid,36,grain free dry kitten food,0.2222222222222222,0.7777777777777778,0.0,36,8,28,0,grain,6226
control,l1_hybrid,36,grain free duck dog food,0.08333333333333333,0.9166666666666666,0.0,36,3,33,0,grain,1431
control,l1_hybrid,36,grain free fancy feast,0.19444444444444445,0.3333333333333333,0.4722222222222222,36,7,12,17,grain,1914
control,l1_hybrid,36,grain free fish dog food,0.16666666666666666,0.8333333333333334,0.0,36,6,30,0,grain,2293
control,l1_hybrid,36,grain free food,0.0,1.0,0.0,36,0,36,0,grain,1420
control,l1_hybrid,36,grain free freeze dried dog food,0.05555555555555555,0.9444444444444444,0.0,36,2,34,0,grain,1795
control,l1_hybrid,36,grain free fresh dog food,0.1388888888888889,0.6944444444444444,0.16666666666666666,36,5,25,6,grain,1289
control,l1_hybrid,36,grain free fruit dog treats,0.1111111111111111,0.5833333333333334,0.3055555555555556,36,4,21,11,grain,1411
control,l1_hybrid,36,grain free greenies,0.05555555555555555,0.1388888888888889,0.8055555555555556,36,2,5,29,grain,2564
control,l1_hybrid,36,grain free high protein cat food,0.05555555555555555,0.9444444444444444,0.0,36,2,34,0,grain,2937
control,l1_hybrid,36,grain free high protein dog food,0.2222222222222222,0.7777777777777778,0.0,36,8,28,0,grain,1843
control,l1_hybrid,36,grain free high protein dry cat food,0.027777777777777776,0.9722222222222222,0.0,36,1,35,0,grain,1029
control,l1_hybrid,36,grain free honest kitchen,0.6944444444444444,0.3055555555555556,0.0,36,25,11,0,grain,1122
control,l1_hybrid,36,grain free jerky,0.027777777777777776,0.9722222222222222,0.0,36,1,35,0,grain,1571
control,l1_hybrid,36,grain free kibble,0.0,1.0,0.0,36,0,36,0,grain,1409
control,l1_hybrid,36,grain free kitten dry food,0.1111111111111111,0.8333333333333334,0.05555555555555555,36,4,30,2,grain,5861
control,l1_hybrid,36,grain free kitten food,0.027777777777777776,0.9722222222222222,0.0,36,1,35,0,grain,16286
control,l1_hybrid,36,grain free kitten wet food,0.027777777777777776,0.8611111111111112,0.1111111111111111,36,1,31,4,grain,4500
control,l1_hybrid,36,grain free lamb dog food,0.05555555555555555,0.9444444444444444,0.0,36,2,34,0,grain,3771
control,l1_hybrid,36,grain free large breed dog food,0.08333333333333333,0.9166666666666666,0.0,36,3,33,0,grain,2530
control,l1_hybrid,36,grain free limited ingredient cat food,0.0,1.0,0.0,36,0,36,0,grain,1729
control,l1_hybrid,36,grain free limited ingredient dog food,0.027777777777777776,0.9722222222222222,0.0,36,1,35,0,grain,3438
control,l1_hybrid,36,grain free low fat dog food,0.3888888888888889,0.4166666666666667,0.19444444444444445,36,14,15,7,grain,2100
control,l1_hybrid,36,grain free organic dog food,0.1388888888888889,0.8611111111111112,0.0,36,5,31,0,grain,1002
control,l1_hybrid,36,grain free pate,0.0,1.0,0.0,36,0,36,0,grain,1578
control,l1_hybrid,36,grain free pate cat food,0.0,1.0,0.0,36,0,36,0,grain,8858
control,l1_hybrid,36,grain free peanut butter dog treats,0.08333333333333333,0.6388888888888888,0.2777777777777778,36,3,23,10,grain,1000
control,l1_hybrid,36,grain free puppy,0.16666666666666666,0.8055555555555556,0.027777777777777776,36,6,29,1,grain,1472
control,l1_hybrid,36,grain free puppy food,0.3055555555555556,0.6944444444444444,0.0,36,11,25,0,grain,34872
control,l1_hybrid,36,grain free puppy treats,0.19444444444444445,0.6388888888888888,0.16666666666666666,36,7,23,6,grain,1999
control,l1_hybrid,36,grain free purina dog food,0.1111111111111111,0.8888888888888888,0.0,36,4,32,0,grain,1470
control,l1_hybrid,36,grain free purina pro plan,0.5833333333333334,0.3888888888888889,0.027777777777777776,36,21,14,1,grain,1558
control,l1_hybrid,36,grain free rabbit cat food,0.027777777777777776,0.9444444444444444,0.027777777777777776,36,1,34,1,grain,1266
control,l1_hybrid,36,grain free rabbit food,0.2777777777777778,0.7222222222222222,0.0,36,10,26,0,grain,1121
control,l1_hybrid,36,grain free salmon,0.08333333333333333,0.9166666666666666,0.0,36,3,33,0,grain,1422
control,l1_hybrid,36,grain free salmon cat food,0.0,1.0,0.0,36,0,36,0,grain,1083
control,l1_hybrid,36,grain free salmon dog food,0.1111111111111111,0.8888888888888888,0.0,36,4,32,0,grain,15202
control,l1_hybrid,36,grain free salmon dry dog food,0.027777777777777776,0.9722222222222222,0.0,36,1,35,0,grain,2485
control,l1_hybrid,36,grain free senior cat food,0.3055555555555556,0.6666666666666666,0.027777777777777776,36,11,24,1,grain,2261
control,l1_hybrid,36,grain free senior dog food,0.2777777777777778,0.6666666666666666,0.05555555555555555,36,10,24,2,grain,10021
control,l1_hybrid,36,grain free sensitive stomach cat food,0.2777777777777778,0.5,0.2222222222222222,36,10,18,8,grain,1967
control,l1_hybrid,36,grain free sensitive stomach dog food,0.027777777777777776,0.9166666666666666,0.05555555555555555,36,1,33,2,grain,1344
control,l1_hybrid,36,grain free small breed,0.1388888888888889,0.8611111111111112,0.0,36,5,31,0,grain,1062
control,l1_hybrid,36,grain free small breed dry dog food,0.027777777777777776,0.9722222222222222,0.0,36,1,35,0,grain,7815
control,l1_hybrid,36,grain free small dog food,0.0,1.0,0.0,36,0,36,0,grain,1123
control,l1_hybrid,36,grain free soft dog food,0.2222222222222222,0.7777777777777778,0.0,36,8,28,0,grain,1084
control,l1_hybrid,36,grain free soft dog treats,0.08333333333333333,0.8611111111111112,0.05555555555555555,36,3,31,2,grain,2972
control,l1_hybrid,36,grain free training treats,0.027777777777777776,0.75,0.2222222222222222,36,1,27,8,grain,997
control,l1_hybrid,36,grain free training treats for dogs,0.027777777777777776,0.7777777777777778,0.19444444444444445,36,1,28,7,grain,2451
control,l1_hybrid,36,grain free treats,0.08333333333333333,0.9166666666666666,0.0,36,3,33,0,grain,9238
control,l1_hybrid,36,grain free treats for dogs,0.05555555555555555,0.9444444444444444,0.0,36,2,34,0,grain,12609
control,l1_hybrid,36,grain free weight control dog food,0.3888888888888889,0.5555555555555556,0.05555555555555555,36,14,20,2,grain,970
control,l1_hybrid,36,grain free weight management dog food,0.4722222222222222,0.4444444444444444,0.08333333333333333,36,17,16,3,grain,1758
control,l1_hybrid,36,grain free wet,0.16666666666666666,0.8055555555555556,0.027777777777777776,36,6,29,1,grain,4438
control,l1_hybrid,36,grain free wet cat food,0.0,0.9722222222222222,0.027777777777777776,36,0,35,1,grain,162972
control,l1_hybrid,36,grain free wet cat food gravy,0.0,0.9722222222222222,0.027777777777777776,36,0,35,1,grain,2407
control,l1_hybrid,36,grain free wet cat food in gravy,0.027777777777777776,0.9166666666666666,0.05555555555555555,36,1,33,2,grain,1303
control,l1_hybrid,36,grain free wet cat food pate,0.0,1.0,0.0,36,0,36,0,grain,5664
control,l1_hybrid,36,grain free wet dog food,0.027777777777777776,0.9722222222222222,0.0,36,1,35,0,grain,60526
control,l1_hybrid,36,grain free wet food,0.05555555555555555,0.9444444444444444,0.0,36,2,34,0,grain,2504
control,l1_hybrid,36,grain free wet food cat,0.0,0.9722222222222222,0.027777777777777776,36,0,35,1,grain,1388
control,l1_hybrid,36,grain free wet kitten food,0.027777777777777776,0.9444444444444444,0.027777777777777776,36,1,34,1,grain,3865
control,l1_hybrid,36,grain-free cat food,0.027777777777777776,0.9722222222222222,0.0,36,1,35,0,grain,11965
control,l1_hybrid,36,grain-free cat food 5.5 oz,0.1388888888888889,0.8611111111111112,0.0,36,5,31,0,grain,1346
control,l1_hybrid,36,grain-free cat treats,0.0,1.0,0.0,36,0,36,0,grain,4411
control,l1_hybrid,36,grain-free dog food,0.0,1.0,0.0,36,0,36,0,grain,6389
control,l1_hybrid,36,grain-free dry cat food,0.027777777777777776,0.9722222222222222,0.0,36,1,35,0,grain,2485
control,l1_hybrid,36,grain-free dry dog food,0.0,1.0,0.0,36,0,36,0,grain,3951
control,l1_hybrid,36,grain-free kitten food,0.05555555555555555,0.9444444444444444,0.0,36,2,34,0,grain,1368
control,l1_hybrid,36,grain-free puppy food,0.2777777777777778,0.7222222222222222,0.0,36,10,26,0,grain,3839
control,l1_hybrid,36,grainfree,0.0,1.0,0.0,36,0,36,0,grain,1016
control,l1_hybrid,36,grainfree dog food,0.0,1.0,0.0,36,0,36,0,grain,8254
control,l1_hybrid,36,grainfree dry,0.027777777777777776,0.9722222222222222,0.0,36,1,35,0,grain,4253
control,l1_hybrid,36,grainfree dry cat food,0.027777777777777776,0.9722222222222222,0.0,36,1,35,0,grain,2854
control,l1_hybrid,36,grainfree wet dog food,0.0,1.0,0.0,36,0,36,0,grain,1120
control,l1_hybrid,36,greenies grain free,0.1388888888888889,0.16666666666666666,0.6944444444444444,36,5,6,25,grain,2143
control,l1_hybrid,36,greenies grain free dental treats for dogs,0.25,0.08333333333333333,0.6666666666666666,36,9,3,24,grain,3043
control,l1_hybrid,36,halti no pull harness,0.8055555555555556,0.19444444444444445,0.0,36,29,7,0,pull,16145
control,l1_hybrid,36,halti nylon padded no pull dog headcollar,0.5161290322580645,0.45161290322580644,0.03225806451612903,31,16,14,1,pull,3333
control,l1_hybrid,36,harness for large dog no pull,0.5277777777777778,0.4722222222222222,0.0,36,19,17,0,pull,21244
control,l1_hybrid,36,harness for medium dog no pull,0.75,0.25,0.0,36,27,9,0,pull,3986
control,l1_hybrid,36,harness for small dog no pull,0.4722222222222222,0.5277777777777778,0.0,36,17,19,0,pull,4085
control,l1_hybrid,36,harness no pull,0.3055555555555556,0.6944444444444444,0.0,36,11,25,0,pull,8042
control,l1_hybrid,36,hide free,0.9444444444444444,0.05555555555555555,0.0,36,34,2,0,hide,3326
control,l1_hybrid,36,hide free chews,0.7777777777777778,0.2222222222222222,0.0,36,28,8,0,hide,2987
control,l1_hybrid,36,hide free chicken recipe sticks,0.5833333333333334,0.4166666666666667,0.0,36,21,15,0,hide,4091
control,l1_hybrid,36,hide free dog chews,0.8333333333333334,0.16666666666666666,0.0,36,30,6,0,hide,7175
control,l1_hybrid,36,high protein grain free cat food,0.0,0.9722222222222222,0.027777777777777776,36,0,35,1,grain,2873
control,l1_hybrid,36,high protein grain free dog food,0.0,1.0,0.0,36,0,36,0,grain,2240
control,l1_hybrid,36,hills grain free,0.4444444444444444,0.5555555555555556,0.0,36,16,20,0,grain,1934
control,l1_hybrid,36,hills grain free dog food,0.5555555555555556,0.4444444444444444,0.0,36,20,16,0,grain,1614
control,l1_hybrid,36,hills grain free dog treats,0.2222222222222222,0.3611111111111111,0.4166666666666667,36,8,13,15,grain,1039
control,l1_hybrid,36,hills grain free soft baked naturals,0.2777777777777778,0.5277777777777778,0.19444444444444445,36,10,19,7,grain,2698
control,l1_hybrid,36,hills science diet grain free,0.9444444444444444,0.05555555555555555,0.0,36,34,2,0,grain,2229
control,l1_hybrid,36,hills science diet no corn,0.05555555555555555,0.19444444444444445,0.75,36,2,7,27,corn,1007
control,l1_hybrid,36,hills science grain free,0.9166666666666666,0.08333333333333333,0.0,36,33,3,0,grain,1458
control,l1_hybrid,36,honest kitchen beef grain free,0.5,0.4444444444444444,0.05555555555555555,36,18,16,2,grain,1152
control,l1_hybrid,36,honest kitchen dehydrated dog food grain free,0.6111111111111112,0.3611111111111111,0.027777777777777776,36,22,13,1,grain,1269
control,l1_hybrid,36,honest kitchen grain free,0.6944444444444444,0.3055555555555556,0.0,36,25,11,0,grain,3478
control,l1_hybrid,36,honest kitchen grain free beef,0.4722222222222222,0.5,0.027777777777777776,36,17,18,1,grain,6296
control,l1_hybrid,36,honest kitchen grain free dehydrated dog food,0.5555555555555556,0.4444444444444444,0.0,36,20,16,0,grain,1714
control,l1_hybrid,36,honest kitchen grain free dog food,0.5,0.5,0.0,36,18,18,0,grain,4178
control,l1_hybrid,36,horse fly mask without ears,0.6666666666666666,0.19444444444444445,0.1388888888888889,36,24,7,5,ears,5781
control,l1_hybrid,36,iams grain free cat food,0.4166666666666667,0.5833333333333334,0.0,36,15,21,0,grain,2047
control,l1_hybrid,36,instinct grain free,0.05555555555555555,0.9444444444444444,0.0,36,2,34,0,grain,1055
control,l1_hybrid,36,instinct raw meals real beef recipe grain-free adult freeze-dried dog food 25-oz bag,0.2777777777777778,0.6666666666666666,0.05555555555555555,36,10,24,2,grain,1048
control,l1_hybrid,36,iodine free cat food,0.0,0.05555555555555555,0.9444444444444444,36,0,2,34,iodine,3331
control,l1_hybrid,36,jinx grain free,0.16666666666666666,0.6388888888888888,0.19444444444444445,36,6,23,7,grain,1000
control,l1_hybrid,36,jinx grain free dog food,0.1111111111111111,0.5833333333333334,0.3055555555555556,36,4,21,11,grain,2938
control,l1_hybrid,36,kaytee no mess,0.027777777777777776,0.7777777777777778,0.19444444444444445,36,1,28,7,mess,992
control,l1_hybrid,36,kaytee no mess blend wild bird food,0.1111111111111111,0.5555555555555556,0.3333333333333333,36,4,20,12,mess,2512
control,l1_hybrid,36,kaytee wild bird food no mess,0.08333333333333333,0.25,0.6666666666666666,36,3,9,24,mess,998
control,l1_hybrid,36,kitten dry food grain free,0.19444444444444445,0.7777777777777778,0.027777777777777776,36,7,28,1,grain,10184
control,l1_hybrid,36,kitten food grain free,0.1111111111111111,0.8611111111111112,0.027777777777777776,36,4,31,1,grain,6119
control,l1_hybrid,36,kitten grain free,0.027777777777777776,0.9722222222222222,0.0,36,1,35,0,grain,2322
control,l1_hybrid,36,kitten grain free wet food,0.027777777777777776,0.9166666666666666,0.05555555555555555,36,1,33,2,grain,1749
control,l1_hybrid,36,kitten wet food grain free,0.1111111111111111,0.8888888888888888,0.0,36,4,32,0,grain,7774
control,l1_hybrid,36,kitten wet grain free food,0.08333333333333333,0.8333333333333334,0.08333333333333333,36,3,30,3,grain,993
control,l1_hybrid,36,kitty litter non clumping,0.08333333333333333,0.9166666666666666,0.0,36,3,33,0,clumping,6396
control,l1_hybrid,36,lamb grain free dog food,0.16666666666666666,0.8333333333333334,0.0,36,6,30,0,grain,2809
control,l1_hybrid,36,large breed grain free dog food,0.19444444444444445,0.8055555555555556,0.0,36,7,29,0,grain,1263
control,l1_hybrid,36,large breed puppy food grain free,0.5,0.5,0.0,36,18,18,0,grain,1963
control,l1_hybrid,36,large breed puppy food no chicken,0.6944444444444444,0.0,0.3055555555555556,36,25,0,11,chicken,1134
control,l1_hybrid,36,large dog bones rawhide free,0.2777777777777778,0.5555555555555556,0.16666666666666666,36,10,20,6,rawhide,6861
control,l1_hybrid,36,large dog harness no pull,0.7777777777777778,0.2222222222222222,0.0,36,28,8,0,pull,8655
control,l1_hybrid,36,legume free dog food,0.4722222222222222,0.08333333333333333,0.4444444444444444,36,17,3,16,legume,7084
control,l1_hybrid,36,lickable cat treats grain free,0.0,0.8055555555555556,0.19444444444444445,36,0,29,7,grain,1128
control,l1_hybrid,36,licks pill free,1.0,0.0,0.0,36,36,0,0,pill,2506
control,l1_hybrid,36,limited ingredient grain free dog food,0.08333333333333333,0.9166666666666666,0.0,36,3,33,0,grain,2088
control,l1_hybrid,36,litter dust free,0.027777777777777776,0.3333333333333333,0.6388888888888888,36,1,12,23,dust,3928
control,l1_hybrid,36,litter no dust,0.05555555555555555,0.25,0.6944444444444444,36,2,9,25,dust,2280
control,l1_hybrid,36,litter non clumping,0.7222222222222222,0.25,0.027777777777777776,36,26,9,1,non clumping,4359
control,l1_hybrid,36,low fat grain free dog food,1.0,0.0,0.0,36,36,0,0,"grain, fat",1870
control,l1_hybrid,36,merrick grain free,0.1388888888888889,0.8333333333333334,0.027777777777777776,36,5,30,1,grain,4055
control,l1_hybrid,36,merrick grain free dry dog food,0.3055555555555556,0.6944444444444444,0.0,36,11,25,0,grain,6428
control,l1_hybrid,36,merrick lil plates grain free dog food,0.16666666666666666,0.8333333333333334,0.0,36,6,30,0,grain,3343
control,l1_hybrid,36,merrick real texas beef + sweet potato recipe grain-free chicken-free adult dry dog food,0.0,1.0,0.0,2,0,2,0,"grain, chicken",1424
control,l1_hybrid,36,mess free bird seed,0.027777777777777776,0.6111111111111112,0.3611111111111111,36,1,22,13,mess,1049
control,l1_hybrid,36,mess free water bowl,0.027777777777777776,0.9166666666666666,0.05555555555555555,36,1,33,2,mess,4645
control,l1_hybrid,36,natural farm odor-free bully sticks,0.16666666666666666,0.25,0.5833333333333334,36,6,9,21,odor,4570
control,l1_hybrid,36,nature's recipe grain free,0.2222222222222222,0.7777777777777778,0.0,36,8,28,0,grain,2587
control,l1_hybrid,36,natures logic grain free,0.3055555555555556,0.6388888888888888,0.05555555555555555,36,11,23,2,grain,972
control,l1_hybrid,36,natures recipe grain free,0.25,0.75,0.0,36,9,27,0,grain,6270
control,l1_hybrid,36,natures recipe grain free dog food,0.2222222222222222,0.75,0.027777777777777776,36,8,27,1,grain,5311
control,l1_hybrid,36,natures recipe grain free dry dog food,0.3888888888888889,0.6111111111111112,0.0,36,14,22,0,grain,12075
control,l1_hybrid,36,natures recipe grain free wet dog food,0.25,0.6666666666666666,0.08333333333333333,36,9,24,3,grain,1012
control,l1_hybrid,36,no bark,0.8888888888888888,0.1111111111111111,0.0,36,32,4,0,bark,10077
control,l1_hybrid,36,no bark collar,0.0,1.0,0.0,36,0,36,0,pull,20454
control,l1_hybrid,36,no bark collars,1.0,0.0,0.0,36,36,0,0,no bark,7969
control,l1_hybrid,36,no cat pee,0.3333333333333333,0.6666666666666666,0.0,36,12,24,0,cat pee,1215
control,l1_hybrid,36,no chew,0.8611111111111112,0.1388888888888889,0.0,36,31,5,0,chew,7596
control,l1_hybrid,36,no chew dog bed,0.1388888888888889,0.8333333333333334,0.027777777777777776,36,5,30,1,chew,3301
control,l1_hybrid,36,no chew spray for cats,0.2777777777777778,0.6944444444444444,0.027777777777777776,36,10,25,1,chew,4073
control,l1_hybrid,36,no chew spray for dogs,0.1388888888888889,0.8611111111111112,0.0,36,5,31,0,chew,35353
control,l1_hybrid,36,no chicken,0.5555555555555556,0.3333333333333333,0.1111111111111111,36,20,12,4,chicken,2318
control,l1_hybrid,36,no chicken cat food,0.8333333333333334,0.1111111111111111,0.05555555555555555,36,30,4,2,chicken,4707
control,l1_hybrid,36,no chicken dog food,0.4166666666666667,0.4444444444444444,0.1388888888888889,36,15,16,5,chicken,32850
control,l1_hybrid,36,no chicken dog treats,0.75,0.16666666666666666,0.08333333333333333,36,27,6,3,chicken,4769
control,l1_hybrid,36,no chicken dry dog food,0.4722222222222222,0.3611111111111111,0.16666666666666666,36,17,13,6,chicken,1204
control,l1_hybrid,36,no chicken puppy food,1.0,0.0,0.0,36,36,0,0,chicken,2040
control,l1_hybrid,36,no chicken treats,0.8055555555555556,0.16666666666666666,0.027777777777777776,36,29,6,1,chicken,2185
control,l1_hybrid,36,no chicken wet dog food,0.9166666666666666,0.08333333333333333,0.0,36,33,3,0,chicken,5034
control,l1_hybrid,36,no clump litter,0.7777777777777778,0.2222222222222222,0.0,36,28,8,0,clump,3211
control,l1_hybrid,36,no corn dog food,0.027777777777777776,0.8611111111111112,0.1111111111111111,36,1,31,4,corn,2939
control,l1_hybrid,36,no dust cat litter,0.05555555555555555,0.3055555555555556,0.6388888888888888,36,2,11,23,dust,9502
control,l1_hybrid,36,no dust clumping cat litter,0.08333333333333333,0.08333333333333333,0.8333333333333334,36,3,3,30,dust,6710
control,l1_hybrid,36,no dust litter,0.027777777777777776,0.3333333333333333,0.6388888888888888,36,1,12,23,dust,2340
control,l1_hybrid,36,no eat poop,0.6388888888888888,0.3611111111111111,0.0,36,23,13,0,poop,2705
control,l1_hybrid,36,no escape dog harness,0.2222222222222222,0.7777777777777778,0.0,36,8,28,0,pull,11770
control,l1_hybrid,36,no escape harness,0.25,0.7222222222222222,0.027777777777777776,36,9,26,1,pull,3530
control,l1_hybrid,36,no fat dog treats,0.08333333333333333,0.5555555555555556,0.3611111111111111,36,3,20,13,fat,2796
control,l1_hybrid,36,no flap ear wrap,0.0,1.0,0.0,36,0,36,0,pull,18080
control,l1_hybrid,36,no grain cat food,0.1388888888888889,0.8055555555555556,0.05555555555555555,36,5,29,2,grain,5782
control,l1_hybrid,36,no grain dog food,0.19444444444444445,0.8055555555555556,0.0,36,7,29,0,grain,15780
control,l1_hybrid,36,no grain dog treats,0.0,0.9444444444444444,0.05555555555555555,36,0,34,2,grain,1637
control,l1_hybrid,36,no grain dry cat food,0.05555555555555555,0.9444444444444444,0.0,36,2,34,0,grain,3032
control,l1_hybrid,36,no grain wet cat food,0.0,0.9722222222222222,0.027777777777777776,36,0,35,1,grain,4489
control,l1_hybrid,36,no grow bird seed,0.027777777777777776,0.3055555555555556,0.6666666666666666,36,1,11,24,grow,2780
control,l1_hybrid,36,no hide,0.08333333333333333,0.9166666666666666,0.0,36,3,33,0,hide,67837
control,l1_hybrid,36,no hide bone,0.2222222222222222,0.75,0.027777777777777776,36,8,27,1,hide,1796
control,l1_hybrid,36,no hide bones,0.2222222222222222,0.75,0.027777777777777776,36,8,27,1,hide,13773
control,l1_hybrid,36,no hide chew,0.0,1.0,0.0,36,0,36,0,hide,1036
control,l1_hybrid,36,no hide chews,0.027777777777777776,0.9722222222222222,0.0,36,1,35,0,hide,147107
control,l1_hybrid,36,no hide chews earth animal,0.0,1.0,0.0,36,0,36,0,hide,70100
control,l1_hybrid,36,no hide chews large,0.2222222222222222,0.7777777777777778,0.0,36,8,28,0,hide,3727
control,l1_hybrid,36,no hide chews medium,0.05555555555555555,0.9444444444444444,0.0,36,2,34,0,hide,1253
control,l1_hybrid,36,no hide chews small,0.2777777777777778,0.7222222222222222,0.0,36,10,26,0,hide,1325
control,l1_hybrid,36,no hide dog chews,0.19444444444444445,0.8055555555555556,0.0,36,7,29,0,hide,4859
control,l1_hybrid,36,no hide dog chews 4 inch,0.5277777777777778,0.4722222222222222,0.0,36,19,17,0,hide,1845
control,l1_hybrid,36,no hide dog chews medium,0.19444444444444445,0.8055555555555556,0.0,36,7,29,0,hide,2123
control,l1_hybrid,36,no hide dog chews small,0.4444444444444444,0.5555555555555556,0.0,36,16,20,0,hide,2663
control,l1_hybrid,36,no hide large,0.4444444444444444,0.5555555555555556,0.0,36,16,20,0,hide,3009
control,l1_hybrid,36,no hide large rolls,0.16666666666666666,0.7777777777777778,0.05555555555555555,36,6,28,2,hide,1346
control,l1_hybrid,36,no hide medium,0.16666666666666666,0.8333333333333334,0.0,36,6,30,0,hide,1886
control,l1_hybrid,36,no hide medium rolls,0.0,1.0,0.0,36,0,36,0,hide,2357
control,l1_hybrid,36,no hide peanut butter,0.2777777777777778,0.7222222222222222,0.0,36,10,26,0,hide,1187
control,l1_hybrid,36,no hide pumpkin,0.3333333333333333,0.6666666666666666,0.0,36,12,24,0,hide,1310
control,l1_hybrid,36,no hide raw hide,0.6111111111111112,0.3888888888888889,0.0,36,22,14,0,rawhide,2210
control,l1_hybrid,36,no hide rawhide,0.8333333333333334,0.1388888888888889,0.027777777777777776,36,30,5,1,rawhide,2269
control,l1_hybrid,36,no hide rolls,0.1111111111111111,0.8888888888888888,0.0,36,4,32,0,hide,1612
control,l1_hybrid,36,no hide salmon,0.16666666666666666,0.8333333333333334,0.0,36,6,30,0,hide,2174
control,l1_hybrid,36,no hide small rolls,0.2222222222222222,0.7777777777777778,0.0,36,8,28,0,hide,1257
control,l1_hybrid,36,no hide sticks,0.1388888888888889,0.8611111111111112,0.0,36,5,31,0,hide,2520
control,l1_hybrid,36,no hide stix,0.2777777777777778,0.7222222222222222,0.0,36,10,26,0,hide,7433
control,l1_hybrid,36,no hide strips,0.0,1.0,0.0,36,0,36,0,hide,3815
control,l1_hybrid,36,no hide venison,0.1111111111111111,0.8055555555555556,0.08333333333333333,36,4,29,3,hide,1136
control,l1_hybrid,36,no hides,0.1111111111111111,0.8611111111111112,0.027777777777777776,36,4,31,1,hides,2331
control,l1_hybrid,36,no holes,0.22580645161290322,0.7419354838709677,0.03225806451612903,31,7,23,1,holes,2104
control,l1_hybrid,36,no lick,0.9166666666666666,0.08333333333333333,0.0,36,33,3,0,lick,1801
control,l1_hybrid,36,no melt suet,0.5,0.2222222222222222,0.2777777777777778,36,18,8,10,no melt,2781
control,l1_hybrid,36,no melt suet cakes for birds,0.0,0.2777777777777778,0.7222222222222222,36,0,10,26,melt,3006
control,l1_hybrid,36,no melt suet cakes for wild birds,0.0,0.3333333333333333,0.6666666666666666,36,0,12,24,melt,1040
control,l1_hybrid,36,no mess bird feeder,0.05555555555555555,0.5833333333333334,0.3611111111111111,36,2,21,13,mess,2078
control,l1_hybrid,36,no mess bird food,0.0,0.5277777777777778,0.4722222222222222,36,0,19,17,mess,1778
control,l1_hybrid,36,no mess bird seed,0.027777777777777776,0.5,0.4722222222222222,36,1,18,17,mess,10066
control,l1_hybrid,36,no mess water bowl,0.027777777777777776,0.9166666666666666,0.05555555555555555,36,1,33,2,mess,4197
control,l1_hybrid,36,no mess wild bird food,0.0,0.5555555555555556,0.4444444444444444,36,0,20,16,mess,2594
control,l1_hybrid,36,no mess wild bird seed,0.0,0.5,0.5,36,0,18,18,mess,22655
control,l1_hybrid,36,no millet bird seed,0.3888888888888889,0.05555555555555555,0.5555555555555556,36,14,2,20,millet,1078
control,l1_hybrid,36,no odor bully sticks,0.08333333333333333,0.8888888888888888,0.027777777777777776,36,3,32,1,odor,4474
control,l1_hybrid,36,no pee,0.9444444444444444,0.05555555555555555,0.0,36,34,2,0,pee,2549
control,l1_hybrid,36,no poo,0.5833333333333334,0.4166666666666667,0.0,36,21,15,0,poo,5242
control,l1_hybrid,36,no poo chews,0.2777777777777778,0.7222222222222222,0.0,36,10,26,0,poo,3342
control,l1_hybrid,36,no poo chews for dogs,0.5277777777777778,0.4722222222222222,0.0,36,19,17,0,poo,4691
control,l1_hybrid,36,no poop,0.7222222222222222,0.2777777777777778,0.0,36,26,10,0,poop,3632
control,l1_hybrid,36,no poop chews,0.4444444444444444,0.5555555555555556,0.0,36,16,20,0,poop,31892
control,l1_hybrid,36,no poop eating,0.3611111111111111,0.5833333333333334,0.05555555555555555,36,13,21,2,poop eating,16984
control,l1_hybrid,36,no poultry dog food,0.5833333333333334,0.25,0.16666666666666666,36,21,9,6,poultry,1345
control,l1_hybrid,36,no pull,0.08333333333333333,0.9166666666666666,0.0,36,3,33,0,pull,9044
control,l1_hybrid,36,no pull collar,0.6666666666666666,0.3055555555555556,0.027777777777777776,36,24,11,1,pull,20932
control,l1_hybrid,36,no pull collar for dogs,0.2222222222222222,0.75,0.027777777777777776,36,8,27,1,pull,3540
control,l1_hybrid,36,no pull collars,0.4722222222222222,0.5277777777777778,0.0,36,17,19,0,pull,1721
control,l1_hybrid,36,no pull dog collar,0.3888888888888889,0.5833333333333334,0.027777777777777776,36,14,21,1,pull,5502
control,l1_hybrid,36,no pull dog harness,0.16666666666666666,0.8333333333333334,0.0,36,6,30,0,pull,32134
control,l1_hybrid,36,no pull dog harnesses,0.1388888888888889,0.8611111111111112,0.0,36,5,31,0,pull,211607
control,l1_hybrid,36,no pull dog leash,0.19444444444444445,0.8055555555555556,0.0,36,7,29,0,pull,4200
control,l1_hybrid,36,no pull harness,0.19444444444444445,0.8055555555555556,0.0,36,7,29,0,pull,54525
control,l1_hybrid,36,no pull harness for dogs,0.05555555555555555,0.9444444444444444,0.0,36,2,34,0,pull,114468
control,l1_hybrid,36,no pull harness for large dog,0.08333333333333333,0.9166666666666666,0.0,36,3,33,0,pull,1918
control,l1_hybrid,36,no pull harness for large dogs,0.08333333333333333,0.9166666666666666,0.0,36,3,33,0,pull,24205
control,l1_hybrid,36,no pull harness for medium dog,0.1111111111111111,0.8888888888888888,0.0,36,4,32,0,pull,8720
control,l1_hybrid,36,no pull harness for small dog,0.08333333333333333,0.9166666666666666,0.0,36,3,33,0,pull,13902
control,l1_hybrid,36,no pull harnesses,0.2777777777777778,0.7222222222222222,0.0,36,10,26,0,pull,1272
control,l1_hybrid,36,no pull head collar,0.6388888888888888,0.3611111111111111,0.0,36,23,13,0,pull,2574
control,l1_hybrid,36,no pull leash,0.2777777777777778,0.7222222222222222,0.0,36,10,26,0,pull,21703
control,l1_hybrid,36,no pull training collar,0.7222222222222222,0.25,0.027777777777777776,36,26,9,1,pull,1134
control,l1_hybrid,36,no rawhide,0.5833333333333334,0.4166666666666667,0.0,36,21,15,0,rawhide,2332
control,l1_hybrid,36,no rawhide bones,0.8055555555555556,0.16666666666666666,0.027777777777777776,36,29,6,1,rawhide,12951
control,l1_hybrid,36,no rawhide chews,0.3888888888888889,0.6111111111111112,0.0,36,14,22,0,rawhide,2715
control,l1_hybrid,36,no rawhide dog chews,0.3611111111111111,0.6388888888888888,0.0,36,13,23,0,rawhide,35562
control,l1_hybrid,36,no rawhide treats,0.5277777777777778,0.4722222222222222,0.0,36,19,17,0,rawhide,4068
control,l1_hybrid,36,no scoot for dogs,0.5555555555555556,0.4166666666666667,0.027777777777777776,36,20,15,1,scoot,25922
control,l1_hybrid,36,no scratch,1.0,0.0,0.0,36,36,0,0,scratch,3930
control,l1_hybrid,36,no scratch spray,0.4722222222222222,0.5,0.027777777777777776,36,17,18,1,scratch,7315
control,l1_hybrid,36,no scratch spray for cats,0.3888888888888889,0.5833333333333334,0.027777777777777776,36,14,21,1,scratch,1019
control,l1_hybrid,36,no shock bark collar,0.5277777777777778,0.1111111111111111,0.3611111111111111,36,19,4,13,shock,12886
control,l1_hybrid,36,no shock collar,0.7777777777777778,0.16666666666666666,0.05555555555555555,36,28,6,2,shock,1007
control,l1_hybrid,36,no shock dog collar,0.8333333333333334,0.08333333333333333,0.08333333333333333,36,30,3,3,shock,1356
control,l1_hybrid,36,no shock training collar,0.6388888888888888,0.16666666666666666,0.19444444444444445,36,23,6,7,shock,7048
control,l1_hybrid,36,no slip collar,0.1388888888888889,0.8611111111111112,0.0,36,5,31,0,pull,1199
control,l1_hybrid,36,no slip dog collar,0.4444444444444444,0.5277777777777778,0.027777777777777776,36,16,19,1,pull,2153
control,l1_hybrid,36,no slip dog socks,0.0,1.0,0.0,36,0,36,0,pull,3399
control,l1_hybrid,36,no slip harness,0.8611111111111112,0.1388888888888889,0.0,36,31,5,0,pull,2053
control,l1_hybrid,36,no spill dog bowl,0.3611111111111111,0.6111111111111112,0.027777777777777776,36,13,22,1,spill,4573
control,l1_hybrid,36,no spill dog water bowl,0.1388888888888889,0.8333333333333334,0.027777777777777776,36,5,30,1,spill,28061
control,l1_hybrid,36,no spill water bowl,0.2777777777777778,0.6666666666666666,0.05555555555555555,36,10,24,2,spill,30994
control,l1_hybrid,36,no splash water bowl,0.0,0.9722222222222222,0.027777777777777776,36,0,35,1,pull,3317
control,l1_hybrid,36,no spray cat,1.0,0.0,0.0,36,36,0,0,spray,2497
control,l1_hybrid,36,no squeak dog toy,0.6388888888888888,0.3055555555555556,0.05555555555555555,36,23,11,2,squeak,990
control,l1_hybrid,36,no squeak dog toys,0.6944444444444444,0.16666666666666666,0.1388888888888889,36,25,6,5,squeak,40129
control,l1_hybrid,36,no squirrel bird seed,0.3333333333333333,0.5833333333333334,0.08333333333333333,36,12,21,3,squirrel,5398
control,l1_hybrid,36,no stuffing,0.05555555555555555,0.9444444444444444,0.0,36,2,34,0,stuffing,2020
control,l1_hybrid,36,no stuffing dog toy,0.05555555555555555,0.9166666666666666,0.027777777777777776,36,2,33,1,stuffing,8094
control,l1_hybrid,36,no stuffing dog toys,0.027777777777777776,0.9444444444444444,0.027777777777777776,36,1,34,1,stuffing,97772
control,l1_hybrid,36,no stuffing toy,0.027777777777777776,0.9444444444444444,0.027777777777777776,36,1,34,1,stuffing,3277
control,l1_hybrid,36,no stuffing toys,0.0,0.9722222222222222,0.027777777777777776,36,0,35,1,stuffing,5673
control,l1_hybrid,36,no sugar dog treats,0.027777777777777776,0.0,0.9722222222222222,36,1,0,35,sugar,1361
control,l1_hybrid,36,no sugar horse treats,0.2222222222222222,0.2777777777777778,0.5,36,8,10,18,sugar,1315
control,l1_hybrid,36,no tangle leash,0.1111111111111111,0.8611111111111112,0.027777777777777776,36,4,31,1,pull,1186
control,l1_hybrid,36,no tip dog bowl,0.0,1.0,0.0,36,0,36,0,pull,1033
control,l1_hybrid,36,no tip water bowl,0.0,0.8055555555555556,0.19444444444444445,36,0,29,7,tip,6005
control,l1_hybrid,36,no toot,0.22580645161290322,0.7096774193548387,0.06451612903225806,31,7,22,2,toot,1991
control,l1_hybrid,36,no track cat litter,0.3055555555555556,0.19444444444444445,0.5,36,11,7,18,track,1419
control,l1_hybrid,36,no tracking cat litter,0.3333333333333333,0.1388888888888889,0.5277777777777778,36,12,5,19,tracking,13088
control,l1_hybrid,36,no tracking litter,0.3333333333333333,0.2777777777777778,0.3888888888888889,36,12,10,14,tracking,1397
control,l1_hybrid,36,no waste bird food,0.027777777777777776,0.8055555555555556,0.16666666666666666,36,1,29,6,waste,2152
control,l1_hybrid,36,no waste bird seed,0.0,0.7777777777777778,0.2222222222222222,36,0,28,8,waste,9270
control,l1_hybrid,36,no waste wild bird food,0.08333333333333333,0.7222222222222222,0.19444444444444445,36,3,26,7,waste,2693
control,l1_hybrid,36,no waste wild bird seed,0.05555555555555555,0.6944444444444444,0.25,36,2,25,9,waste,24563
control,l1_hybrid,36,no zip stroller,0.05555555555555555,0.3888888888888889,0.5555555555555556,36,2,14,20,zip,1518
control,l1_hybrid,36,non absorbent cat litter,0.5277777777777778,0.4166666666666667,0.05555555555555555,36,19,15,2,non absorbent,1507
control,l1_hybrid,36,non chew dog bed,0.08333333333333333,0.8611111111111112,0.05555555555555555,36,3,31,2,chew,995
control,l1_hybrid,36,non chicken dog food,0.25,0.4444444444444444,0.3055555555555556,36,9,16,11,chicken,3858
control,l1_hybrid,36,non chicken dog treats,0.2222222222222222,0.4444444444444444,0.3333333333333333,36,8,16,12,chicken,1718
control,l1_hybrid,36,non clay cat litter,0.19444444444444445,0.8055555555555556,0.0,36,7,29,0,clay,5979
control,l1_hybrid,36,non clay litter,0.3611111111111111,0.5833333333333334,0.05555555555555555,36,13,21,2,clay,2271
control,l1_hybrid,36,non clumping,0.1111111111111111,0.8888888888888888,0.0,36,4,32,0,clumping,1334
control,l1_hybrid,36,non clumping cat litter,0.8611111111111112,0.1388888888888889,0.0,36,31,5,0,non clumping,121355
control,l1_hybrid,36,non clumping kitty litter,0.8333333333333334,0.1388888888888889,0.027777777777777776,36,30,5,1,non clumping,1510
control,l1_hybrid,36,non clumping unscented cat litter,0.7777777777777778,0.19444444444444445,0.027777777777777776,36,28,7,1,"non clumping unscented cat litter

the user is actually looking for cat litter",11479
control,l1_hybrid,36,non gmo,0.0,1.0,0.0,36,0,36,0,gmo,1156
control,l1_hybrid,36,non gmo cat food,0.0,0.5,0.5,36,0,18,18,gmo,2288
control,l1_hybrid,36,non gmo chicken feed,0.0,0.9444444444444444,0.05555555555555555,36,0,34,2,gmo,16510
control,l1_hybrid,36,non gmo dog food,0.0,0.9722222222222222,0.027777777777777776,36,0,35,1,gmo,11060
control,l1_hybrid,36,non gmo dog treats,0.6944444444444444,0.16666666666666666,0.1388888888888889,36,25,6,5,non gmo,994
control,l1_hybrid,36,non gmo wet dog food,0.08333333333333333,0.6666666666666666,0.25,36,3,24,9,gmo,1029
control,l1_hybrid,36,non grain dog food,0.4166666666666667,0.5833333333333334,0.0,36,15,21,0,grain,1089
control,l1_hybrid,36,non kibble dog food,1.0,0.0,0.0,36,36,0,0,kibble,1761
control,l1_hybrid,36,non prescription flea medicine,0.25,0.6388888888888888,0.1111111111111111,36,9,23,4,non prescription,1077
control,l1_hybrid,36,non prescription flea meds,0.3333333333333333,0.5833333333333334,0.08333333333333333,36,12,21,3,non prescription,1229
control,l1_hybrid,36,non prescription pain meds for dogs,0.19444444444444445,0.75,0.05555555555555555,36,7,27,2,prescription,3980
control,l1_hybrid,36,non pull harness,0.3888888888888889,0.6111111111111112,0.0,36,14,22,0,pull,5327
control,l1_hybrid,36,non raw hide,0.6944444444444444,0.2777777777777778,0.027777777777777776,36,25,10,1,rawhide,1225
control,l1_hybrid,36,non rawhide,0.3888888888888889,0.6111111111111112,0.0,36,14,22,0,rawhide,1020
control,l1_hybrid,36,non rawhide bones,0.4166666666666667,0.5,0.08333333333333333,36,15,18,3,rawhide,18977
control,l1_hybrid,36,non rawhide chews,0.05555555555555555,0.9166666666666666,0.027777777777777776,36,2,33,1,rawhide,10766
control,l1_hybrid,36,non rawhide dog chews,0.19444444444444445,0.7777777777777778,0.027777777777777776,36,7,28,1,rawhide,70094
control,l1_hybrid,36,non rawhide dog treats,0.25,0.6944444444444444,0.05555555555555555,36,9,25,2,rawhide,2882
control,l1_hybrid,36,non scented litter,0.4444444444444444,0.5,0.05555555555555555,36,16,18,2,scented,1755
control,l1_hybrid,36,non squeaky dog toys,0.8611111111111112,0.0,0.1388888888888889,36,31,0,5,squeaky,17562
control,l1_hybrid,36,non stuffed dog toys,0.2222222222222222,0.75,0.027777777777777776,36,8,27,1,stuffed,6207
control,l1_hybrid,36,non tip water bowl,0.0,0.9444444444444444,0.05555555555555555,36,0,34,2,tip,6861
control,l1_hybrid,36,non toxic cat litter,0.0,1.0,0.0,36,0,36,0,toxic,1267
control,l1_hybrid,36,non tracking cat litter,0.1388888888888889,0.5833333333333334,0.2777777777777778,36,5,21,10,tracking,18311
control,l1_hybrid,36,non tracking litter,0.19444444444444445,0.5833333333333334,0.2222222222222222,36,7,21,8,tracking,3003
control,l1_hybrid,36,non-gmo dog food,0.0,0.9722222222222222,0.027777777777777776,36,0,35,1,gmo,3007
control,l1_hybrid,36,nulo grain free,0.19444444444444445,0.8055555555555556,0.0,36,7,29,0,grain,4152
control,l1_hybrid,36,nutrish dog food grain free,0.4444444444444444,0.3611111111111111,0.19444444444444445,36,16,13,7,grain,1003
control,l1_hybrid,36,nutrish grain free dog food,0.5,0.3888888888888889,0.1111111111111111,36,18,14,4,grain,4382
control,l1_hybrid,36,nutro grain free,0.25,0.75,0.0,36,9,27,0,grain,2591
control,l1_hybrid,36,nutro grain free dog food,0.4444444444444444,0.5555555555555556,0.0,36,16,20,0,grain,4841
control,l1_hybrid,36,odor free bully stick,0.1111111111111111,0.8611111111111112,0.027777777777777776,36,4,31,1,odor,1494
control,l1_hybrid,36,odor free bully sticks,0.08333333333333333,0.8611111111111112,0.05555555555555555,36,3,31,2,odor,9025
control,l1_hybrid,36,odor free bully sticks for dogs,0.08333333333333333,0.9166666666666666,0.0,36,3,33,0,odor,27702
control,l1_hybrid,36,open farm grain free,0.3888888888888889,0.5833333333333334,0.027777777777777776,36,14,21,1,grain,1704
control,l1_hybrid,36,open farm grain free dog food,0.3055555555555556,0.6944444444444444,0.0,36,11,25,0,grain,2175
control,l1_hybrid,36,organic chicken feed soy free,0.0,0.5833333333333334,0.4166666666666667,36,0,21,15,soy,1525
control,l1_hybrid,36,organic grain free cat treats,0.027777777777777776,0.6111111111111112,0.3611111111111111,36,1,22,13,grain,2085
control,l1_hybrid,36,organic non gmo chicken feed,0.6388888888888888,0.1111111111111111,0.25,36,23,4,9,non gmo,1154
control,l1_hybrid,36,organic soy free chicken feed,0.027777777777777776,0.6111111111111112,0.3611111111111111,36,1,22,13,soy,2338
control,l1_hybrid,36,origin grain free dog,0.5,0.5,0.0,36,18,18,0,grain,5901
control,l1_hybrid,36,origin grain free puppy,0.4722222222222222,0.5277777777777778,0.0,36,17,19,0,grain,3607
control,l1_hybrid,36,orijen grain free,0.19444444444444445,0.8055555555555556,0.0,36,7,29,0,grain,1665
control,l1_hybrid,36,orijen grain free cat,0.027777777777777776,0.8333333333333334,0.1388888888888889,36,1,30,5,grain,1533
control,l1_hybrid,36,orijen grain free dog,0.3055555555555556,0.6666666666666666,0.027777777777777776,36,11,24,1,grain,2373
control,l1_hybrid,36,orijen grain free dog food,0.3055555555555556,0.6944444444444444,0.0,36,11,25,0,grain,2503
control,l1_hybrid,36,orijen grain free puppy,0.5833333333333334,0.3611111111111111,0.05555555555555555,36,21,13,2,grain,2493
control,l1_hybrid,36,orijen grain free treats,0.19444444444444445,0.75,0.05555555555555555,36,7,27,2,grain,1785
control,l1_hybrid,36,pate grain free cat food,0.0,1.0,0.0,36,0,36,0,grain,1105
control,l1_hybrid,36,pea free dog food,0.3611111111111111,0.05555555555555555,0.5833333333333334,36,13,2,21,pea,5939
control,l1_hybrid,36,pet safe easy walk no pull harness,0.6842105263157895,0.10526315789473684,0.21052631578947367,19,13,2,4,pull,1953
control,l1_hybrid,36,pigeon feed no corn,0.3888888888888889,0.08333333333333333,0.5277777777777778,36,14,3,19,corn,3687
control,l1_hybrid,36,pigeon food no corn,0.3888888888888889,0.08333333333333333,0.5277777777777778,36,14,3,19,corn,1756
control,l1_hybrid,36,pork chomps rawhide free,0.0,1.0,0.0,36,0,36,0,rawhide,129324
control,l1_hybrid,36,pork chomps rawhide free dog bones,0.0,1.0,0.0,36,0,36,0,rawhide,3737
control,l1_hybrid,36,poultry free,0.6666666666666666,0.1388888888888889,0.19444444444444445,36,24,5,7,poultry,2348
control,l1_hybrid,36,poultry free cat food,0.75,0.08333333333333333,0.16666666666666666,36,27,3,6,poultry,1975
control,l1_hybrid,36,poultry free dog food,0.4722222222222222,0.3055555555555556,0.2222222222222222,36,17,11,8,poultry,17789
control,l1_hybrid,36,poultry free dog treats,0.6666666666666666,0.08333333333333333,0.25,36,24,3,9,poultry,1753
control,l1_hybrid,36,poultry free wet dog food,0.8055555555555556,0.08333333333333333,0.1111111111111111,36,29,3,4,poultry,1701
control,l1_hybrid,36,pro plan grain free,0.6111111111111112,0.3611111111111111,0.027777777777777776,36,22,13,1,grain,1681
control,l1_hybrid,36,protein free dog treats,0.9444444444444444,0.027777777777777776,0.027777777777777776,36,34,1,1,protein,5096
control,l1_hybrid,36,puppy food chicken free,0.8888888888888888,0.0,0.1111111111111111,36,32,0,4,chicken,1032
control,l1_hybrid,36,puppy food grain free,0.3333333333333333,0.6666666666666666,0.0,36,12,24,0,grain,7002
control,l1_hybrid,36,puppy food no chicken,1.0,0.0,0.0,36,36,0,0,chicken,2518
control,l1_hybrid,36,puppy food with no chicken,0.9722222222222222,0.0,0.027777777777777776,36,35,0,1,chicken,1040
control,l1_hybrid,36,puppy food without chicken,0.9722222222222222,0.0,0.027777777777777776,36,35,0,1,chicken,1606
control,l1_hybrid,36,puppy grain free,0.2222222222222222,0.75,0.027777777777777776,36,8,27,1,grain,1298
control,l1_hybrid,36,puppy grain free food,0.2222222222222222,0.7777777777777778,0.0,36,8,28,0,grain,1140
control,l1_hybrid,36,pure balance grain free,0.4444444444444444,0.5555555555555556,0.0,36,16,20,0,grain,11504
control,l1_hybrid,36,purina beneful grain free,0.6944444444444444,0.027777777777777776,0.2777777777777778,36,25,1,10,grain,1945
control,l1_hybrid,36,purina beyond grain free cat food,0.4444444444444444,0.5,0.05555555555555555,36,16,18,2,grain,8992
control,l1_hybrid,36,purina beyond grain free dog food,0.4166666666666667,0.5555555555555556,0.027777777777777776,36,15,20,1,grain,3884
control,l1_hybrid,36,purina beyond grain free dry cat food,0.5277777777777778,0.4444444444444444,0.027777777777777776,36,19,16,1,grain,2080
control,l1_hybrid,36,purina cat food grain free,0.5833333333333334,0.3888888888888889,0.027777777777777776,36,21,14,1,grain,5440
control,l1_hybrid,36,purina cat grain free,0.4166666666666667,0.5277777777777778,0.05555555555555555,36,15,19,2,grain,1273
control,l1_hybrid,36,purina grain free,0.1388888888888889,0.8611111111111112,0.0,36,5,31,0,grain,8189
control,l1_hybrid,36,purina grain free cat food,0.16666666666666666,0.8055555555555556,0.027777777777777776,36,6,29,1,grain,2326
control,l1_hybrid,36,purina grain free dog food,0.08333333333333333,0.9166666666666666,0.0,36,3,33,0,grain,3037
control,l1_hybrid,36,purina grain free dry cat food,0.3888888888888889,0.5833333333333334,0.027777777777777776,36,14,21,1,grain,19168
control,l1_hybrid,36,purina grain free dry dog food,0.2777777777777778,0.7222222222222222,0.0,36,10,26,0,grain,8138
control,l1_hybrid,36,purina grain free wet cat food,0.027777777777777776,0.7777777777777778,0.19444444444444445,36,1,28,7,grain,7458
control,l1_hybrid,36,purina grain free wet dog food,0.3055555555555556,0.6944444444444444,0.0,36,11,25,0,grain,2342
control,l1_hybrid,36,purina one grain free,0.5555555555555556,0.4166666666666667,0.027777777777777776,36,20,15,1,grain,4066
control,l1_hybrid,36,purina one grain free cat food,0.5833333333333334,0.2777777777777778,0.1388888888888889,36,21,10,5,grain,1649
control,l1_hybrid,36,purina one grain free dog food,0.75,0.19444444444444445,0.05555555555555555,36,27,7,2,grain,5270
control,l1_hybrid,36,purina one grain free dry cat food,0.5833333333333334,0.3611111111111111,0.05555555555555555,36,21,13,2,grain,5886
control,l1_hybrid,36,purina one grain free wet cat food,0.2777777777777778,0.5277777777777778,0.19444444444444445,36,10,19,7,grain,17042
control,l1_hybrid,36,purina one wet cat food grain free,0.2777777777777778,0.5555555555555556,0.16666666666666666,36,10,20,6,grain,1114
control,l1_hybrid,36,purina pro plan for cats grain free,0.5,0.25,0.25,36,18,9,9,grain,1589
control,l1_hybrid,36,purina pro plan for dogs grain free,0.5555555555555556,0.3333333333333333,0.1111111111111111,36,20,12,4,grain,975
control,l1_hybrid,36,purina pro plan grain free,0.75,0.2222222222222222,0.027777777777777776,36,27,8,1,grain,7034
control,l1_hybrid,36,python no spill,0.3333333333333333,0.5277777777777778,0.1388888888888889,36,12,19,5,spill,5465
control,l1_hybrid,36,rachel ray grain free dog food,0.19444444444444445,0.6666666666666666,0.1388888888888889,36,7,24,5,grain,4812
control,l1_hybrid,36,raw hide free,0.027777777777777776,0.9722222222222222,0.0,36,1,35,0,rawhide,2193
control,l1_hybrid,36,raw hide free bones,0.4444444444444444,0.5,0.05555555555555555,36,16,18,2,rawhide,3187
control,l1_hybrid,36,raw hide free dog bones,0.4166666666666667,0.5,0.08333333333333333,36,15,18,3,rawhide,1011
control,l1_hybrid,36,raw hide free dog chews,0.027777777777777776,0.9722222222222222,0.0,36,1,35,0,rawhide,25587
control,l1_hybrid,36,raw hide free large dog chews,0.1111111111111111,0.7777777777777778,0.1111111111111111,36,4,28,4,rawhide,1264
control,l1_hybrid,36,rawhide free,0.027777777777777776,0.9722222222222222,0.0,36,1,35,0,rawhide,17055
control,l1_hybrid,36,rawhide free bones,0.1111111111111111,0.8888888888888888,0.0,36,4,32,0,rawhide,6443
control,l1_hybrid,36,rawhide free chew,0.027777777777777776,0.9444444444444444,0.027777777777777776,36,1,34,1,rawhide,1282
control,l1_hybrid,36,rawhide free chews,0.0,1.0,0.0,36,0,36,0,rawhide,58043
control,l1_hybrid,36,rawhide free dog bones,0.2222222222222222,0.6944444444444444,0.08333333333333333,36,8,25,3,rawhide,135517
control,l1_hybrid,36,rawhide free dog bones & chews,0.25,0.7222222222222222,0.027777777777777776,36,9,26,1,rawhide,1390
control,l1_hybrid,36,rawhide free dog bones & chews for large dogs,0.1388888888888889,0.8333333333333334,0.027777777777777776,36,5,30,1,rawhide,4358
control,l1_hybrid,36,rawhide free dog bones long lasting,0.1388888888888889,0.8055555555555556,0.05555555555555555,36,5,29,2,rawhide,14868
control,l1_hybrid,36,rawhide free dog chews,0.05555555555555555,0.8888888888888888,0.05555555555555555,36,2,32,2,rawhide,6526
control,l1_hybrid,36,rawhide free dog chews long lasting,0.027777777777777776,0.9722222222222222,0.0,36,1,35,0,rawhide,4471
control,l1_hybrid,36,rawhide free dog treats,0.08333333333333333,0.9166666666666666,0.0,36,3,33,0,rawhide,29794
control,l1_hybrid,36,rawhide free sticks,0.027777777777777776,0.9444444444444444,0.027777777777777776,36,1,34,1,rawhide,2264
control,l1_hybrid,36,rawhide free treats,0.08333333333333333,0.8888888888888888,0.027777777777777776,36,3,32,1,rawhide,1840
control,l1_hybrid,36,rice free dog food,0.1111111111111111,0.5,0.3888888888888889,36,4,18,14,rice,1195
control,l1_hybrid,36,royal canin grain free,0.6666666666666666,0.027777777777777776,0.3055555555555556,36,24,1,11,grain,2432
control,l1_hybrid,36,salmon dog food grain free,0.1111111111111111,0.8888888888888888,0.0,36,4,32,0,grain,975
control,l1_hybrid,36,salmon grain free dog food,0.1388888888888889,0.8611111111111112,0.0,36,5,31,0,grain,8103
control,l1_hybrid,36,salt free dog food,0.0,0.0,1.0,36,0,0,36,salt,1015
control,l1_hybrid,36,scent free cat litter,0.7777777777777778,0.1111111111111111,0.1111111111111111,36,28,4,4,scent,2695
control,l1_hybrid,36,scent free litter,0.6666666666666666,0.2222222222222222,0.1111111111111111,36,24,8,4,scent,3172
control,l1_hybrid,36,science diet grain free,0.8333333333333334,0.16666666666666666,0.0,36,30,6,0,grain,4491
control,l1_hybrid,36,senior cat food grain free,0.3888888888888889,0.5833333333333334,0.027777777777777776,36,14,21,1,grain,1110
control,l1_hybrid,36,senior dog food grain free,0.3888888888888889,0.5833333333333334,0.027777777777777776,36,14,21,1,grain,1394
control,l1_hybrid,36,senior grain free dog food,0.3611111111111111,0.6111111111111112,0.027777777777777776,36,13,22,1,grain,4724
control,l1_hybrid,36,sheba grain free,0.0,0.9444444444444444,0.05555555555555555,36,0,34,2,grain,1917
control,l1_hybrid,36,shell free bird seed,0.1111111111111111,0.3888888888888889,0.5,36,4,14,18,shell,1278
control,l1_hybrid,36,small black stroller no zip,0.08333333333333333,0.4444444444444444,0.4722222222222222,36,3,16,17,zip,1046
control,l1_hybrid,36,small breed grain free,0.05555555555555555,0.9444444444444444,0.0,36,2,34,0,grain,1509
control,l1_hybrid,36,small breed grain free dog food,0.16666666666666666,0.8333333333333334,0.0,36,6,30,0,grain,2340
control,l1_hybrid,36,small breed grain free dry dog food,0.05555555555555555,0.9444444444444444,0.0,36,2,34,0,grain,2354
control,l1_hybrid,36,small dog no pull harness,0.027777777777777776,0.9722222222222222,0.0,36,1,35,0,pull,1740
control,l1_hybrid,36,small no pull harness,0.5555555555555556,0.4444444444444444,0.0,36,20,16,0,pull,1148
control,l1_hybrid,36,soft grain free dog treats,0.16666666666666666,0.7777777777777778,0.05555555555555555,36,6,28,2,grain,2135
control,l1_hybrid,36,soy and corn free chicken feed,0.2222222222222222,0.4166666666666667,0.3611111111111111,36,8,15,13,soy and corn,1287
control,l1_hybrid,36,soy free chicken feed,0.027777777777777776,0.5833333333333334,0.3888888888888889,36,1,21,14,soy,11839
control,l1_hybrid,36,soy free horse feed,0.1111111111111111,0.3611111111111111,0.5277777777777778,36,4,13,19,soy,5431
control,l1_hybrid,36,soy free layer feed,0.1111111111111111,0.4444444444444444,0.4444444444444444,36,4,16,16,soy,1175
control,l1_hybrid,36,sporn mesh no pull dog harness,0.9130434782608695,0.08695652173913043,0.0,23,21,2,0,pull,7687
control,l1_hybrid,36,stella and chewy grain free,0.1111111111111111,0.8888888888888888,0.0,36,4,32,0,grain,1117
control,l1_hybrid,36,stink free,0.08333333333333333,0.9166666666666666,0.0,36,3,33,0,stink,3161
control,l1_hybrid,36,stuffing free,0.0,1.0,0.0,36,0,36,0,stuffing,6904
control,l1_hybrid,36,stuffing free dog toy,0.0,1.0,0.0,36,0,36,0,stuffing,4687
control,l1_hybrid,36,stuffing free dog toys,0.0,0.9722222222222222,0.027777777777777776,36,0,35,1,stuffing,142348
control,l1_hybrid,36,stuffing free dog toys large,0.027777777777777776,0.7777777777777778,0.19444444444444445,36,1,28,7,stuffing,21225
control,l1_hybrid,36,stuffing free dog toys small,0.08333333333333333,0.8611111111111112,0.05555555555555555,36,3,31,2,stuffing,6376
control,l1_hybrid,36,stuffing free toy,0.0,1.0,0.0,36,0,36,0,stuffing,2294
control,l1_hybrid,36,stuffing free toys,0.0,1.0,0.0,36,0,36,0,stuffing,1123
control,l1_hybrid,36,stuffing-free,0.0,1.0,0.0,36,0,36,0,stuffing,1079
control,l1_hybrid,36,suet cakes for wild birds no melt,0.027777777777777776,0.2777777777777778,0.6944444444444444,36,1,10,25,melt,7772
control,l1_hybrid,36,sugar free,0.3888888888888889,0.19444444444444445,0.4166666666666667,36,14,7,15,sugar,1515
control,l1_hybrid,36,sugar free dog treats,0.08333333333333333,0.1111111111111111,0.8055555555555556,36,3,4,29,sugar,9955
control,l1_hybrid,36,sugar free horse treats,0.3055555555555556,0.16666666666666666,0.5277777777777778,36,11,6,19,sugar,8411
control,l1_hybrid,36,taste of the wild dog food grain free,0.2222222222222222,0.7777777777777778,0.0,36,8,28,0,grain,1243
control,l1_hybrid,36,taste of the wild grain free,0.3055555555555556,0.6944444444444444,0.0,36,11,25,0,grain,2805
control,l1_hybrid,36,taste of the wild grain free dog food,0.3888888888888889,0.6111111111111112,0.0,36,14,22,0,grain,8357
control,l1_hybrid,36,taste of the wild high prairie grain-free dry dog food,0.5277777777777778,0.4722222222222222,0.0,36,19,17,0,grain,1435
control,l1_hybrid,36,tear free dog shampoo,0.3055555555555556,0.6388888888888888,0.05555555555555555,36,11,23,2,tear,7647
control,l1_hybrid,36,the honest kitchen for dogs grain free,0.5555555555555556,0.3333333333333333,0.1111111111111111,36,20,12,4,grain,1325
control,l1_hybrid,36,the honest kitchen grain free,0.6666666666666666,0.3333333333333333,0.0,36,24,12,0,grain,2403
control,l1_hybrid,36,tidy cats free,0.12903225806451613,0.8709677419354839,0.0,31,4,27,0,free,1197
control,l1_hybrid,36,tidy cats free & clean unscented,0.5555555555555556,0.4444444444444444,0.0,36,20,16,0,unscented,999
control,l1_hybrid,36,tidy cats free and clean unscented,0.5555555555555556,0.4444444444444444,0.0,36,20,16,0,unscented,7587
control,l1_hybrid,36,tidy cats non clumping litter for cats,0.5,0.4444444444444444,0.05555555555555555,36,18,16,2,non clumping,2835
control,l1_hybrid,36,tiny tiger grain free,0.05555555555555555,0.8888888888888888,0.05555555555555555,36,2,32,2,grain,1318
control,l1_hybrid,36,toy no stuffing,0.027777777777777776,0.9444444444444444,0.027777777777777776,36,1,34,1,stuffing,1060
control,l1_hybrid,36,toys no stuffing,0.05555555555555555,0.9444444444444444,0.0,36,2,34,0,stuffing,1635
control,l1_hybrid,36,toys with no stuffing,0.05555555555555555,0.8888888888888888,0.05555555555555555,36,2,32,2,stuffing,4057
control,l1_hybrid,36,treats for dogs with no teeth,0.75,0.2222222222222222,0.027777777777777776,36,27,8,1,teeth,1406
control,l1_hybrid,36,tuffy no stuff,0.75,0.19444444444444445,0.05555555555555555,36,27,7,2,stuff,1489
control,l1_hybrid,36,turkey grain free,0.1388888888888889,0.8611111111111112,0.0,36,5,31,0,grain,1309
control,l1_hybrid,36,ultra grain free,0.3888888888888889,0.6111111111111112,0.0,36,14,22,0,grain,978
control,l1_hybrid,36,unscented dust free cat litter,0.19444444444444445,0.3055555555555556,0.5,36,7,11,18,"dust, scent",1132
control,l1_hybrid,36,unscented dust free clumping cat litter,0.8611111111111112,0.1388888888888889,0.0,36,31,5,0,unscented,972
control,l1_hybrid,36,unscented dust free litter,0.25,0.5277777777777778,0.2222222222222222,36,9,19,8,"unscented
dust",1250
control,l1_hybrid,36,unscented non clumping cat litter,0.6388888888888888,0.3611111111111111,0.0,36,23,13,0,non clumping,7305
control,l1_hybrid,36,vetivex veterinary dehp free lactated ringers electrolyte injection solution 1000-ml,0.027777777777777776,0.3611111111111111,0.6111111111111112,36,1,13,22,dehp,5570
control,l1_hybrid,36,victor grain free,0.7222222222222222,0.2777777777777778,0.0,36,26,10,0,grain,2601
control,l1_hybrid,36,victor grain free dog food,0.6388888888888888,0.3611111111111111,0.0,36,23,13,0,grain,5635
control,l1_hybrid,36,victor hi-pro plus 30/20 active sporting high protein gluten-free dry dog food,0.3333333333333333,0.3333333333333333,0.3333333333333333,36,12,12,12,gluten,1151
control,l1_hybrid,36,wag grain free dog food,0.3055555555555556,0.6944444444444444,0.0,36,11,25,0,grain,3193
control,l1_hybrid,36,waste free bird seed,0.1111111111111111,0.6666666666666666,0.2222222222222222,36,4,24,8,waste,4797
control,l1_hybrid,36,waste free wild bird seed,0.19444444444444445,0.5555555555555556,0.25,36,7,20,9,waste,12115
control,l1_hybrid,36,water bowl no spill,0.3333333333333333,0.5833333333333334,0.08333333333333333,36,12,21,3,spill,2058
control,l1_hybrid,36,weight management dog food no chicken,0.9444444444444444,0.0,0.05555555555555555,36,34,0,2,chicken,1021
control,l1_hybrid,36,wellness core grain free,0.1388888888888889,0.8611111111111112,0.0,36,5,31,0,grain,1527
control,l1_hybrid,36,wellness core grain free cat food,0.027777777777777776,0.9722222222222222,0.0,36,1,35,0,grain,2510
control,l1_hybrid,36,wellness core grain free dog food,0.2222222222222222,0.7777777777777778,0.0,36,8,28,0,grain,8637
control,l1_hybrid,36,wellness dry dog food grain free,0.2777777777777778,0.7222222222222222,0.0,36,10,26,0,grain,2057
control,l1_hybrid,36,wellness grain free,0.027777777777777776,0.9722222222222222,0.0,36,1,35,0,grain,1617
control,l1_hybrid,36,wellness grain free cat food,0.027777777777777776,0.9722222222222222,0.0,36,1,35,0,grain,2248
control,l1_hybrid,36,wellness grain free dog food,0.08333333333333333,0.9166666666666666,0.0,36,3,33,0,grain,4682
control,l1_hybrid,36,wet cat food grain free,0.027777777777777776,0.9722222222222222,0.0,36,1,35,0,grain,16508
control,l1_hybrid,36,wet dog food grain free,0.0,1.0,0.0,36,0,36,0,grain,6455
control,l1_hybrid,36,wet dog food no chicken,0.9444444444444444,0.05555555555555555,0.0,36,34,2,0,chicken,1981
control,l1_hybrid,36,wet dog food without chicken,0.6111111111111112,0.3333333333333333,0.05555555555555555,36,22,12,2,chicken,1194
control,l1_hybrid,36,wet grain free cat food,0.027777777777777776,0.9722222222222222,0.0,36,1,35,0,grain,4900
control,l1_hybrid,36,wet grain free dog food,0.08333333333333333,0.9166666666666666,0.0,36,3,33,0,grain,4103
control,l1_hybrid,36,wet kitten food grain free,0.1111111111111111,0.8888888888888888,0.0,36,4,32,0,grain,2250
control,l1_hybrid,36,wheat free cat food,0.0,0.9166666666666666,0.08333333333333333,36,0,33,3,wheat,5111
control,l1_hybrid,36,wheat free dog food,0.0,0.9166666666666666,0.08333333333333333,36,0,33,3,wheat,6961
control,l1_hybrid,36,wheat free dog treats,0.027777777777777776,0.9166666666666666,0.05555555555555555,36,1,33,2,wheat,9289
control,l1_hybrid,36,wheat free puppy food,0.2222222222222222,0.6388888888888888,0.1388888888888889,36,8,23,5,wheat,4122
control,l1_hybrid,36,whole earth farms grain-free,0.4722222222222222,0.5277777777777778,0.0,36,17,19,0,grain,5914
control,l1_hybrid,36,whole hearted grain free,0.6111111111111112,0.3333333333333333,0.05555555555555555,36,22,12,2,grain,1214
control,l1_hybrid,36,wholesome grain free,0.4722222222222222,0.4444444444444444,0.08333333333333333,36,17,16,3,grain,2131
control,l1_hybrid,36,wholesomes grain free dog food,0.4722222222222222,0.3888888888888889,0.1388888888888889,36,17,14,5,grain,2158
control,l1_hybrid,36,wild bird seed no waste,0.0,0.6111111111111112,0.3888888888888889,36,0,22,14,waste,14889
control,l1_hybrid,36,yeast free dog food,0.08333333333333333,0.0,0.9166666666666666,36,3,0,33,yeast,6961
control,l2,4,2 hounds design freedom no pull dog harness,0.5,0.25,0.25,4,2,1,1,pull,13268
control,l2,4,acana grain free,0.25,0.75,0.0,4,1,3,0,grain,1372
control,l2,4,acana grain free cat,0.0,0.75,0.25,4,0,3,1,grain,1699
control,l2,4,acana grain-free food for dogs,0.25,0.75,0.0,4,1,3,0,grain,3087
control,l2,4,adjustable no pull harness,0.5,0.0,0.5,4,2,0,2,pull,974
control,l2,4,aller free,0.75,0.25,0.0,4,3,1,0,aller,974
control,l2,4,allergy free cat food,0.75,0.25,0.0,4,3,1,0,allergy,1923
control,l2,4,allergy free dog food,0.0,1.0,0.0,4,0,4,0,allergy,2462
control,l2,4,allergy free dog treats,0.5,0.25,0.25,4,2,1,1,allergy,4371
control,l2,4,american journey grain free,0.0,1.0,0.0,4,0,4,0,grain,1049
control,l2,4,american journey grain free dog food,0.5,0.5,0.0,4,2,2,0,grain,3336
control,l2,4,audubon park waste free,0.5,0.5,0.0,4,2,2,0,waste free,2251
control,l2,4,bark collar no shock,0.25,0.5,0.25,4,1,2,1,shock,3859
control,l2,4,barkworthies odor free bully sticks,0.0,1.0,0.0,4,0,4,0,odor,3939
control,l2,4,beef dog food grain free,0.0,1.0,0.0,4,0,4,0,grain,1044
control,l2,4,beef grain free dog food,0.0,1.0,0.0,4,0,4,0,grain,2045
control,l2,4,beneful grain free,1.0,0.0,0.0,4,4,0,0,grain,1604
control,l2,4,best bully sticks odor free,0.0,1.0,0.0,4,0,4,0,odor,2943
control,l2,4,best no pull harness,1.0,0.0,0.0,4,4,0,0,pull,1798
control,l2,4,beyond dry cat food grain free,0.5,0.5,0.0,4,2,2,0,grain,5250
control,l2,4,beyond grain free,0.25,0.75,0.0,4,1,3,0,grain,2372
control,l2,4,beyond grain free cat food dry,0.5,0.5,0.0,4,2,2,0,grain,3779
control,l2,4,beyond grain free dry cat food,0.75,0.25,0.0,4,3,1,0,grain,2175
control,l2,4,beyond grain free wet cat food,0.0,0.75,0.25,4,0,3,1,grain,1433
control,l2,4,beyond simply grain free cat food,0.25,0.5,0.25,4,1,2,1,grain,3366
control,l2,4,bird food wild no mess,0.0,0.75,0.25,4,0,3,1,mess,1138
control,l2,4,bird seed no mess,0.0,0.75,0.25,4,0,3,1,mess,1067
control,l2,4,bird seed no waste,0.0,1.0,0.0,4,0,4,0,waste,3357
control,l2,4,bird seed wild no mess,0.0,0.75,0.25,4,0,3,1,mess,3963
control,l2,4,bird seed wild no waste,0.0,1.0,0.0,4,0,4,0,waste,16977
control,l2,4,bird suet cakes no melt,0.25,0.75,0.0,4,1,3,0,melt,3661
control,l2,4,blue buffalo chicken free,1.0,0.0,0.0,4,4,0,0,chicken,3208
control,l2,4,blue buffalo dog food grain free,0.0,1.0,0.0,4,0,4,0,grain,5564
control,l2,4,blue buffalo freedom grain free,0.0,1.0,0.0,4,0,4,0,grain,2312
control,l2,4,blue buffalo grain free,0.0,1.0,0.0,4,0,4,0,grain,6671
control,l2,4,blue buffalo grain free cat food,0.25,0.5,0.25,4,1,2,1,grain,9576
control,l2,4,blue buffalo grain free dog food,0.25,0.75,0.0,4,1,3,0,grain,18964
control,l2,4,blue buffalo grain free dry cat food,0.25,0.75,0.0,4,1,3,0,grain,1161
control,l2,4,blue buffalo grain free dry dog food,0.0,1.0,0.0,4,0,4,0,grain,1574
control,l2,4,blue buffalo grain free wet cat food,0.0,1.0,0.0,4,0,4,0,grain,1737
control,l2,4,blue buffalo grain free wet dog food,0.0,1.0,0.0,4,0,4,0,grain,1694
control,l2,4,blue buffalo no chicken,0.75,0.25,0.0,4,3,1,0,chicken,1087
control,l2,4,blue buffalo wet dog food grain free,0.0,1.0,0.0,4,0,4,0,grain,989
control,l2,4,blue freedom grain free,0.0,1.0,0.0,4,0,4,0,grain,2100
control,l2,4,blue grain free,0.0,1.0,0.0,4,0,4,0,grain,1423
control,l2,4,bones & chews all natural grain-free jerky,0.0,0.5,0.5,4,0,2,2,grain,4977
control,l2,4,bpa free litter box,0.0,0.0,1.0,4,0,0,4,bpa,1302
control,l2,4,bully stick odor free,0.0,1.0,0.0,4,0,4,0,odor,2368
control,l2,4,bully sticks for dogs odor free,0.0,1.0,0.0,4,0,4,0,odor,4428
control,l2,4,bully sticks odor free,0.0,1.0,0.0,4,0,4,0,odor,4104
control,l2,4,calcium without d3,0.5,0.5,0.0,4,2,2,0,d3,1856
control,l2,4,canidae grain free,0.0,1.0,0.0,4,0,4,0,grain,4014
control,l2,4,canidae grain free dog food,0.0,1.0,0.0,4,0,4,0,grain,2888
control,l2,4,canine naturals hide free,0.0,1.0,0.0,4,0,4,0,hide,7376
control,l2,4,canned cat food grain free,0.0,1.0,0.0,4,0,4,0,grain,3121
control,l2,4,canned dog food grain free,0.0,1.0,0.0,4,0,4,0,grain,5595
control,l2,4,canned grain free dog food,0.0,1.0,0.0,4,0,4,0,grain,2676
control,l2,4,cat collar no bell,1.0,0.0,0.0,4,4,0,0,bell,3873
control,l2,4,cat dewormer no prescription,0.25,0.5,0.25,4,1,2,1,prescription,23133
control,l2,4,cat dry food grain free,0.0,1.0,0.0,4,0,4,0,grain,4630
control,l2,4,cat food dry grain free,0.0,1.0,0.0,4,0,4,0,grain,3203
control,l2,4,cat food grain free,0.0,1.0,0.0,4,0,4,0,grain,19117
control,l2,4,cat food no chicken,1.0,0.0,0.0,4,4,0,0,chicken,2783
control,l2,4,cat food organic grain free,0.0,0.5,0.5,4,0,2,2,grain,4534
control,l2,4,cat food pate grain free,0.0,1.0,0.0,4,0,4,0,grain,2011
control,l2,4,cat food wet grain free,0.0,1.0,0.0,4,0,4,0,grain,8309
control,l2,4,cat food with no additives,0.75,0.0,0.25,4,3,0,1,additives,1600
control,l2,4,cat grain free pate,0.0,1.0,0.0,4,0,4,0,grain,1150
control,l2,4,cat kibble grain free,0.0,1.0,0.0,4,0,4,0,grain,2832
control,l2,4,cat litter dust free,0.0,0.0,1.0,4,0,0,4,dust,10997
control,l2,4,cat litter fragrance free,0.0,1.0,0.0,4,0,4,0,fragrance,1351
control,l2,4,cat litter no dust,0.25,0.0,0.75,4,1,0,3,dust,8050
control,l2,4,cat litter no scent,1.0,0.0,0.0,4,4,0,0,scent,2160
control,l2,4,cat litter no tracking,0.75,0.25,0.0,4,3,1,0,tracking,3408
control,l2,4,cat no pee,0.75,0.25,0.0,4,3,1,0,pee,1037
control,l2,4,cat no scratch,1.0,0.0,0.0,4,4,0,0,scratch,1427
control,l2,4,cat toys no catnip,1.0,0.0,0.0,4,4,0,0,catnip,1519
control,l2,4,cat toys without catnip,1.0,0.0,0.0,4,4,0,0,catnip,1579
control,l2,4,cat treats grain free,0.0,1.0,0.0,4,0,4,0,grain,9966
control,l2,4,cat treats no chicken,1.0,0.0,0.0,4,4,0,0,chicken,1187
control,l2,4,cat tree no carpet,1.0,0.0,0.0,4,4,0,0,carpet,1496
control,l2,4,cat wet food grain free,0.0,1.0,0.0,4,0,4,0,grain,9500
control,l2,4,charlee bear grain free crunch,0.0,1.0,0.0,4,0,4,0,grain,4712
control,l2,4,chew bones rawhide free,0.25,0.75,0.0,4,1,3,0,rawhide,1195
control,l2,4,chew no poo,1.0,0.0,0.0,4,4,0,0,poo,2280
control,l2,4,chew no poop,1.0,0.0,0.0,4,4,0,0,poop,2803
control,l2,4,chews no rawhide,0.25,0.75,0.0,4,1,3,0,rawhide,8496
control,l2,4,chick starter feed non medicated,0.5,0.5,0.0,4,2,2,0,medicated,5619
control,l2,4,chicken and grain free dog food,0.25,0.75,0.0,4,1,3,0,grain,1266
control,l2,4,chicken feed non gmo,1.0,0.0,0.0,4,4,0,0,non gmo,2267
control,l2,4,chicken feed soy free,0.0,1.0,0.0,4,0,4,0,soy,1293
control,l2,4,chicken free,0.5,0.5,0.0,4,2,2,0,chicken,4487
control,l2,4,chicken free canned dog food,0.75,0.25,0.0,4,3,1,0,chicken,1444
control,l2,4,chicken free cat food,0.75,0.0,0.25,4,3,0,1,chicken,14097
control,l2,4,chicken free cat treats,1.0,0.0,0.0,4,4,0,0,chicken,6356
control,l2,4,chicken free dog bones,1.0,0.0,0.0,4,4,0,0,chicken,968
control,l2,4,chicken free dog chews,0.75,0.0,0.25,4,3,0,1,chicken,978
control,l2,4,chicken free dog food,0.75,0.25,0.0,4,3,1,0,chicken,38479
control,l2,4,chicken free dog treat,0.75,0.0,0.25,4,3,0,1,chicken,1429
control,l2,4,chicken free dog treats,0.75,0.0,0.25,4,3,0,1,chicken,68590
control,l2,4,chicken free dry cat food,1.0,0.0,0.0,4,4,0,0,chicken,3842
control,l2,4,chicken free dry dog food,1.0,0.0,0.0,4,4,0,0,chicken,124263
control,l2,4,chicken free dry dog food for sensitive skin,0.25,0.5,0.25,4,1,2,1,chicken,1228
control,l2,4,chicken free dry puppy food,0.75,0.0,0.25,4,3,0,1,chicken,1272
control,l2,4,chicken free large breed puppy food,1.0,0.0,0.0,4,4,0,0,chicken,979
control,l2,4,chicken free pill pockets,0.75,0.0,0.25,4,3,0,1,chicken,3116
control,l2,4,chicken free puppy food,0.75,0.0,0.25,4,3,0,1,chicken,5340
control,l2,4,chicken free treat,0.75,0.0,0.25,4,3,0,1,chicken,1329
control,l2,4,chicken free treats,0.75,0.0,0.25,4,3,0,1,chicken,3686
control,l2,4,chicken free weight control,0.5,0.25,0.25,4,2,1,1,chicken,1015
control,l2,4,chicken free wet cat food,1.0,0.0,0.0,4,4,0,0,chicken,3583
control,l2,4,chicken free wet dog food,1.0,0.0,0.0,4,4,0,0,chicken,19833
control,l2,4,chicken-free cat food,0.75,0.0,0.25,4,3,0,1,chicken,6561
control,l2,4,chicken-free dog food,0.0,1.0,0.0,4,0,4,0,chicken,3218
control,l2,4,chicken-free dry dog food,0.5,0.5,0.0,4,2,2,0,chicken,5068
control,l2,4,chicken-free wet dog food,0.75,0.25,0.0,4,3,1,0,chicken,3656
control,l2,4,choke free harness,0.0,1.0,0.0,4,0,4,0,choke,1536
control,l2,4,churu grain free,0.0,1.0,0.0,4,0,4,0,grain,1142
control,l2,4,clumping cat litter dust free,0.0,0.0,1.0,4,0,0,4,dust,7057
control,l2,4,cockatiel food no sunflower seeds,0.5,0.25,0.25,4,2,1,1,sunflower seeds,3792
control,l2,4,corn and soy free chicken feed,0.25,0.75,0.0,4,1,3,0,corn and soy,2593
control,l2,4,corn free chicken feed,0.25,0.75,0.0,4,1,3,0,corn,6014
control,l2,4,corn free chicken scratch,0.75,0.0,0.25,4,3,0,1,corn,2220
control,l2,4,corn free dog food,0.0,0.75,0.25,4,0,3,1,corn,6183
control,l2,4,corn free dry cat food,0.0,1.0,0.0,4,0,4,0,corn,1013
control,l2,4,cough free horse,0.5,0.5,0.0,4,2,2,0,free,6820
control,l2,4,country kitchen rawhide free twists,0.0,1.0,0.0,4,0,4,0,rawhide,1202
control,l2,4,crunchy grain free dog treats,0.25,0.75,0.0,4,1,3,0,grain,1432
control,l2,4,delectables non seafood,0.0,1.0,0.0,4,0,4,0,seafood,1668
control,l2,4,diamond grain free,1.0,0.0,0.0,4,4,0,0,grain,2150
control,l2,4,diamond grain free dog food,0.5,0.5,0.0,4,2,2,0,grain,9975
control,l2,4,diamond natural grain free,0.75,0.25,0.0,4,3,1,0,grain,2679
control,l2,4,diamond naturals grain free,0.25,0.75,0.0,4,1,3,0,grain,4384
control,l2,4,diamond naturals grain free dog food,0.25,0.75,0.0,4,1,3,0,grain,4547
control,l2,4,dog bone rawhide free,0.5,0.5,0.0,4,2,2,0,rawhide,1437
control,l2,4,dog bones no rawhide,1.0,0.0,0.0,4,4,0,0,rawhide,8198
control,l2,4,dog bones rawhide free,0.0,0.75,0.25,4,0,3,1,rawhide,22731
control,l2,4,dog chews rawhide free,0.0,1.0,0.0,4,0,4,0,rawhide,80267
control,l2,4,dog dry food grain free,0.0,1.0,0.0,4,0,4,0,grain,2653
control,l2,4,dog food chicken free,0.75,0.25,0.0,4,3,1,0,chicken,4370
control,l2,4,dog food dry grain free,0.0,1.0,0.0,4,0,4,0,grain,3977
control,l2,4,dog food grain free,0.0,1.0,0.0,4,0,4,0,grain,27813
control,l2,4,dog food grain free large breed,0.0,1.0,0.0,4,0,4,0,grain,5771
control,l2,4,dog food grain free non-gmo,0.0,1.0,0.0,4,0,4,0,grain,988
control,l2,4,dog food no chicken,0.5,0.5,0.0,4,2,2,0,chicken,12053
control,l2,4,dog food no corn,0.0,1.0,0.0,4,0,4,0,corn,1250
control,l2,4,dog food no grain,0.0,1.0,0.0,4,0,4,0,grain,2517
control,l2,4,dog food poultry free,1.0,0.0,0.0,4,4,0,0,poultry,1332
control,l2,4,dog food with no chicken,0.25,0.5,0.25,4,1,2,1,chicken,9753
control,l2,4,dog food without chicken,0.0,0.75,0.25,4,0,3,1,chicken,11590
control,l2,4,dog harness large no pull,0.75,0.25,0.0,4,3,1,0,pull,5076
control,l2,4,dog harness medium no pull,0.75,0.25,0.0,4,3,1,0,pull,3091
control,l2,4,dog harness no escape,1.0,0.0,0.0,4,4,0,0,escape,1062
control,l2,4,dog harness no pull,0.25,0.75,0.0,4,1,3,0,pull,76414
control,l2,4,dog no pull harness,0.0,1.0,0.0,4,0,4,0,pull,9874
control,l2,4,dog non rawhide chews,0.5,0.5,0.0,4,2,2,0,rawhide,1730
control,l2,4,dog rawhide free bones,0.0,1.0,0.0,4,0,4,0,rawhide,1370
control,l2,4,dog rawhide free treats,0.0,1.0,0.0,4,0,4,0,rawhide,2749
control,l2,4,dog stroller no zip,0.0,1.0,0.0,4,0,4,0,zip,1065
control,l2,4,dog toy no squeak,1.0,0.0,0.0,4,4,0,0,squeak,1212
control,l2,4,dog toy no squeaker,1.0,0.0,0.0,4,4,0,0,squeaker,1524
control,l2,4,dog toy no stuffing,0.0,1.0,0.0,4,0,4,0,stuffing,10254
control,l2,4,dog toy stuffing free,0.0,1.0,0.0,4,0,4,0,stuffing,1322
control,l2,4,dog toys for large dogs no stuffing,0.0,1.0,0.0,4,0,4,0,stuffing,7409
control,l2,4,dog toys no squeak,1.0,0.0,0.0,4,4,0,0,squeak,1702
control,l2,4,dog toys no stuffing,0.0,1.0,0.0,4,0,4,0,stuffing,28211
control,l2,4,dog toys small dogs stuffing free,0.0,1.0,0.0,4,0,4,0,stuffing,1156
control,l2,4,dog toys stuffing free,0.0,1.0,0.0,4,0,4,0,stuffing,2442
control,l2,4,dog toys with no stuffing,0.0,1.0,0.0,4,0,4,0,stuffing,7273
control,l2,4,dog treats chicken free,1.0,0.0,0.0,4,4,0,0,chicken,1452
control,l2,4,dog treats for dogs with no teeth,1.0,0.0,0.0,4,4,0,0,teeth,3257
control,l2,4,dog treats for large dogs grain free,0.0,1.0,0.0,4,0,4,0,grain,1206
control,l2,4,dog treats grain free,0.0,1.0,0.0,4,0,4,0,grain,13152
control,l2,4,dog treats no chicken,1.0,0.0,0.0,4,4,0,0,chicken,4753
control,l2,4,dog treats no rawhide,0.5,0.5,0.0,4,2,2,0,rawhide,2246
control,l2,4,dog treats rawhide free,0.25,0.75,0.0,4,1,3,0,rawhide,3261
control,l2,4,dog treats with no chicken,1.0,0.0,0.0,4,4,0,0,chicken,1095
control,l2,4,dog treats without chicken,0.5,0.25,0.25,4,2,1,1,chicken,4721
control,l2,4,dog water bowl no spill,0.25,0.5,0.25,4,1,2,1,spill,23089
control,l2,4,dog wet food grain free,0.0,1.0,0.0,4,0,4,0,grain,1300
control,l2,4,dry cat food grain free,0.0,1.0,0.0,4,0,4,0,grain,10528
control,l2,4,dry cat food no chicken,1.0,0.0,0.0,4,4,0,0,chicken,999
control,l2,4,dry cat food no grain,0.0,1.0,0.0,4,0,4,0,grain,974
control,l2,4,dry dog food chicken free,1.0,0.0,0.0,4,4,0,0,chicken,1536
control,l2,4,dry dog food grain free,0.0,1.0,0.0,4,0,4,0,grain,7777
control,l2,4,dry dog food no chicken,0.5,0.5,0.0,4,2,2,0,chicken,2481
control,l2,4,dry dog food without chicken,0.0,0.5,0.5,4,0,2,2,chicken,1892
control,l2,4,dry grain free cat food,0.0,1.0,0.0,4,0,4,0,grain,5998
control,l2,4,dry grain free dog food,0.25,0.75,0.0,4,1,3,0,grain,4159
control,l2,4,dust free cat litter,0.0,0.0,1.0,4,0,0,4,dust,68627
control,l2,4,dust free clumping cat litter,0.0,0.0,1.0,4,0,0,4,dust,33448
control,l2,4,dust free clumping litter,0.25,0.0,0.75,4,1,0,3,dust,1145
control,l2,4,dust free litter,0.0,0.5,0.5,4,0,2,2,dust,8568
control,l2,4,dust free unscented clumping cat litter,0.0,0.0,1.0,4,0,0,4,dust,6504
control,l2,4,earth animal no hide,0.0,1.0,0.0,4,0,4,0,hide,7495
control,l2,4,earth animal no hide chews,0.0,1.0,0.0,4,0,4,0,hide,2188
control,l2,4,earth animal no hide chews large,0.0,1.0,0.0,4,0,4,0,hide,972
control,l2,4,earth animal no hide medium,0.0,1.0,0.0,4,0,4,0,hide,1153
control,l2,4,earth animal no hide rolls,0.0,1.0,0.0,4,0,4,0,hide,1258
control,l2,4,easy walk no pull harness,0.0,1.0,0.0,4,0,4,0,pull,4342
control,l2,4,fancy feast grain free,0.0,0.5,0.5,4,0,2,2,grain,2313
control,l2,4,fancy feast grain free pate,0.0,1.0,0.0,4,0,4,0,grain,1036
control,l2,4,fancy feast grain free wet cat food,0.0,1.0,0.0,4,0,4,0,grain,12994
control,l2,4,farmina grain free,0.75,0.25,0.0,4,3,1,0,grain,2750
control,l2,4,farmina grain free dog food,0.0,1.0,0.0,4,0,4,0,grain,3081
control,l2,4,fat free dog treats,0.75,0.0,0.25,4,3,0,1,fat,7786
control,l2,4,fish free cat food,1.0,0.0,0.0,4,4,0,0,fish,1456
control,l2,4,fly mask without ears,0.5,0.5,0.0,4,2,2,0,ears,3567
control,l2,4,food grain free,0.0,1.0,0.0,4,0,4,0,grain,4785
control,l2,4,fragrance free cat litter,0.25,0.75,0.0,4,1,3,0,fragrance,8207
control,l2,4,fragrance free dog shampoo,0.0,1.0,0.0,4,0,4,0,fragrance,3644
control,l2,4,freedom grain free cat food,0.0,1.0,0.0,4,0,4,0,grain,2773
control,l2,4,freedom grain free dog food,0.0,1.0,0.0,4,0,4,0,grain,8393
control,l2,4,freedom no pull harness,0.75,0.25,0.0,4,3,1,0,pull,17745
control,l2,4,fresh pet grain free,0.0,1.0,0.0,4,0,4,0,grain,3969
control,l2,4,fresh pet grain free dog food,0.0,1.0,0.0,4,0,4,0,grain,1711
control,l2,4,fresh step cat litter non clumping,0.5,0.5,0.0,4,2,2,0,non clumping,7310
control,l2,4,fresh step dust free,0.25,0.0,0.75,4,1,0,3,dust,1279
control,l2,4,fresh step non clumping cat litter,0.5,0.5,0.0,4,2,2,0,non clumping,30486
control,l2,4,frisco no pull harness,0.5,0.5,0.0,4,2,2,0,pull,1291
control,l2,4,frisco padded no pull dog harness,0.25,0.75,0.0,4,1,3,0,pull,1101
control,l2,4,frisco stuffing free,0.0,1.0,0.0,4,0,4,0,stuffing,2257
control,l2,4,fromm grain free,0.75,0.25,0.0,4,3,1,0,grain,1032
control,l2,4,front clip no pull harness,0.25,0.75,0.0,4,1,3,0,pull,1120
control,l2,4,gain free dog food,0.25,0.75,0.0,4,1,3,0,gain,977
control,l2,4,gluten free,0.0,1.0,0.0,4,0,4,0,gluten,2039
control,l2,4,gluten free cat food,0.0,1.0,0.0,4,0,4,0,gluten,8910
control,l2,4,gluten free cat treats,0.0,0.75,0.25,4,0,3,1,gluten,1113
control,l2,4,gluten free dog food,0.0,0.75,0.25,4,0,3,1,gluten,32569
control,l2,4,gluten free dog treats,0.0,1.0,0.0,4,0,4,0,gluten,14910
control,l2,4,gluten free dry dog food,0.5,0.5,0.0,4,2,2,0,gluten,1196
control,l2,4,gluten free puppy food,0.25,0.75,0.0,4,1,3,0,gluten,1459
control,l2,4,gluten free wet cat food,0.0,0.75,0.25,4,0,3,1,gluten,1955
control,l2,4,gluten free wet dog food,0.0,1.0,0.0,4,0,4,0,gluten,1696
control,l2,4,gmo free dog food,0.0,1.0,0.0,4,0,4,0,gmo,7978
control,l2,4,good lovin no rawhide,0.0,0.0,1.0,4,0,0,4,rawhide,1165
control,l2,4,grain and chicken free dog food,0.25,0.75,0.0,4,1,3,0,"grain, chicken",1316
control,l2,4,grain free,0.0,1.0,0.0,4,0,4,0,grain,27310
control,l2,4,grain free adult dog food,0.0,1.0,0.0,4,0,4,0,grain,6444
control,l2,4,grain free air dried dog food,0.0,1.0,0.0,4,0,4,0,grain,1151
control,l2,4,grain free beef dog food,0.0,1.0,0.0,4,0,4,0,grain,3945
control,l2,4,grain free beef dry dog food,0.0,1.0,0.0,4,0,4,0,grain,1022
control,l2,4,grain free biscuits,0.0,1.0,0.0,4,0,4,0,grain,1010
control,l2,4,grain free blue buffalo dog food,0.0,1.0,0.0,4,0,4,0,grain,1932
control,l2,4,grain free canned cat food,0.0,1.0,0.0,4,0,4,0,grain,11102
control,l2,4,grain free canned dog food,0.0,1.0,0.0,4,0,4,0,grain,12390
control,l2,4,grain free cat,0.0,1.0,0.0,4,0,4,0,grain,6488
control,l2,4,grain free cat dry food,0.0,1.0,0.0,4,0,4,0,grain,2783
control,l2,4,grain free cat food,0.0,1.0,0.0,4,0,4,0,grain,76423
control,l2,4,grain free cat food dry,0.0,1.0,0.0,4,0,4,0,grain,14537
control,l2,4,grain free cat food wet,0.0,1.0,0.0,4,0,4,0,grain,11361
control,l2,4,grain free cat pate,0.0,1.0,0.0,4,0,4,0,grain,1210
control,l2,4,grain free cat treat,0.0,1.0,0.0,4,0,4,0,grain,6878
control,l2,4,grain free cat treats,0.0,1.0,0.0,4,0,4,0,grain,40628
control,l2,4,grain free cat wet food,0.0,1.0,0.0,4,0,4,0,grain,5735
control,l2,4,grain free chicken cat food,0.0,1.0,0.0,4,0,4,0,grain,1128
control,l2,4,grain free chicken dog food,0.0,1.0,0.0,4,0,4,0,grain,1250
control,l2,4,grain free chicken dog treats,0.0,1.0,0.0,4,0,4,0,grain,1542
control,l2,4,grain free chicken free dog food,0.75,0.25,0.0,4,3,1,0,"grain, chicken",8785
control,l2,4,grain free chicken free dog treats,0.75,0.25,0.0,4,3,1,0,"grain, chicken",4078
control,l2,4,grain free chicken pate cat food,0.0,1.0,0.0,4,0,4,0,grain,1418
control,l2,4,grain free dental chews,0.0,1.0,0.0,4,0,4,0,grain,5153
control,l2,4,grain free diet dog food,0.0,1.0,0.0,4,0,4,0,grain,4566
control,l2,4,grain free dog,0.0,1.0,0.0,4,0,4,0,grain,7358
control,l2,4,grain free dog biscuits,0.0,1.0,0.0,4,0,4,0,grain,7074
control,l2,4,grain free dog bones,0.0,1.0,0.0,4,0,4,0,grain,2681
control,l2,4,grain free dog chews,0.0,1.0,0.0,4,0,4,0,grain,1598
control,l2,4,grain free dog food,0.0,1.0,0.0,4,0,4,0,grain,611730
control,l2,4,grain free dog food 40 lb bag,0.0,1.0,0.0,4,0,4,0,grain,4206
control,l2,4,grain free dog food 40lbs,0.25,0.75,0.0,4,1,3,0,grain,5458
control,l2,4,grain free dog food dry,0.0,1.0,0.0,4,0,4,0,grain,3723
control,l2,4,grain free dog food large breed,0.0,1.0,0.0,4,0,4,0,grain,18579
control,l2,4,grain free dog food salmon,0.0,1.0,0.0,4,0,4,0,grain,1725
control,l2,4,grain free dog food small breed,0.0,1.0,0.0,4,0,4,0,grain,16175
control,l2,4,grain free dog food wet,0.0,1.0,0.0,4,0,4,0,grain,7838
control,l2,4,grain free dog kibble,0.0,1.0,0.0,4,0,4,0,grain,1556
control,l2,4,grain free dog training treats,0.0,1.0,0.0,4,0,4,0,grain,2820
control,l2,4,grain free dog treat,0.25,0.75,0.0,4,1,3,0,grain,10410
control,l2,4,grain free dog treats,0.25,0.75,0.0,4,1,3,0,grain,138329
control,l2,4,grain free dog treats for large dogs,0.0,1.0,0.0,4,0,4,0,grain,997
control,l2,4,grain free dog treats for medium dogs,0.0,1.0,0.0,4,0,4,0,grain,5358
control,l2,4,grain free dog treats small breed,0.0,1.0,0.0,4,0,4,0,grain,4076
control,l2,4,grain free dog wet food,0.0,1.0,0.0,4,0,4,0,grain,1019
control,l2,4,grain free dogfood no probiotic,0.0,0.0,1.0,4,0,0,4,probiotic,982
control,l2,4,grain free dry,0.0,1.0,0.0,4,0,4,0,grain,4891
control,l2,4,grain free dry adult dog food,0.0,1.0,0.0,4,0,4,0,grain,1350
control,l2,4,grain free dry cat food,0.0,1.0,0.0,4,0,4,0,grain,197068
control,l2,4,grain free dry dog food,0.0,1.0,0.0,4,0,4,0,grain,56421
control,l2,4,grain free dry kitten food,0.0,1.0,0.0,4,0,4,0,grain,6226
control,l2,4,grain free duck dog food,0.25,0.75,0.0,4,1,3,0,grain,1431
control,l2,4,grain free fancy feast,0.0,0.75,0.25,4,0,3,1,grain,1914
control,l2,4,grain free fish dog food,0.25,0.75,0.0,4,1,3,0,grain,2293
control,l2,4,grain free food,0.0,1.0,0.0,4,0,4,0,grain,1420
control,l2,4,grain free freeze dried dog food,0.0,1.0,0.0,4,0,4,0,grain,1795
control,l2,4,grain free fresh dog food,0.0,1.0,0.0,4,0,4,0,grain,1289
control,l2,4,grain free fruit dog treats,0.25,0.5,0.25,4,1,2,1,grain,1411
control,l2,4,grain free greenies,0.0,0.25,0.75,4,0,1,3,grain,2564
control,l2,4,grain free high protein cat food,0.25,0.75,0.0,4,1,3,0,grain,2937
control,l2,4,grain free high protein dog food,0.25,0.75,0.0,4,1,3,0,grain,1843
control,l2,4,grain free high protein dry cat food,0.0,1.0,0.0,4,0,4,0,grain,1029
control,l2,4,grain free honest kitchen,0.25,0.75,0.0,4,1,3,0,grain,1122
control,l2,4,grain free jerky,0.0,1.0,0.0,4,0,4,0,grain,1571
control,l2,4,grain free kibble,0.0,1.0,0.0,4,0,4,0,grain,1409
control,l2,4,grain free kitten dry food,0.0,1.0,0.0,4,0,4,0,grain,5861
control,l2,4,grain free kitten food,0.0,1.0,0.0,4,0,4,0,grain,16286
control,l2,4,grain free kitten wet food,0.0,1.0,0.0,4,0,4,0,grain,4500
control,l2,4,grain free lamb dog food,0.0,1.0,0.0,4,0,4,0,grain,3771
control,l2,4,grain free large breed dog food,0.0,1.0,0.0,4,0,4,0,grain,2530
control,l2,4,grain free limited ingredient cat food,0.0,1.0,0.0,4,0,4,0,grain,1729
control,l2,4,grain free limited ingredient dog food,0.0,1.0,0.0,4,0,4,0,grain,3438
control,l2,4,grain free low fat dog food,0.5,0.25,0.25,4,2,1,1,grain,2100
control,l2,4,grain free organic dog food,0.0,1.0,0.0,4,0,4,0,grain,1002
control,l2,4,grain free pate,0.0,1.0,0.0,4,0,4,0,grain,1578
control,l2,4,grain free pate cat food,0.0,1.0,0.0,4,0,4,0,grain,8858
control,l2,4,grain free peanut butter dog treats,0.0,1.0,0.0,4,0,4,0,grain,1000
control,l2,4,grain free puppy,0.25,0.75,0.0,4,1,3,0,grain,1472
control,l2,4,grain free puppy food,0.0,1.0,0.0,4,0,4,0,grain,34872
control,l2,4,grain free puppy treats,0.0,1.0,0.0,4,0,4,0,grain,1999
control,l2,4,grain free purina dog food,0.0,1.0,0.0,4,0,4,0,grain,1470
control,l2,4,grain free purina pro plan,0.75,0.25,0.0,4,3,1,0,grain,1558
control,l2,4,grain free rabbit cat food,0.0,1.0,0.0,4,0,4,0,grain,1266
control,l2,4,grain free rabbit food,0.0,1.0,0.0,4,0,4,0,grain,1121
control,l2,4,grain free salmon,0.25,0.75,0.0,4,1,3,0,grain,1422
control,l2,4,grain free salmon cat food,0.0,1.0,0.0,4,0,4,0,grain,1083
control,l2,4,grain free salmon dog food,0.0,1.0,0.0,4,0,4,0,grain,15202
control,l2,4,grain free salmon dry dog food,0.0,1.0,0.0,4,0,4,0,grain,2485
control,l2,4,grain free senior cat food,0.25,0.75,0.0,4,1,3,0,grain,2261
control,l2,4,grain free senior dog food,0.0,1.0,0.0,4,0,4,0,grain,10021
control,l2,4,grain free sensitive stomach cat food,0.0,1.0,0.0,4,0,4,0,grain,1967
control,l2,4,grain free sensitive stomach dog food,0.0,1.0,0.0,4,0,4,0,grain,1344
control,l2,4,grain free small breed,0.0,1.0,0.0,4,0,4,0,grain,1062
control,l2,4,grain free small breed dry dog food,0.0,1.0,0.0,4,0,4,0,grain,7815
control,l2,4,grain free small dog food,0.0,1.0,0.0,4,0,4,0,grain,1123
control,l2,4,grain free soft dog food,0.25,0.75,0.0,4,1,3,0,grain,1084
control,l2,4,grain free soft dog treats,0.5,0.5,0.0,4,2,2,0,grain,2972
control,l2,4,grain free training treats,0.0,0.5,0.5,4,0,2,2,grain,997
control,l2,4,grain free training treats for dogs,0.0,1.0,0.0,4,0,4,0,grain,2451
control,l2,4,grain free treats,0.25,0.75,0.0,4,1,3,0,grain,9238
control,l2,4,grain free treats for dogs,0.0,1.0,0.0,4,0,4,0,grain,12609
control,l2,4,grain free weight control dog food,0.25,0.75,0.0,4,1,3,0,grain,970
control,l2,4,grain free weight management dog food,0.75,0.25,0.0,4,3,1,0,grain,1758
control,l2,4,grain free wet,0.0,1.0,0.0,4,0,4,0,grain,4438
control,l2,4,grain free wet cat food,0.0,1.0,0.0,4,0,4,0,grain,162972
control,l2,4,grain free wet cat food gravy,0.0,1.0,0.0,4,0,4,0,grain,2407
control,l2,4,grain free wet cat food in gravy,0.0,1.0,0.0,4,0,4,0,grain,1303
control,l2,4,grain free wet cat food pate,0.0,1.0,0.0,4,0,4,0,grain,5664
control,l2,4,grain free wet dog food,0.0,1.0,0.0,4,0,4,0,grain,60526
control,l2,4,grain free wet food,0.0,1.0,0.0,4,0,4,0,grain,2504
control,l2,4,grain free wet food cat,0.0,1.0,0.0,4,0,4,0,grain,1388
control,l2,4,grain free wet kitten food,0.0,1.0,0.0,4,0,4,0,grain,3865
control,l2,4,grain-free cat food,0.0,1.0,0.0,4,0,4,0,grain,11965
control,l2,4,grain-free cat food 5.5 oz,0.0,1.0,0.0,4,0,4,0,grain,1346
control,l2,4,grain-free cat treats,0.0,1.0,0.0,4,0,4,0,grain,4411
control,l2,4,grain-free dog food,0.0,1.0,0.0,4,0,4,0,grain,6389
control,l2,4,grain-free dry cat food,0.0,1.0,0.0,4,0,4,0,grain,2485
control,l2,4,grain-free dry dog food,0.0,1.0,0.0,4,0,4,0,grain,3951
control,l2,4,grain-free kitten food,0.0,1.0,0.0,4,0,4,0,grain,1368
control,l2,4,grain-free puppy food,0.0,1.0,0.0,4,0,4,0,grain,3839
control,l2,4,grainfree,0.0,1.0,0.0,4,0,4,0,grain,1016
control,l2,4,grainfree dog food,0.0,1.0,0.0,4,0,4,0,grain,8254
control,l2,4,grainfree dry,0.0,1.0,0.0,4,0,4,0,grain,4253
control,l2,4,grainfree dry cat food,0.0,1.0,0.0,4,0,4,0,grain,2854
control,l2,4,grainfree wet dog food,0.0,1.0,0.0,4,0,4,0,grain,1120
control,l2,4,greenies grain free,0.25,0.25,0.5,4,1,1,2,grain,2143
control,l2,4,greenies grain free dental treats for dogs,0.5,0.0,0.5,4,2,0,2,grain,3043
control,l2,4,halti no pull harness,0.5,0.5,0.0,4,2,2,0,pull,16145
control,l2,4,halti nylon padded no pull dog headcollar,1.0,0.0,0.0,4,4,0,0,pull,3333
control,l2,4,harness for large dog no pull,0.5,0.5,0.0,4,2,2,0,pull,21244
control,l2,4,harness for medium dog no pull,0.75,0.25,0.0,4,3,1,0,pull,3986
control,l2,4,harness for small dog no pull,0.5,0.5,0.0,4,2,2,0,pull,4085
control,l2,4,harness no pull,0.0,1.0,0.0,4,0,4,0,pull,8042
control,l2,4,hide free,1.0,0.0,0.0,4,4,0,0,hide,3326
control,l2,4,hide free chews,0.75,0.25,0.0,4,3,1,0,hide,2987
control,l2,4,hide free chicken recipe sticks,1.0,0.0,0.0,4,4,0,0,hide,4091
control,l2,4,hide free dog chews,1.0,0.0,0.0,4,4,0,0,hide,7175
control,l2,4,high protein grain free cat food,0.0,1.0,0.0,4,0,4,0,grain,2873
control,l2,4,high protein grain free dog food,0.0,1.0,0.0,4,0,4,0,grain,2240
control,l2,4,hills grain free,1.0,0.0,0.0,4,4,0,0,grain,1934
control,l2,4,hills grain free dog food,0.75,0.25,0.0,4,3,1,0,grain,1614
control,l2,4,hills grain free dog treats,1.0,0.0,0.0,4,4,0,0,grain,1039
control,l2,4,hills grain free soft baked naturals,0.75,0.25,0.0,4,3,1,0,grain,2698
control,l2,4,hills science diet grain free,0.75,0.25,0.0,4,3,1,0,grain,2229
control,l2,4,hills science diet no corn,0.0,1.0,0.0,4,0,4,0,corn,1007
control,l2,4,hills science grain free,0.75,0.25,0.0,4,3,1,0,grain,1458
control,l2,4,honest kitchen beef grain free,0.5,0.5,0.0,4,2,2,0,grain,1152
control,l2,4,honest kitchen dehydrated dog food grain free,0.25,0.75,0.0,4,1,3,0,grain,1269
control,l2,4,honest kitchen grain free,0.25,0.75,0.0,4,1,3,0,grain,3478
control,l2,4,honest kitchen grain free beef,0.5,0.5,0.0,4,2,2,0,grain,6296
control,l2,4,honest kitchen grain free dehydrated dog food,0.5,0.5,0.0,4,2,2,0,grain,1714
control,l2,4,honest kitchen grain free dog food,0.0,1.0,0.0,4,0,4,0,grain,4178
control,l2,4,horse fly mask without ears,0.75,0.25,0.0,4,3,1,0,ears,5781
control,l2,4,iams grain free cat food,0.75,0.25,0.0,4,3,1,0,grain,2047
control,l2,4,instinct grain free,0.0,1.0,0.0,4,0,4,0,grain,1055
control,l2,4,instinct raw meals real beef recipe grain-free adult freeze-dried dog food 25-oz bag,0.25,0.75,0.0,4,1,3,0,grain,1048
control,l2,4,iodine free cat food,0.0,0.0,1.0,4,0,0,4,iodine,3331
control,l2,4,jinx grain free,0.0,1.0,0.0,4,0,4,0,grain,1000
control,l2,4,jinx grain free dog food,0.0,1.0,0.0,4,0,4,0,grain,2938
control,l2,4,kaytee no mess,0.0,1.0,0.0,4,0,4,0,mess,992
control,l2,4,kaytee no mess blend wild bird food,0.25,0.75,0.0,4,1,3,0,mess,2512
control,l2,4,kaytee wild bird food no mess,0.25,0.75,0.0,4,1,3,0,mess,998
control,l2,4,kitten dry food grain free,0.0,1.0,0.0,4,0,4,0,grain,10184
control,l2,4,kitten food grain free,0.25,0.75,0.0,4,1,3,0,grain,6119
control,l2,4,kitten grain free,0.0,1.0,0.0,4,0,4,0,grain,2322
control,l2,4,kitten grain free wet food,0.0,1.0,0.0,4,0,4,0,grain,1749
control,l2,4,kitten wet food grain free,0.0,1.0,0.0,4,0,4,0,grain,7774
control,l2,4,kitten wet grain free food,0.0,1.0,0.0,4,0,4,0,grain,993
control,l2,4,kitty litter non clumping,0.25,0.75,0.0,4,1,3,0,clumping,6396
control,l2,4,lamb grain free dog food,0.0,1.0,0.0,4,0,4,0,grain,2809
control,l2,4,large breed grain free dog food,0.0,1.0,0.0,4,0,4,0,grain,1263
control,l2,4,large breed puppy food grain free,0.75,0.25,0.0,4,3,1,0,grain,1963
control,l2,4,large breed puppy food no chicken,0.75,0.0,0.25,4,3,0,1,chicken,1134
control,l2,4,large dog bones rawhide free,0.25,0.25,0.5,4,1,1,2,rawhide,6861
control,l2,4,large dog harness no pull,0.25,0.5,0.25,4,1,2,1,pull,8655
control,l2,4,legume free dog food,0.75,0.25,0.0,4,3,1,0,legume,7084
control,l2,4,lickable cat treats grain free,0.0,1.0,0.0,4,0,4,0,grain,1128
control,l2,4,licks pill free,1.0,0.0,0.0,4,4,0,0,pill,2506
control,l2,4,limited ingredient grain free dog food,0.0,1.0,0.0,4,0,4,0,grain,2088
control,l2,4,litter dust free,0.0,0.25,0.75,4,0,1,3,dust,3928
control,l2,4,litter no dust,0.0,0.5,0.5,4,0,2,2,dust,2280
control,l2,4,litter non clumping,1.0,0.0,0.0,4,4,0,0,non clumping,4359
control,l2,4,low fat grain free dog food,1.0,0.0,0.0,4,4,0,0,"grain, fat",1870
control,l2,4,merrick grain free,0.0,1.0,0.0,4,0,4,0,grain,4055
control,l2,4,merrick grain free dry dog food,0.0,1.0,0.0,4,0,4,0,grain,6428
control,l2,4,merrick lil plates grain free dog food,0.0,1.0,0.0,4,0,4,0,grain,3343
control,l2,4,merrick real texas beef + sweet potato recipe grain-free chicken-free adult dry dog food,0.0,1.0,0.0,2,0,2,0,"grain, chicken",1424
control,l2,4,mess free bird seed,0.0,0.5,0.5,4,0,2,2,mess,1049
control,l2,4,mess free water bowl,0.0,1.0,0.0,4,0,4,0,mess,4645
control,l2,4,natural farm odor-free bully sticks,0.0,1.0,0.0,4,0,4,0,odor,4570
control,l2,4,nature's recipe grain free,0.0,1.0,0.0,4,0,4,0,grain,2587
control,l2,4,natures logic grain free,0.0,1.0,0.0,4,0,4,0,grain,972
control,l2,4,natures recipe grain free,0.0,1.0,0.0,4,0,4,0,grain,6270
control,l2,4,natures recipe grain free dog food,0.0,1.0,0.0,4,0,4,0,grain,5311
control,l2,4,natures recipe grain free dry dog food,0.0,1.0,0.0,4,0,4,0,grain,12075
control,l2,4,natures recipe grain free wet dog food,0.0,1.0,0.0,4,0,4,0,grain,1012
control,l2,4,no bark,0.5,0.5,0.0,4,2,2,0,bark,10077
control,l2,4,no bark collar,0.0,1.0,0.0,4,0,4,0,pull,20454
control,l2,4,no bark collars,1.0,0.0,0.0,4,4,0,0,no bark,7969
control,l2,4,no cat pee,0.0,1.0,0.0,4,0,4,0,cat pee,1215
control,l2,4,no chew,0.75,0.25,0.0,4,3,1,0,chew,7596
control,l2,4,no chew dog bed,0.5,0.5,0.0,4,2,2,0,chew,3301
control,l2,4,no chew spray for cats,0.0,1.0,0.0,4,0,4,0,chew,4073
control,l2,4,no chew spray for dogs,0.0,1.0,0.0,4,0,4,0,chew,35353
control,l2,4,no chicken,0.75,0.0,0.25,4,3,0,1,chicken,2318
control,l2,4,no chicken cat food,1.0,0.0,0.0,4,4,0,0,chicken,4707
control,l2,4,no chicken dog food,0.25,0.5,0.25,4,1,2,1,chicken,32850
control,l2,4,no chicken dog treats,1.0,0.0,0.0,4,4,0,0,chicken,4769
control,l2,4,no chicken dry dog food,0.5,0.5,0.0,4,2,2,0,chicken,1204
control,l2,4,no chicken puppy food,1.0,0.0,0.0,4,4,0,0,chicken,2040
control,l2,4,no chicken treats,1.0,0.0,0.0,4,4,0,0,chicken,2185
control,l2,4,no chicken wet dog food,1.0,0.0,0.0,4,4,0,0,chicken,5034
control,l2,4,no clump litter,0.25,0.75,0.0,4,1,3,0,clump,3211
control,l2,4,no corn dog food,0.0,1.0,0.0,4,0,4,0,corn,2939
control,l2,4,no dust cat litter,0.0,0.0,1.0,4,0,0,4,dust,9502
control,l2,4,no dust clumping cat litter,0.0,0.0,1.0,4,0,0,4,dust,6710
control,l2,4,no dust litter,0.0,0.5,0.5,4,0,2,2,dust,2340
control,l2,4,no eat poop,0.25,0.75,0.0,4,1,3,0,poop,2705
control,l2,4,no escape dog harness,0.0,1.0,0.0,4,0,4,0,pull,11770
control,l2,4,no escape harness,0.0,1.0,0.0,4,0,4,0,pull,3530
control,l2,4,no fat dog treats,0.0,0.75,0.25,4,0,3,1,fat,2796
control,l2,4,no flap ear wrap,0.0,1.0,0.0,4,0,4,0,pull,18080
control,l2,4,no grain cat food,0.0,1.0,0.0,4,0,4,0,grain,5782
control,l2,4,no grain dog food,0.0,1.0,0.0,4,0,4,0,grain,15780
control,l2,4,no grain dog treats,0.0,1.0,0.0,4,0,4,0,grain,1637
control,l2,4,no grain dry cat food,0.0,1.0,0.0,4,0,4,0,grain,3032
control,l2,4,no grain wet cat food,0.0,1.0,0.0,4,0,4,0,grain,4489
control,l2,4,no grow bird seed,0.0,0.75,0.25,4,0,3,1,grow,2780
control,l2,4,no hide,0.0,1.0,0.0,4,0,4,0,hide,67837
control,l2,4,no hide bone,0.0,1.0,0.0,4,0,4,0,hide,1796
control,l2,4,no hide bones,0.25,0.75,0.0,4,1,3,0,hide,13773
control,l2,4,no hide chew,0.0,1.0,0.0,4,0,4,0,hide,1036
control,l2,4,no hide chews,0.0,1.0,0.0,4,0,4,0,hide,147107
control,l2,4,no hide chews earth animal,0.0,1.0,0.0,4,0,4,0,hide,70100
control,l2,4,no hide chews large,0.0,1.0,0.0,4,0,4,0,hide,3727
control,l2,4,no hide chews medium,0.0,1.0,0.0,4,0,4,0,hide,1253
control,l2,4,no hide chews small,0.0,1.0,0.0,4,0,4,0,hide,1325
control,l2,4,no hide dog chews,0.0,1.0,0.0,4,0,4,0,hide,4859
control,l2,4,no hide dog chews 4 inch,0.75,0.25,0.0,4,3,1,0,hide,1845
control,l2,4,no hide dog chews medium,0.0,1.0,0.0,4,0,4,0,hide,2123
control,l2,4,no hide dog chews small,0.25,0.75,0.0,4,1,3,0,hide,2663
control,l2,4,no hide large,0.0,1.0,0.0,4,0,4,0,hide,3009
control,l2,4,no hide large rolls,0.0,1.0,0.0,4,0,4,0,hide,1346
control,l2,4,no hide medium,0.0,1.0,0.0,4,0,4,0,hide,1886
control,l2,4,no hide medium rolls,0.0,1.0,0.0,4,0,4,0,hide,2357
control,l2,4,no hide peanut butter,0.25,0.75,0.0,4,1,3,0,hide,1187
control,l2,4,no hide pumpkin,0.0,1.0,0.0,4,0,4,0,hide,1310
control,l2,4,no hide raw hide,1.0,0.0,0.0,4,4,0,0,rawhide,2210
control,l2,4,no hide rawhide,1.0,0.0,0.0,4,4,0,0,rawhide,2269
control,l2,4,no hide rolls,0.0,1.0,0.0,4,0,4,0,hide,1612
control,l2,4,no hide salmon,0.0,1.0,0.0,4,0,4,0,hide,2174
control,l2,4,no hide small rolls,0.0,1.0,0.0,4,0,4,0,hide,1257
control,l2,4,no hide sticks,0.0,1.0,0.0,4,0,4,0,hide,2520
control,l2,4,no hide stix,0.0,1.0,0.0,4,0,4,0,hide,7433
control,l2,4,no hide strips,0.0,1.0,0.0,4,0,4,0,hide,3815
control,l2,4,no hide venison,0.0,0.75,0.25,4,0,3,1,hide,1136
control,l2,4,no hides,0.0,1.0,0.0,4,0,4,0,hides,2331
control,l2,4,no holes,0.25,0.75,0.0,4,1,3,0,holes,2104
control,l2,4,no lick,1.0,0.0,0.0,4,4,0,0,lick,1801
control,l2,4,no melt suet,1.0,0.0,0.0,4,4,0,0,no melt,2781
control,l2,4,no melt suet cakes for birds,0.0,1.0,0.0,4,0,4,0,melt,3006
control,l2,4,no melt suet cakes for wild birds,0.0,1.0,0.0,4,0,4,0,melt,1040
control,l2,4,no mess bird feeder,0.0,1.0,0.0,4,0,4,0,mess,2078
control,l2,4,no mess bird food,0.0,1.0,0.0,4,0,4,0,mess,1778
control,l2,4,no mess bird seed,0.0,0.75,0.25,4,0,3,1,mess,10066
control,l2,4,no mess water bowl,0.25,0.5,0.25,4,1,2,1,mess,4197
control,l2,4,no mess wild bird food,0.0,1.0,0.0,4,0,4,0,mess,2594
control,l2,4,no mess wild bird seed,0.0,1.0,0.0,4,0,4,0,mess,22655
control,l2,4,no millet bird seed,0.75,0.0,0.25,4,3,0,1,millet,1078
control,l2,4,no odor bully sticks,0.0,1.0,0.0,4,0,4,0,odor,4474
control,l2,4,no pee,1.0,0.0,0.0,4,4,0,0,pee,2549
control,l2,4,no poo,0.75,0.25,0.0,4,3,1,0,poo,5242
control,l2,4,no poo chews,1.0,0.0,0.0,4,4,0,0,poo,3342
control,l2,4,no poo chews for dogs,0.5,0.5,0.0,4,2,2,0,poo,4691
control,l2,4,no poop,1.0,0.0,0.0,4,4,0,0,poop,3632
control,l2,4,no poop chews,1.0,0.0,0.0,4,4,0,0,poop,31892
control,l2,4,no poop eating,0.25,0.75,0.0,4,1,3,0,poop eating,16984
control,l2,4,no poultry dog food,0.75,0.0,0.25,4,3,0,1,poultry,1345
control,l2,4,no pull,0.25,0.75,0.0,4,1,3,0,pull,9044
control,l2,4,no pull collar,1.0,0.0,0.0,4,4,0,0,pull,20932
control,l2,4,no pull collar for dogs,0.5,0.5,0.0,4,2,2,0,pull,3540
control,l2,4,no pull collars,0.5,0.5,0.0,4,2,2,0,pull,1721
control,l2,4,no pull dog collar,0.5,0.25,0.25,4,2,1,1,pull,5502
control,l2,4,no pull dog harness,0.0,1.0,0.0,4,0,4,0,pull,32134
control,l2,4,no pull dog harnesses,0.0,1.0,0.0,4,0,4,0,pull,211607
control,l2,4,no pull dog leash,0.0,1.0,0.0,4,0,4,0,pull,4200
control,l2,4,no pull harness,0.0,1.0,0.0,4,0,4,0,pull,54525
control,l2,4,no pull harness for dogs,0.0,1.0,0.0,4,0,4,0,pull,114468
control,l2,4,no pull harness for large dog,0.0,1.0,0.0,4,0,4,0,pull,1918
control,l2,4,no pull harness for large dogs,0.0,1.0,0.0,4,0,4,0,pull,24205
control,l2,4,no pull harness for medium dog,0.0,1.0,0.0,4,0,4,0,pull,8720
control,l2,4,no pull harness for small dog,0.0,1.0,0.0,4,0,4,0,pull,13902
control,l2,4,no pull harnesses,0.25,0.75,0.0,4,1,3,0,pull,1272
control,l2,4,no pull head collar,0.25,0.75,0.0,4,1,3,0,pull,2574
control,l2,4,no pull leash,0.25,0.75,0.0,4,1,3,0,pull,21703
control,l2,4,no pull training collar,0.5,0.5,0.0,4,2,2,0,pull,1134
control,l2,4,no rawhide,0.5,0.5,0.0,4,2,2,0,rawhide,2332
control,l2,4,no rawhide bones,1.0,0.0,0.0,4,4,0,0,rawhide,12951
control,l2,4,no rawhide chews,0.25,0.75,0.0,4,1,3,0,rawhide,2715
control,l2,4,no rawhide dog chews,0.5,0.5,0.0,4,2,2,0,rawhide,35562
control,l2,4,no rawhide treats,0.5,0.5,0.0,4,2,2,0,rawhide,4068
control,l2,4,no scoot for dogs,1.0,0.0,0.0,4,4,0,0,scoot,25922
control,l2,4,no scratch,1.0,0.0,0.0,4,4,0,0,scratch,3930
control,l2,4,no scratch spray,1.0,0.0,0.0,4,4,0,0,scratch,7315
control,l2,4,no scratch spray for cats,0.75,0.25,0.0,4,3,1,0,scratch,1019
control,l2,4,no shock bark collar,0.25,0.5,0.25,4,1,2,1,shock,12886
control,l2,4,no shock collar,0.5,0.25,0.25,4,2,1,1,shock,1007
control,l2,4,no shock dog collar,0.5,0.25,0.25,4,2,1,1,shock,1356
control,l2,4,no shock training collar,0.75,0.0,0.25,4,3,0,1,shock,7048
control,l2,4,no slip collar,0.0,1.0,0.0,4,0,4,0,pull,1199
control,l2,4,no slip dog collar,0.5,0.5,0.0,4,2,2,0,pull,2153
control,l2,4,no slip dog socks,0.0,1.0,0.0,4,0,4,0,pull,3399
control,l2,4,no slip harness,1.0,0.0,0.0,4,4,0,0,pull,2053
control,l2,4,no spill dog bowl,1.0,0.0,0.0,4,4,0,0,spill,4573
control,l2,4,no spill dog water bowl,0.25,0.75,0.0,4,1,3,0,spill,28061
control,l2,4,no spill water bowl,0.75,0.0,0.25,4,3,0,1,spill,30994
control,l2,4,no splash water bowl,0.0,1.0,0.0,4,0,4,0,pull,3317
control,l2,4,no spray cat,1.0,0.0,0.0,4,4,0,0,spray,2497
control,l2,4,no squeak dog toy,0.75,0.25,0.0,4,3,1,0,squeak,990
control,l2,4,no squeak dog toys,0.75,0.25,0.0,4,3,1,0,squeak,40129
control,l2,4,no squirrel bird seed,0.5,0.5,0.0,4,2,2,0,squirrel,5398
control,l2,4,no stuffing,0.25,0.75,0.0,4,1,3,0,stuffing,2020
control,l2,4,no stuffing dog toy,0.0,1.0,0.0,4,0,4,0,stuffing,8094
control,l2,4,no stuffing dog toys,0.0,1.0,0.0,4,0,4,0,stuffing,97772
control,l2,4,no stuffing toy,0.0,1.0,0.0,4,0,4,0,stuffing,3277
control,l2,4,no stuffing toys,0.0,1.0,0.0,4,0,4,0,stuffing,5673
control,l2,4,no sugar dog treats,0.25,0.0,0.75,4,1,0,3,sugar,1361
control,l2,4,no sugar horse treats,0.5,0.0,0.5,4,2,0,2,sugar,1315
control,l2,4,no tangle leash,0.0,1.0,0.0,4,0,4,0,pull,1186
control,l2,4,no tip dog bowl,0.0,1.0,0.0,4,0,4,0,pull,1033
control,l2,4,no tip water bowl,0.0,0.75,0.25,4,0,3,1,tip,6005
control,l2,4,no toot,1.0,0.0,0.0,4,4,0,0,toot,1991
control,l2,4,no track cat litter,0.75,0.25,0.0,4,3,1,0,track,1419
control,l2,4,no tracking cat litter,1.0,0.0,0.0,4,4,0,0,tracking,13088
control,l2,4,no tracking litter,1.0,0.0,0.0,4,4,0,0,tracking,1397
control,l2,4,no waste bird food,0.25,0.75,0.0,4,1,3,0,waste,2152
control,l2,4,no waste bird seed,0.0,1.0,0.0,4,0,4,0,waste,9270
control,l2,4,no waste wild bird food,0.0,1.0,0.0,4,0,4,0,waste,2693
control,l2,4,no waste wild bird seed,0.0,1.0,0.0,4,0,4,0,waste,24563
control,l2,4,no zip stroller,0.0,1.0,0.0,4,0,4,0,zip,1518
control,l2,4,non absorbent cat litter,0.75,0.25,0.0,4,3,1,0,non absorbent,1507
control,l2,4,non chew dog bed,0.0,1.0,0.0,4,0,4,0,chew,995
control,l2,4,non chicken dog food,0.75,0.0,0.25,4,3,0,1,chicken,3858
control,l2,4,non chicken dog treats,0.25,0.75,0.0,4,1,3,0,chicken,1718
control,l2,4,non clay cat litter,0.75,0.25,0.0,4,3,1,0,clay,5979
control,l2,4,non clay litter,0.5,0.5,0.0,4,2,2,0,clay,2271
control,l2,4,non clumping,0.0,1.0,0.0,4,0,4,0,clumping,1334
control,l2,4,non clumping cat litter,0.75,0.25,0.0,4,3,1,0,non clumping,121355
control,l2,4,non clumping kitty litter,0.75,0.25,0.0,4,3,1,0,non clumping,1510
control,l2,4,non clumping unscented cat litter,0.75,0.25,0.0,4,3,1,0,"non clumping unscented cat litter

the user is actually looking for cat litter",11479
control,l2,4,non gmo,0.0,1.0,0.0,4,0,4,0,gmo,1156
control,l2,4,non gmo cat food,0.0,1.0,0.0,4,0,4,0,gmo,2288
control,l2,4,non gmo chicken feed,0.0,1.0,0.0,4,0,4,0,gmo,16510
control,l2,4,non gmo dog food,0.0,1.0,0.0,4,0,4,0,gmo,11060
control,l2,4,non gmo dog treats,1.0,0.0,0.0,4,4,0,0,non gmo,994
control,l2,4,non gmo wet dog food,0.0,1.0,0.0,4,0,4,0,gmo,1029
control,l2,4,non grain dog food,0.25,0.75,0.0,4,1,3,0,grain,1089
control,l2,4,non kibble dog food,1.0,0.0,0.0,4,4,0,0,kibble,1761
control,l2,4,non prescription flea medicine,0.25,0.75,0.0,4,1,3,0,non prescription,1077
control,l2,4,non prescription flea meds,0.5,0.25,0.25,4,2,1,1,non prescription,1229
control,l2,4,non prescription pain meds for dogs,0.25,0.75,0.0,4,1,3,0,prescription,3980
control,l2,4,non pull harness,0.25,0.75,0.0,4,1,3,0,pull,5327
control,l2,4,non raw hide,0.75,0.25,0.0,4,3,1,0,rawhide,1225
control,l2,4,non rawhide,0.5,0.5,0.0,4,2,2,0,rawhide,1020
control,l2,4,non rawhide bones,0.0,1.0,0.0,4,0,4,0,rawhide,18977
control,l2,4,non rawhide chews,0.0,1.0,0.0,4,0,4,0,rawhide,10766
control,l2,4,non rawhide dog chews,0.0,1.0,0.0,4,0,4,0,rawhide,70094
control,l2,4,non rawhide dog treats,0.25,0.75,0.0,4,1,3,0,rawhide,2882
control,l2,4,non scented litter,0.5,0.5,0.0,4,2,2,0,scented,1755
control,l2,4,non squeaky dog toys,0.75,0.0,0.25,4,3,0,1,squeaky,17562
control,l2,4,non stuffed dog toys,0.25,0.75,0.0,4,1,3,0,stuffed,6207
control,l2,4,non tip water bowl,0.0,1.0,0.0,4,0,4,0,tip,6861
control,l2,4,non toxic cat litter,0.0,1.0,0.0,4,0,4,0,toxic,1267
control,l2,4,non tracking cat litter,0.0,0.5,0.5,4,0,2,2,tracking,18311
control,l2,4,non tracking litter,0.0,0.5,0.5,4,0,2,2,tracking,3003
control,l2,4,non-gmo dog food,0.0,1.0,0.0,4,0,4,0,gmo,3007
control,l2,4,nulo grain free,0.25,0.75,0.0,4,1,3,0,grain,4152
control,l2,4,nutrish dog food grain free,0.0,1.0,0.0,4,0,4,0,grain,1003
control,l2,4,nutrish grain free dog food,0.0,1.0,0.0,4,0,4,0,grain,4382
control,l2,4,nutro grain free,0.5,0.5,0.0,4,2,2,0,grain,2591
control,l2,4,nutro grain free dog food,0.25,0.75,0.0,4,1,3,0,grain,4841
control,l2,4,odor free bully stick,0.25,0.75,0.0,4,1,3,0,odor,1494
control,l2,4,odor free bully sticks,0.5,0.5,0.0,4,2,2,0,odor,9025
control,l2,4,odor free bully sticks for dogs,0.0,1.0,0.0,4,0,4,0,odor,27702
control,l2,4,open farm grain free,0.25,0.75,0.0,4,1,3,0,grain,1704
control,l2,4,open farm grain free dog food,0.25,0.75,0.0,4,1,3,0,grain,2175
control,l2,4,organic chicken feed soy free,0.0,1.0,0.0,4,0,4,0,soy,1525
control,l2,4,organic grain free cat treats,0.0,0.5,0.5,4,0,2,2,grain,2085
control,l2,4,organic non gmo chicken feed,1.0,0.0,0.0,4,4,0,0,non gmo,1154
control,l2,4,organic soy free chicken feed,0.0,1.0,0.0,4,0,4,0,soy,2338
control,l2,4,origin grain free dog,0.5,0.5,0.0,4,2,2,0,grain,5901
control,l2,4,origin grain free puppy,0.25,0.75,0.0,4,1,3,0,grain,3607
control,l2,4,orijen grain free,0.25,0.75,0.0,4,1,3,0,grain,1665
control,l2,4,orijen grain free cat,0.25,0.75,0.0,4,1,3,0,grain,1533
control,l2,4,orijen grain free dog,0.25,0.75,0.0,4,1,3,0,grain,2373
control,l2,4,orijen grain free dog food,0.25,0.75,0.0,4,1,3,0,grain,2503
control,l2,4,orijen grain free puppy,0.5,0.5,0.0,4,2,2,0,grain,2493
control,l2,4,orijen grain free treats,0.0,1.0,0.0,4,0,4,0,grain,1785
control,l2,4,pate grain free cat food,0.0,1.0,0.0,4,0,4,0,grain,1105
control,l2,4,pea free dog food,1.0,0.0,0.0,4,4,0,0,pea,5939
control,l2,4,pet safe easy walk no pull harness,0.75,0.25,0.0,4,3,1,0,pull,1953
control,l2,4,pigeon feed no corn,0.75,0.25,0.0,4,3,1,0,corn,3687
control,l2,4,pigeon food no corn,0.75,0.25,0.0,4,3,1,0,corn,1756
control,l2,4,pork chomps rawhide free,0.0,1.0,0.0,4,0,4,0,rawhide,129324
control,l2,4,pork chomps rawhide free dog bones,0.0,1.0,0.0,4,0,4,0,rawhide,3737
control,l2,4,poultry free,1.0,0.0,0.0,4,4,0,0,poultry,2348
control,l2,4,poultry free cat food,1.0,0.0,0.0,4,4,0,0,poultry,1975
control,l2,4,poultry free dog food,0.75,0.0,0.25,4,3,0,1,poultry,17789
control,l2,4,poultry free dog treats,0.75,0.0,0.25,4,3,0,1,poultry,1753
control,l2,4,poultry free wet dog food,0.75,0.0,0.25,4,3,0,1,poultry,1701
control,l2,4,pro plan grain free,1.0,0.0,0.0,4,4,0,0,grain,1681
control,l2,4,protein free dog treats,1.0,0.0,0.0,4,4,0,0,protein,5096
control,l2,4,puppy food chicken free,0.75,0.0,0.25,4,3,0,1,chicken,1032
control,l2,4,puppy food grain free,0.0,1.0,0.0,4,0,4,0,grain,7002
control,l2,4,puppy food no chicken,1.0,0.0,0.0,4,4,0,0,chicken,2518
control,l2,4,puppy food with no chicken,1.0,0.0,0.0,4,4,0,0,chicken,1040
control,l2,4,puppy food without chicken,1.0,0.0,0.0,4,4,0,0,chicken,1606
control,l2,4,puppy grain free,0.0,1.0,0.0,4,0,4,0,grain,1298
control,l2,4,puppy grain free food,0.0,1.0,0.0,4,0,4,0,grain,1140
control,l2,4,pure balance grain free,0.5,0.5,0.0,4,2,2,0,grain,11504
control,l2,4,purina beneful grain free,0.75,0.0,0.25,4,3,0,1,grain,1945
control,l2,4,purina beyond grain free cat food,0.5,0.25,0.25,4,2,1,1,grain,8992
control,l2,4,purina beyond grain free dog food,0.0,1.0,0.0,4,0,4,0,grain,3884
control,l2,4,purina beyond grain free dry cat food,0.75,0.25,0.0,4,3,1,0,grain,2080
control,l2,4,purina cat food grain free,0.0,1.0,0.0,4,0,4,0,grain,5440
control,l2,4,purina cat grain free,0.75,0.25,0.0,4,3,1,0,grain,1273
control,l2,4,purina grain free,0.25,0.75,0.0,4,1,3,0,grain,8189
control,l2,4,purina grain free cat food,0.0,1.0,0.0,4,0,4,0,grain,2326
control,l2,4,purina grain free dog food,0.25,0.75,0.0,4,1,3,0,grain,3037
control,l2,4,purina grain free dry cat food,0.75,0.25,0.0,4,3,1,0,grain,19168
control,l2,4,purina grain free dry dog food,0.5,0.5,0.0,4,2,2,0,grain,8138
control,l2,4,purina grain free wet cat food,0.0,1.0,0.0,4,0,4,0,grain,7458
control,l2,4,purina grain free wet dog food,0.0,1.0,0.0,4,0,4,0,grain,2342
control,l2,4,purina one grain free,0.5,0.5,0.0,4,2,2,0,grain,4066
control,l2,4,purina one grain free cat food,0.0,1.0,0.0,4,0,4,0,grain,1649
control,l2,4,purina one grain free dog food,0.5,0.5,0.0,4,2,2,0,grain,5270
control,l2,4,purina one grain free dry cat food,0.75,0.0,0.25,4,3,0,1,grain,5886
control,l2,4,purina one grain free wet cat food,0.0,1.0,0.0,4,0,4,0,grain,17042
control,l2,4,purina one wet cat food grain free,0.0,1.0,0.0,4,0,4,0,grain,1114
control,l2,4,purina pro plan for cats grain free,0.0,1.0,0.0,4,0,4,0,grain,1589
control,l2,4,purina pro plan for dogs grain free,0.25,0.75,0.0,4,1,3,0,grain,975
control,l2,4,purina pro plan grain free,0.75,0.25,0.0,4,3,1,0,grain,7034
control,l2,4,python no spill,0.75,0.25,0.0,4,3,1,0,spill,5465
control,l2,4,rachel ray grain free dog food,0.0,1.0,0.0,4,0,4,0,grain,4812
control,l2,4,raw hide free,0.0,1.0,0.0,4,0,4,0,rawhide,2193
control,l2,4,raw hide free bones,0.25,0.75,0.0,4,1,3,0,rawhide,3187
control,l2,4,raw hide free dog bones,1.0,0.0,0.0,4,4,0,0,rawhide,1011
control,l2,4,raw hide free dog chews,0.0,1.0,0.0,4,0,4,0,rawhide,25587
control,l2,4,raw hide free large dog chews,0.25,0.75,0.0,4,1,3,0,rawhide,1264
control,l2,4,rawhide free,0.0,1.0,0.0,4,0,4,0,rawhide,17055
control,l2,4,rawhide free bones,0.25,0.75,0.0,4,1,3,0,rawhide,6443
control,l2,4,rawhide free chew,0.0,1.0,0.0,4,0,4,0,rawhide,1282
control,l2,4,rawhide free chews,0.0,1.0,0.0,4,0,4,0,rawhide,58043
control,l2,4,rawhide free dog bones,0.0,0.75,0.25,4,0,3,1,rawhide,135517
control,l2,4,rawhide free dog bones & chews,0.0,1.0,0.0,4,0,4,0,rawhide,1390
control,l2,4,rawhide free dog bones & chews for large dogs,0.0,0.75,0.25,4,0,3,1,rawhide,4358
control,l2,4,rawhide free dog bones long lasting,0.5,0.5,0.0,4,2,2,0,rawhide,14868
control,l2,4,rawhide free dog chews,0.0,1.0,0.0,4,0,4,0,rawhide,6526
control,l2,4,rawhide free dog chews long lasting,0.0,1.0,0.0,4,0,4,0,rawhide,4471
control,l2,4,rawhide free dog treats,0.0,1.0,0.0,4,0,4,0,rawhide,29794
control,l2,4,rawhide free sticks,0.0,1.0,0.0,4,0,4,0,rawhide,2264
control,l2,4,rawhide free treats,0.0,1.0,0.0,4,0,4,0,rawhide,1840
control,l2,4,rice free dog food,0.5,0.5,0.0,4,2,2,0,rice,1195
control,l2,4,royal canin grain free,0.75,0.0,0.25,4,3,0,1,grain,2432
control,l2,4,salmon dog food grain free,0.0,1.0,0.0,4,0,4,0,grain,975
control,l2,4,salmon grain free dog food,0.0,1.0,0.0,4,0,4,0,grain,8103
control,l2,4,salt free dog food,0.0,0.0,1.0,4,0,0,4,salt,1015
control,l2,4,scent free cat litter,1.0,0.0,0.0,4,4,0,0,scent,2695
control,l2,4,scent free litter,0.5,0.25,0.25,4,2,1,1,scent,3172
control,l2,4,science diet grain free,1.0,0.0,0.0,4,4,0,0,grain,4491
control,l2,4,senior cat food grain free,0.0,1.0,0.0,4,0,4,0,grain,1110
control,l2,4,senior dog food grain free,0.0,1.0,0.0,4,0,4,0,grain,1394
control,l2,4,senior grain free dog food,0.0,1.0,0.0,4,0,4,0,grain,4724
control,l2,4,sheba grain free,0.0,1.0,0.0,4,0,4,0,grain,1917
control,l2,4,shell free bird seed,0.0,0.25,0.75,4,0,1,3,shell,1278
control,l2,4,small black stroller no zip,0.25,0.75,0.0,4,1,3,0,zip,1046
control,l2,4,small breed grain free,0.0,1.0,0.0,4,0,4,0,grain,1509
control,l2,4,small breed grain free dog food,0.0,1.0,0.0,4,0,4,0,grain,2340
control,l2,4,small breed grain free dry dog food,0.0,1.0,0.0,4,0,4,0,grain,2354
control,l2,4,small dog no pull harness,0.0,1.0,0.0,4,0,4,0,pull,1740
control,l2,4,small no pull harness,0.5,0.5,0.0,4,2,2,0,pull,1148
control,l2,4,soft grain free dog treats,0.0,0.75,0.25,4,0,3,1,grain,2135
control,l2,4,soy and corn free chicken feed,0.0,1.0,0.0,4,0,4,0,soy and corn,1287
control,l2,4,soy free chicken feed,0.0,1.0,0.0,4,0,4,0,soy,11839
control,l2,4,soy free horse feed,0.0,1.0,0.0,4,0,4,0,soy,5431
control,l2,4,soy free layer feed,0.0,1.0,0.0,4,0,4,0,soy,1175
control,l2,4,sporn mesh no pull dog harness,1.0,0.0,0.0,4,4,0,0,pull,7687
control,l2,4,stella and chewy grain free,0.0,1.0,0.0,4,0,4,0,grain,1117
control,l2,4,stink free,0.0,1.0,0.0,4,0,4,0,stink,3161
control,l2,4,stuffing free,0.0,1.0,0.0,4,0,4,0,stuffing,6904
control,l2,4,stuffing free dog toy,0.0,1.0,0.0,4,0,4,0,stuffing,4687
control,l2,4,stuffing free dog toys,0.0,1.0,0.0,4,0,4,0,stuffing,142348
control,l2,4,stuffing free dog toys large,0.0,1.0,0.0,4,0,4,0,stuffing,21225
control,l2,4,stuffing free dog toys small,0.0,1.0,0.0,4,0,4,0,stuffing,6376
control,l2,4,stuffing free toy,0.0,1.0,0.0,4,0,4,0,stuffing,2294
control,l2,4,stuffing free toys,0.0,1.0,0.0,4,0,4,0,stuffing,1123
control,l2,4,stuffing-free,0.0,1.0,0.0,4,0,4,0,stuffing,1079
control,l2,4,suet cakes for wild birds no melt,0.0,1.0,0.0,4,0,4,0,melt,7772
control,l2,4,sugar free,0.5,0.5,0.0,4,2,2,0,sugar,1515
control,l2,4,sugar free dog treats,0.0,0.0,1.0,4,0,0,4,sugar,9955
control,l2,4,sugar free horse treats,0.5,0.25,0.25,4,2,1,1,sugar,8411
control,l2,4,taste of the wild dog food grain free,0.0,1.0,0.0,4,0,4,0,grain,1243
control,l2,4,taste of the wild grain free,0.0,1.0,0.0,4,0,4,0,grain,2805
control,l2,4,taste of the wild grain free dog food,0.0,1.0,0.0,4,0,4,0,grain,8357
control,l2,4,taste of the wild high prairie grain-free dry dog food,0.25,0.75,0.0,4,1,3,0,grain,1435
control,l2,4,tear free dog shampoo,1.0,0.0,0.0,4,4,0,0,tear,7647
control,l2,4,the honest kitchen for dogs grain free,0.0,1.0,0.0,4,0,4,0,grain,1325
control,l2,4,the honest kitchen grain free,0.5,0.5,0.0,4,2,2,0,grain,2403
control,l2,4,tidy cats free,0.5,0.5,0.0,4,2,2,0,free,1197
control,l2,4,tidy cats free & clean unscented,0.5,0.5,0.0,4,2,2,0,unscented,999
control,l2,4,tidy cats free and clean unscented,0.5,0.5,0.0,4,2,2,0,unscented,7587
control,l2,4,tidy cats non clumping litter for cats,0.75,0.25,0.0,4,3,1,0,non clumping,2835
control,l2,4,tiny tiger grain free,0.0,1.0,0.0,4,0,4,0,grain,1318
control,l2,4,toy no stuffing,0.0,1.0,0.0,4,0,4,0,stuffing,1060
control,l2,4,toys no stuffing,0.0,1.0,0.0,4,0,4,0,stuffing,1635
control,l2,4,toys with no stuffing,0.0,1.0,0.0,4,0,4,0,stuffing,4057
control,l2,4,treats for dogs with no teeth,0.75,0.25,0.0,4,3,1,0,teeth,1406
control,l2,4,tuffy no stuff,0.0,1.0,0.0,4,0,4,0,stuff,1489
control,l2,4,turkey grain free,0.25,0.75,0.0,4,1,3,0,grain,1309
control,l2,4,ultra grain free,0.25,0.75,0.0,4,1,3,0,grain,978
control,l2,4,unscented dust free cat litter,0.5,0.0,0.5,4,2,0,2,"dust, scent",1132
control,l2,4,unscented dust free clumping cat litter,1.0,0.0,0.0,4,4,0,0,unscented,972
control,l2,4,unscented dust free litter,0.0,1.0,0.0,4,0,4,0,"unscented
dust",1250
control,l2,4,unscented non clumping cat litter,1.0,0.0,0.0,4,4,0,0,non clumping,7305
control,l2,4,vetivex veterinary dehp free lactated ringers electrolyte injection solution 1000-ml,0.25,0.25,0.5,4,1,1,2,dehp,5570
control,l2,4,victor grain free,0.75,0.25,0.0,4,3,1,0,grain,2601
control,l2,4,victor grain free dog food,0.25,0.75,0.0,4,1,3,0,grain,5635
control,l2,4,victor hi-pro plus 30/20 active sporting high protein gluten-free dry dog food,0.0,0.75,0.25,4,0,3,1,gluten,1151
control,l2,4,wag grain free dog food,0.0,1.0,0.0,4,0,4,0,grain,3193
control,l2,4,waste free bird seed,0.0,1.0,0.0,4,0,4,0,waste,4797
control,l2,4,waste free wild bird seed,0.25,0.75,0.0,4,1,3,0,waste,12115
control,l2,4,water bowl no spill,0.75,0.0,0.25,4,3,0,1,spill,2058
control,l2,4,weight management dog food no chicken,1.0,0.0,0.0,4,4,0,0,chicken,1021
control,l2,4,wellness core grain free,0.0,1.0,0.0,4,0,4,0,grain,1527
control,l2,4,wellness core grain free cat food,0.0,1.0,0.0,4,0,4,0,grain,2510
control,l2,4,wellness core grain free dog food,0.0,1.0,0.0,4,0,4,0,grain,8637
control,l2,4,wellness dry dog food grain free,0.25,0.75,0.0,4,1,3,0,grain,2057
control,l2,4,wellness grain free,0.0,1.0,0.0,4,0,4,0,grain,1617
control,l2,4,wellness grain free cat food,0.0,1.0,0.0,4,0,4,0,grain,2248
control,l2,4,wellness grain free dog food,0.0,1.0,0.0,4,0,4,0,grain,4682
control,l2,4,wet cat food grain free,0.0,1.0,0.0,4,0,4,0,grain,16508
control,l2,4,wet dog food grain free,0.0,1.0,0.0,4,0,4,0,grain,6455
control,l2,4,wet dog food no chicken,1.0,0.0,0.0,4,4,0,0,chicken,1981
control,l2,4,wet dog food without chicken,1.0,0.0,0.0,4,4,0,0,chicken,1194
control,l2,4,wet grain free cat food,0.0,1.0,0.0,4,0,4,0,grain,4900
control,l2,4,wet grain free dog food,0.0,1.0,0.0,4,0,4,0,grain,4103
control,l2,4,wet kitten food grain free,0.0,1.0,0.0,4,0,4,0,grain,2250
control,l2,4,wheat free cat food,0.0,0.75,0.25,4,0,3,1,wheat,5111
control,l2,4,wheat free dog food,0.0,0.75,0.25,4,0,3,1,wheat,6961
control,l2,4,wheat free dog treats,0.0,1.0,0.0,4,0,4,0,wheat,9289
control,l2,4,wheat free puppy food,0.0,1.0,0.0,4,0,4,0,wheat,4122
control,l2,4,whole earth farms grain-free,0.5,0.5,0.0,4,2,2,0,grain,5914
control,l2,4,whole hearted grain free,0.5,0.5,0.0,4,2,2,0,grain,1214
control,l2,4,wholesome grain free,0.25,0.75,0.0,4,1,3,0,grain,2131
control,l2,4,wholesomes grain free dog food,0.0,1.0,0.0,4,0,4,0,grain,2158
control,l2,4,wild bird seed no waste,0.0,1.0,0.0,4,0,4,0,waste,14889
control,l2,4,yeast free dog food,0.5,0.0,0.5,4,2,0,2,yeast,6961
control,l2,10,2 hounds design freedom no pull dog harness,0.6,0.1,0.3,10,6,1,3,pull,13268
control,l2,10,acana grain free,0.1,0.9,0.0,10,1,9,0,grain,1372
control,l2,10,acana grain free cat,0.0,0.6,0.4,10,0,6,4,grain,1699
control,l2,10,acana grain-free food for dogs,0.3,0.7,0.0,10,3,7,0,grain,3087
control,l2,10,adjustable no pull harness,0.8,0.0,0.2,10,8,0,2,pull,974
control,l2,10,aller free,0.5,0.5,0.0,10,5,5,0,aller,974
control,l2,10,allergy free cat food,0.4,0.6,0.0,10,4,6,0,allergy,1923
control,l2,10,allergy free dog food,0.1,0.9,0.0,10,1,9,0,allergy,2462
control,l2,10,allergy free dog treats,0.5,0.4,0.1,10,5,4,1,allergy,4371
control,l2,10,american journey grain free,0.2,0.8,0.0,10,2,8,0,grain,1049
control,l2,10,american journey grain free dog food,0.2,0.8,0.0,10,2,8,0,grain,3336
control,l2,10,audubon park waste free,0.2,0.8,0.0,10,2,8,0,waste free,2251
control,l2,10,bark collar no shock,0.4,0.2,0.4,10,4,2,4,shock,3859
control,l2,10,barkworthies odor free bully sticks,0.0,1.0,0.0,10,0,10,0,odor,3939
control,l2,10,beef dog food grain free,0.0,1.0,0.0,10,0,10,0,grain,1044
control,l2,10,beef grain free dog food,0.1,0.9,0.0,10,1,9,0,grain,2045
control,l2,10,beneful grain free,0.6,0.4,0.0,10,6,4,0,grain,1604
control,l2,10,best bully sticks odor free,0.0,1.0,0.0,10,0,10,0,odor,2943
control,l2,10,best no pull harness,0.5,0.5,0.0,10,5,5,0,pull,1798
control,l2,10,beyond dry cat food grain free,0.4,0.5,0.1,10,4,5,1,grain,5250
control,l2,10,beyond grain free,0.3,0.7,0.0,10,3,7,0,grain,2372
control,l2,10,beyond grain free cat food dry,0.5,0.5,0.0,10,5,5,0,grain,3779
control,l2,10,beyond grain free dry cat food,0.6,0.4,0.0,10,6,4,0,grain,2175
control,l2,10,beyond grain free wet cat food,0.2,0.7,0.1,10,2,7,1,grain,1433
control,l2,10,beyond simply grain free cat food,0.6,0.3,0.1,10,6,3,1,grain,3366
control,l2,10,bird food wild no mess,0.0,0.6,0.4,10,0,6,4,mess,1138
control,l2,10,bird seed no mess,0.0,0.6,0.4,10,0,6,4,mess,1067
control,l2,10,bird seed no waste,0.0,0.8,0.2,10,0,8,2,waste,3357
control,l2,10,bird seed wild no mess,0.0,0.6,0.4,10,0,6,4,mess,3963
control,l2,10,bird seed wild no waste,0.1,0.8,0.1,10,1,8,1,waste,16977
control,l2,10,bird suet cakes no melt,0.4,0.4,0.2,10,4,4,2,melt,3661
control,l2,10,blue buffalo chicken free,1.0,0.0,0.0,10,10,0,0,chicken,3208
control,l2,10,blue buffalo dog food grain free,0.0,1.0,0.0,10,0,10,0,grain,5564
control,l2,10,blue buffalo freedom grain free,0.0,1.0,0.0,10,0,10,0,grain,2312
control,l2,10,blue buffalo grain free,0.0,1.0,0.0,10,0,10,0,grain,6671
control,l2,10,blue buffalo grain free cat food,0.3,0.6,0.1,10,3,6,1,grain,9576
control,l2,10,blue buffalo grain free dog food,0.2,0.8,0.0,10,2,8,0,grain,18964
control,l2,10,blue buffalo grain free dry cat food,0.3,0.6,0.1,10,3,6,1,grain,1161
control,l2,10,blue buffalo grain free dry dog food,0.1,0.9,0.0,10,1,9,0,grain,1574
control,l2,10,blue buffalo grain free wet cat food,0.0,1.0,0.0,10,0,10,0,grain,1737
control,l2,10,blue buffalo grain free wet dog food,0.0,0.8,0.2,10,0,8,2,grain,1694
control,l2,10,blue buffalo no chicken,0.9,0.1,0.0,10,9,1,0,chicken,1087
control,l2,10,blue buffalo wet dog food grain free,0.0,1.0,0.0,10,0,10,0,grain,989
control,l2,10,blue freedom grain free,0.0,1.0,0.0,10,0,10,0,grain,2100
control,l2,10,blue grain free,0.0,1.0,0.0,10,0,10,0,grain,1423
control,l2,10,bones & chews all natural grain-free jerky,0.0,0.5,0.5,10,0,5,5,grain,4977
control,l2,10,bpa free litter box,0.0,0.0,1.0,10,0,0,10,bpa,1302
control,l2,10,bully stick odor free,0.0,1.0,0.0,10,0,10,0,odor,2368
control,l2,10,bully sticks for dogs odor free,0.0,1.0,0.0,10,0,10,0,odor,4428
control,l2,10,bully sticks odor free,0.1,0.9,0.0,10,1,9,0,odor,4104
control,l2,10,calcium without d3,0.5,0.5,0.0,10,5,5,0,d3,1856
control,l2,10,canidae grain free,0.0,1.0,0.0,10,0,10,0,grain,4014
control,l2,10,canidae grain free dog food,0.0,1.0,0.0,10,0,10,0,grain,2888
control,l2,10,canine naturals hide free,0.2,0.8,0.0,10,2,8,0,hide,7376
control,l2,10,canned cat food grain free,0.0,1.0,0.0,10,0,10,0,grain,3121
control,l2,10,canned dog food grain free,0.0,1.0,0.0,10,0,10,0,grain,5595
control,l2,10,canned grain free dog food,0.1,0.9,0.0,10,1,9,0,grain,2676
control,l2,10,cat collar no bell,1.0,0.0,0.0,10,10,0,0,bell,3873
control,l2,10,cat dewormer no prescription,0.3,0.3,0.4,10,3,3,4,prescription,23133
control,l2,10,cat dry food grain free,0.0,1.0,0.0,10,0,10,0,grain,4630
control,l2,10,cat food dry grain free,0.0,1.0,0.0,10,0,10,0,grain,3203
control,l2,10,cat food grain free,0.0,1.0,0.0,10,0,10,0,grain,19117
control,l2,10,cat food no chicken,0.9,0.0,0.1,10,9,0,1,chicken,2783
control,l2,10,cat food organic grain free,0.0,0.8,0.2,10,0,8,2,grain,4534
control,l2,10,cat food pate grain free,0.0,1.0,0.0,10,0,10,0,grain,2011
control,l2,10,cat food wet grain free,0.0,1.0,0.0,10,0,10,0,grain,8309
control,l2,10,cat food with no additives,0.5,0.0,0.5,10,5,0,5,additives,1600
control,l2,10,cat grain free pate,0.0,1.0,0.0,10,0,10,0,grain,1150
control,l2,10,cat kibble grain free,0.0,1.0,0.0,10,0,10,0,grain,2832
control,l2,10,cat litter dust free,0.0,0.3,0.7,10,0,3,7,dust,10997
control,l2,10,cat litter fragrance free,0.3,0.7,0.0,10,3,7,0,fragrance,1351
control,l2,10,cat litter no dust,0.1,0.2,0.7,10,1,2,7,dust,8050
control,l2,10,cat litter no scent,1.0,0.0,0.0,10,10,0,0,scent,2160
control,l2,10,cat litter no tracking,0.6,0.1,0.3,10,6,1,3,tracking,3408
control,l2,10,cat no pee,0.8,0.2,0.0,10,8,2,0,pee,1037
control,l2,10,cat no scratch,0.9,0.1,0.0,10,9,1,0,scratch,1427
control,l2,10,cat toys no catnip,1.0,0.0,0.0,10,10,0,0,catnip,1519
control,l2,10,cat toys without catnip,1.0,0.0,0.0,4,4,0,0,catnip,1579
control,l2,10,cat treats grain free,0.0,1.0,0.0,10,0,10,0,grain,9966
control,l2,10,cat treats no chicken,1.0,0.0,0.0,10,10,0,0,chicken,1187
control,l2,10,cat tree no carpet,1.0,0.0,0.0,10,10,0,0,carpet,1496
control,l2,10,cat wet food grain free,0.0,1.0,0.0,10,0,10,0,grain,9500
control,l2,10,charlee bear grain free crunch,0.1,0.8,0.1,10,1,8,1,grain,4712
control,l2,10,chew bones rawhide free,0.2,0.8,0.0,10,2,8,0,rawhide,1195
control,l2,10,chew no poo,1.0,0.0,0.0,10,10,0,0,poo,2280
control,l2,10,chew no poop,1.0,0.0,0.0,10,10,0,0,poop,2803
control,l2,10,chews no rawhide,0.4,0.6,0.0,10,4,6,0,rawhide,8496
control,l2,10,chick starter feed non medicated,0.5,0.5,0.0,10,5,5,0,medicated,5619
control,l2,10,chicken and grain free dog food,0.2,0.8,0.0,10,2,8,0,grain,1266
control,l2,10,chicken feed non gmo,1.0,0.0,0.0,10,10,0,0,non gmo,2267
control,l2,10,chicken feed soy free,0.0,1.0,0.0,10,0,10,0,soy,1293
control,l2,10,chicken free,0.6,0.3,0.1,10,6,3,1,chicken,4487
control,l2,10,chicken free canned dog food,0.9,0.1,0.0,10,9,1,0,chicken,1444
control,l2,10,chicken free cat food,0.9,0.0,0.1,10,9,0,1,chicken,14097
control,l2,10,chicken free cat treats,1.0,0.0,0.0,10,10,0,0,chicken,6356
control,l2,10,chicken free dog bones,1.0,0.0,0.0,10,10,0,0,chicken,968
control,l2,10,chicken free dog chews,0.9,0.0,0.1,10,9,0,1,chicken,978
control,l2,10,chicken free dog food,0.6,0.4,0.0,10,6,4,0,chicken,38479
control,l2,10,chicken free dog treat,0.8,0.1,0.1,10,8,1,1,chicken,1429
control,l2,10,chicken free dog treats,0.6,0.0,0.4,10,6,0,4,chicken,68590
control,l2,10,chicken free dry cat food,1.0,0.0,0.0,10,10,0,0,chicken,3842
control,l2,10,chicken free dry dog food,0.9,0.1,0.0,10,9,1,0,chicken,124263
control,l2,10,chicken free dry dog food for sensitive skin,0.2,0.6,0.2,10,2,6,2,chicken,1228
control,l2,10,chicken free dry puppy food,0.9,0.0,0.1,10,9,0,1,chicken,1272
control,l2,10,chicken free large breed puppy food,0.9,0.0,0.1,10,9,0,1,chicken,979
control,l2,10,chicken free pill pockets,0.4,0.3,0.3,10,4,3,3,chicken,3116
control,l2,10,chicken free puppy food,0.8,0.0,0.2,10,8,0,2,chicken,5340
control,l2,10,chicken free treat,0.8,0.0,0.2,10,8,0,2,chicken,1329
control,l2,10,chicken free treats,0.7,0.0,0.3,10,7,0,3,chicken,3686
control,l2,10,chicken free weight control,0.8,0.1,0.1,10,8,1,1,chicken,1015
control,l2,10,chicken free wet cat food,1.0,0.0,0.0,10,10,0,0,chicken,3583
control,l2,10,chicken free wet dog food,0.6,0.3,0.1,10,6,3,1,chicken,19833
control,l2,10,chicken-free cat food,0.7,0.0,0.3,10,7,0,3,chicken,6561
control,l2,10,chicken-free dog food,0.2,0.7,0.1,10,2,7,1,chicken,3218
control,l2,10,chicken-free dry dog food,0.3,0.7,0.0,10,3,7,0,chicken,5068
control,l2,10,chicken-free wet dog food,0.5,0.4,0.1,10,5,4,1,chicken,3656
control,l2,10,choke free harness,0.0,1.0,0.0,10,0,10,0,choke,1536
control,l2,10,churu grain free,0.0,1.0,0.0,10,0,10,0,grain,1142
control,l2,10,clumping cat litter dust free,0.0,0.0,1.0,10,0,0,10,dust,7057
control,l2,10,cockatiel food no sunflower seeds,0.5,0.1,0.4,10,5,1,4,sunflower seeds,3792
control,l2,10,corn and soy free chicken feed,0.3,0.7,0.0,10,3,7,0,corn and soy,2593
control,l2,10,corn free chicken feed,0.1,0.9,0.0,10,1,9,0,corn,6014
control,l2,10,corn free chicken scratch,0.6,0.3,0.1,10,6,3,1,corn,2220
control,l2,10,corn free dog food,0.0,0.9,0.1,10,0,9,1,corn,6183
control,l2,10,corn free dry cat food,0.0,1.0,0.0,10,0,10,0,corn,1013
control,l2,10,cough free horse,0.4,0.6,0.0,10,4,6,0,free,6820
control,l2,10,country kitchen rawhide free twists,0.1,0.9,0.0,10,1,9,0,rawhide,1202
control,l2,10,crunchy grain free dog treats,0.1,0.9,0.0,10,1,9,0,grain,1432
control,l2,10,delectables non seafood,0.0,1.0,0.0,10,0,10,0,seafood,1668
control,l2,10,diamond grain free,0.8,0.2,0.0,10,8,2,0,grain,2150
control,l2,10,diamond grain free dog food,0.5,0.5,0.0,10,5,5,0,grain,9975
control,l2,10,diamond natural grain free,0.9,0.1,0.0,10,9,1,0,grain,2679
control,l2,10,diamond naturals grain free,0.6,0.3,0.1,10,6,3,1,grain,4384
control,l2,10,diamond naturals grain free dog food,0.5,0.4,0.1,10,5,4,1,grain,4547
control,l2,10,dog bone rawhide free,0.6,0.4,0.0,10,6,4,0,rawhide,1437
control,l2,10,dog bones no rawhide,0.9,0.1,0.0,10,9,1,0,rawhide,8198
control,l2,10,dog bones rawhide free,0.6,0.3,0.1,10,6,3,1,rawhide,22731
control,l2,10,dog chews rawhide free,0.1,0.9,0.0,10,1,9,0,rawhide,80267
control,l2,10,dog dry food grain free,0.0,1.0,0.0,10,0,10,0,grain,2653
control,l2,10,dog food chicken free,0.7,0.3,0.0,10,7,3,0,chicken,4370
control,l2,10,dog food dry grain free,0.0,1.0,0.0,10,0,10,0,grain,3977
control,l2,10,dog food grain free,0.0,1.0,0.0,10,0,10,0,grain,27813
control,l2,10,dog food grain free large breed,0.1,0.9,0.0,10,1,9,0,grain,5771
control,l2,10,dog food grain free non-gmo,0.0,0.9,0.1,10,0,9,1,grain,988
control,l2,10,dog food no chicken,0.5,0.4,0.1,10,5,4,1,chicken,12053
control,l2,10,dog food no corn,0.0,1.0,0.0,10,0,10,0,corn,1250
control,l2,10,dog food no grain,0.0,1.0,0.0,10,0,10,0,grain,2517
control,l2,10,dog food poultry free,0.8,0.1,0.1,10,8,1,1,poultry,1332
control,l2,10,dog food with no chicken,0.5,0.4,0.1,10,5,4,1,chicken,9753
control,l2,10,dog food without chicken,0.1,0.7,0.2,10,1,7,2,chicken,11590
control,l2,10,dog harness large no pull,0.8,0.2,0.0,10,8,2,0,pull,5076
control,l2,10,dog harness medium no pull,0.8,0.2,0.0,10,8,2,0,pull,3091
control,l2,10,dog harness no escape,0.4,0.6,0.0,10,4,6,0,escape,1062
control,l2,10,dog harness no pull,0.2,0.8,0.0,10,2,8,0,pull,76414
control,l2,10,dog no pull harness,0.0,1.0,0.0,10,0,10,0,pull,9874
control,l2,10,dog non rawhide chews,0.5,0.5,0.0,10,5,5,0,rawhide,1730
control,l2,10,dog rawhide free bones,0.3,0.7,0.0,10,3,7,0,rawhide,1370
control,l2,10,dog rawhide free treats,0.1,0.9,0.0,10,1,9,0,rawhide,2749
control,l2,10,dog stroller no zip,0.0,0.8,0.2,10,0,8,2,zip,1065
control,l2,10,dog toy no squeak,0.9,0.1,0.0,10,9,1,0,squeak,1212
control,l2,10,dog toy no squeaker,1.0,0.0,0.0,10,10,0,0,squeaker,1524
control,l2,10,dog toy no stuffing,0.0,1.0,0.0,10,0,10,0,stuffing,10254
control,l2,10,dog toy stuffing free,0.0,1.0,0.0,10,0,10,0,stuffing,1322
control,l2,10,dog toys for large dogs no stuffing,0.1,0.9,0.0,10,1,9,0,stuffing,7409
control,l2,10,dog toys no squeak,0.8,0.2,0.0,10,8,2,0,squeak,1702
control,l2,10,dog toys no stuffing,0.0,1.0,0.0,10,0,10,0,stuffing,28211
control,l2,10,dog toys small dogs stuffing free,0.0,1.0,0.0,10,0,10,0,stuffing,1156
control,l2,10,dog toys stuffing free,0.0,1.0,0.0,10,0,10,0,stuffing,2442
control,l2,10,dog toys with no stuffing,0.0,1.0,0.0,10,0,10,0,stuffing,7273
control,l2,10,dog treats chicken free,1.0,0.0,0.0,10,10,0,0,chicken,1452
control,l2,10,dog treats for dogs with no teeth,0.8,0.1,0.1,10,8,1,1,teeth,3257
control,l2,10,dog treats for large dogs grain free,0.2,0.8,0.0,10,2,8,0,grain,1206
control,l2,10,dog treats grain free,0.2,0.8,0.0,10,2,8,0,grain,13152
control,l2,10,dog treats no chicken,1.0,0.0,0.0,10,10,0,0,chicken,4753
control,l2,10,dog treats no rawhide,0.7,0.3,0.0,10,7,3,0,rawhide,2246
control,l2,10,dog treats rawhide free,0.1,0.9,0.0,10,1,9,0,rawhide,3261
control,l2,10,dog treats with no chicken,1.0,0.0,0.0,10,10,0,0,chicken,1095
control,l2,10,dog treats without chicken,0.7,0.1,0.2,10,7,1,2,chicken,4721
control,l2,10,dog water bowl no spill,0.3,0.6,0.1,10,3,6,1,spill,23089
control,l2,10,dog wet food grain free,0.0,1.0,0.0,10,0,10,0,grain,1300
control,l2,10,dry cat food grain free,0.0,1.0,0.0,10,0,10,0,grain,10528
control,l2,10,dry cat food no chicken,1.0,0.0,0.0,10,10,0,0,chicken,999
control,l2,10,dry cat food no grain,0.0,1.0,0.0,10,0,10,0,grain,974
control,l2,10,dry dog food chicken free,0.8,0.2,0.0,10,8,2,0,chicken,1536
control,l2,10,dry dog food grain free,0.0,1.0,0.0,10,0,10,0,grain,7777
control,l2,10,dry dog food no chicken,0.8,0.2,0.0,10,8,2,0,chicken,2481
control,l2,10,dry dog food without chicken,0.2,0.4,0.4,10,2,4,4,chicken,1892
control,l2,10,dry grain free cat food,0.0,1.0,0.0,10,0,10,0,grain,5998
control,l2,10,dry grain free dog food,0.1,0.9,0.0,10,1,9,0,grain,4159
control,l2,10,dust free cat litter,0.0,0.4,0.6,10,0,4,6,dust,68627
control,l2,10,dust free clumping cat litter,0.1,0.0,0.9,10,1,0,9,dust,33448
control,l2,10,dust free clumping litter,0.1,0.1,0.8,10,1,1,8,dust,1145
control,l2,10,dust free litter,0.0,0.5,0.5,10,0,5,5,dust,8568
control,l2,10,dust free unscented clumping cat litter,0.0,0.0,1.0,10,0,0,10,dust,6504
control,l2,10,earth animal no hide,0.0,1.0,0.0,10,0,10,0,hide,7495
control,l2,10,earth animal no hide chews,0.0,1.0,0.0,10,0,10,0,hide,2188
control,l2,10,earth animal no hide chews large,0.0,1.0,0.0,10,0,10,0,hide,972
control,l2,10,earth animal no hide medium,0.0,1.0,0.0,10,0,10,0,hide,1153
control,l2,10,earth animal no hide rolls,0.0,1.0,0.0,10,0,10,0,hide,1258
control,l2,10,easy walk no pull harness,0.0,1.0,0.0,10,0,10,0,pull,4342
control,l2,10,fancy feast grain free,0.2,0.4,0.4,10,2,4,4,grain,2313
control,l2,10,fancy feast grain free pate,0.0,0.6,0.4,10,0,6,4,grain,1036
control,l2,10,fancy feast grain free wet cat food,0.1,0.8,0.1,10,1,8,1,grain,12994
control,l2,10,farmina grain free,0.4,0.6,0.0,10,4,6,0,grain,2750
control,l2,10,farmina grain free dog food,0.3,0.7,0.0,10,3,7,0,grain,3081
control,l2,10,fat free dog treats,0.5,0.0,0.5,10,5,0,5,fat,7786
control,l2,10,fish free cat food,1.0,0.0,0.0,10,10,0,0,fish,1456
control,l2,10,fly mask without ears,0.6,0.4,0.0,10,6,4,0,ears,3567
control,l2,10,food grain free,0.0,1.0,0.0,10,0,10,0,grain,4785
control,l2,10,fragrance free cat litter,0.3,0.6,0.1,10,3,6,1,fragrance,8207
control,l2,10,fragrance free dog shampoo,0.1,0.6,0.3,10,1,6,3,fragrance,3644
control,l2,10,freedom grain free cat food,0.0,1.0,0.0,10,0,10,0,grain,2773
control,l2,10,freedom grain free dog food,0.0,1.0,0.0,10,0,10,0,grain,8393
control,l2,10,freedom no pull harness,0.9,0.1,0.0,10,9,1,0,pull,17745
control,l2,10,fresh pet grain free,0.0,1.0,0.0,10,0,10,0,grain,3969
control,l2,10,fresh pet grain free dog food,0.1,0.9,0.0,10,1,9,0,grain,1711
control,l2,10,fresh step cat litter non clumping,0.5,0.5,0.0,10,5,5,0,non clumping,7310
control,l2,10,fresh step dust free,0.1,0.0,0.9,10,1,0,9,dust,1279
control,l2,10,fresh step non clumping cat litter,0.6,0.4,0.0,10,6,4,0,non clumping,30486
control,l2,10,frisco no pull harness,0.5,0.5,0.0,10,5,5,0,pull,1291
control,l2,10,frisco padded no pull dog harness,0.5,0.5,0.0,10,5,5,0,pull,1101
control,l2,10,frisco stuffing free,0.0,1.0,0.0,10,0,10,0,stuffing,2257
control,l2,10,fromm grain free,0.6,0.4,0.0,10,6,4,0,grain,1032
control,l2,10,front clip no pull harness,0.5,0.5,0.0,10,5,5,0,pull,1120
control,l2,10,gain free dog food,0.1,0.9,0.0,10,1,9,0,gain,977
control,l2,10,gluten free,0.0,0.8,0.2,10,0,8,2,gluten,2039
control,l2,10,gluten free cat food,0.0,0.9,0.1,10,0,9,1,gluten,8910
control,l2,10,gluten free cat treats,0.0,0.6,0.4,10,0,6,4,gluten,1113
control,l2,10,gluten free dog food,0.4,0.5,0.1,10,4,5,1,gluten,32569
control,l2,10,gluten free dog treats,0.0,0.9,0.1,10,0,9,1,gluten,14910
control,l2,10,gluten free dry dog food,0.4,0.6,0.0,10,4,6,0,gluten,1196
control,l2,10,gluten free puppy food,0.2,0.8,0.0,10,2,8,0,gluten,1459
control,l2,10,gluten free wet cat food,0.0,0.8,0.2,10,0,8,2,gluten,1955
control,l2,10,gluten free wet dog food,0.2,0.8,0.0,10,2,8,0,gluten,1696
control,l2,10,gmo free dog food,0.0,1.0,0.0,10,0,10,0,gmo,7978
control,l2,10,good lovin no rawhide,0.3,0.0,0.7,10,3,0,7,rawhide,1165
control,l2,10,grain and chicken free dog food,0.4,0.6,0.0,10,4,6,0,"grain, chicken",1316
control,l2,10,grain free,0.0,1.0,0.0,10,0,10,0,grain,27310
control,l2,10,grain free adult dog food,0.0,1.0,0.0,10,0,10,0,grain,6444
control,l2,10,grain free air dried dog food,0.0,1.0,0.0,10,0,10,0,grain,1151
control,l2,10,grain free beef dog food,0.0,1.0,0.0,10,0,10,0,grain,3945
control,l2,10,grain free beef dry dog food,0.0,1.0,0.0,10,0,10,0,grain,1022
control,l2,10,grain free biscuits,0.0,1.0,0.0,10,0,10,0,grain,1010
control,l2,10,grain free blue buffalo dog food,0.1,0.9,0.0,10,1,9,0,grain,1932
control,l2,10,grain free canned cat food,0.0,1.0,0.0,10,0,10,0,grain,11102
control,l2,10,grain free canned dog food,0.0,1.0,0.0,10,0,10,0,grain,12390
control,l2,10,grain free cat,0.0,1.0,0.0,10,0,10,0,grain,6488
control,l2,10,grain free cat dry food,0.0,1.0,0.0,10,0,10,0,grain,2783
control,l2,10,grain free cat food,0.0,1.0,0.0,10,0,10,0,grain,76423
control,l2,10,grain free cat food dry,0.0,1.0,0.0,10,0,10,0,grain,14537
control,l2,10,grain free cat food wet,0.0,1.0,0.0,10,0,10,0,grain,11361
control,l2,10,grain free cat pate,0.0,1.0,0.0,10,0,10,0,grain,1210
control,l2,10,grain free cat treat,0.0,1.0,0.0,10,0,10,0,grain,6878
control,l2,10,grain free cat treats,0.0,1.0,0.0,10,0,10,0,grain,40628
control,l2,10,grain free cat wet food,0.0,1.0,0.0,10,0,10,0,grain,5735
control,l2,10,grain free chicken cat food,0.0,1.0,0.0,10,0,10,0,grain,1128
control,l2,10,grain free chicken dog food,0.1,0.9,0.0,10,1,9,0,grain,1250
control,l2,10,grain free chicken dog treats,0.2,0.8,0.0,10,2,8,0,grain,1542
control,l2,10,grain free chicken free dog food,0.8,0.2,0.0,10,8,2,0,"grain, chicken",8785
control,l2,10,grain free chicken free dog treats,0.8,0.2,0.0,10,8,2,0,"grain, chicken",4078
control,l2,10,grain free chicken pate cat food,0.0,0.9,0.1,10,0,9,1,grain,1418
control,l2,10,grain free dental chews,0.0,1.0,0.0,10,0,10,0,grain,5153
control,l2,10,grain free diet dog food,0.0,1.0,0.0,10,0,10,0,grain,4566
control,l2,10,grain free dog,0.0,1.0,0.0,10,0,10,0,grain,7358
control,l2,10,grain free dog biscuits,0.0,1.0,0.0,10,0,10,0,grain,7074
control,l2,10,grain free dog bones,0.1,0.9,0.0,10,1,9,0,grain,2681
control,l2,10,grain free dog chews,0.0,0.8,0.2,10,0,8,2,grain,1598
control,l2,10,grain free dog food,0.0,1.0,0.0,10,0,10,0,grain,611730
control,l2,10,grain free dog food 40 lb bag,0.2,0.8,0.0,10,2,8,0,grain,4206
control,l2,10,grain free dog food 40lbs,0.2,0.8,0.0,10,2,8,0,grain,5458
control,l2,10,grain free dog food dry,0.0,1.0,0.0,10,0,10,0,grain,3723
control,l2,10,grain free dog food large breed,0.1,0.9,0.0,10,1,9,0,grain,18579
control,l2,10,grain free dog food salmon,0.1,0.9,0.0,10,1,9,0,grain,1725
control,l2,10,grain free dog food small breed,0.0,1.0,0.0,10,0,10,0,grain,16175
control,l2,10,grain free dog food wet,0.0,1.0,0.0,10,0,10,0,grain,7838
control,l2,10,grain free dog kibble,0.0,1.0,0.0,10,0,10,0,grain,1556
control,l2,10,grain free dog training treats,0.0,0.9,0.1,10,0,9,1,grain,2820
control,l2,10,grain free dog treat,0.2,0.8,0.0,10,2,8,0,grain,10410
control,l2,10,grain free dog treats,0.1,0.9,0.0,10,1,9,0,grain,138329
control,l2,10,grain free dog treats for large dogs,0.0,1.0,0.0,10,0,10,0,grain,997
control,l2,10,grain free dog treats for medium dogs,0.0,1.0,0.0,10,0,10,0,grain,5358
control,l2,10,grain free dog treats small breed,0.0,1.0,0.0,10,0,10,0,grain,4076
control,l2,10,grain free dog wet food,0.0,1.0,0.0,10,0,10,0,grain,1019
control,l2,10,grain free dogfood no probiotic,0.0,0.0,1.0,10,0,0,10,probiotic,982
control,l2,10,grain free dry,0.0,1.0,0.0,10,0,10,0,grain,4891
control,l2,10,grain free dry adult dog food,0.0,1.0,0.0,10,0,10,0,grain,1350
control,l2,10,grain free dry cat food,0.0,1.0,0.0,10,0,10,0,grain,197068
control,l2,10,grain free dry dog food,0.0,1.0,0.0,10,0,10,0,grain,56421
control,l2,10,grain free dry kitten food,0.0,1.0,0.0,10,0,10,0,grain,6226
control,l2,10,grain free duck dog food,0.1,0.9,0.0,10,1,9,0,grain,1431
control,l2,10,grain free fancy feast,0.2,0.4,0.4,10,2,4,4,grain,1914
control,l2,10,grain free fish dog food,0.1,0.9,0.0,10,1,9,0,grain,2293
control,l2,10,grain free food,0.0,1.0,0.0,10,0,10,0,grain,1420
control,l2,10,grain free freeze dried dog food,0.0,1.0,0.0,10,0,10,0,grain,1795
control,l2,10,grain free fresh dog food,0.1,0.8,0.1,10,1,8,1,grain,1289
control,l2,10,grain free fruit dog treats,0.2,0.7,0.1,10,2,7,1,grain,1411
control,l2,10,grain free greenies,0.0,0.2,0.8,10,0,2,8,grain,2564
control,l2,10,grain free high protein cat food,0.2,0.8,0.0,10,2,8,0,grain,2937
control,l2,10,grain free high protein dog food,0.2,0.8,0.0,10,2,8,0,grain,1843
control,l2,10,grain free high protein dry cat food,0.0,1.0,0.0,10,0,10,0,grain,1029
control,l2,10,grain free honest kitchen,0.4,0.6,0.0,10,4,6,0,grain,1122
control,l2,10,grain free jerky,0.1,0.9,0.0,10,1,9,0,grain,1571
control,l2,10,grain free kibble,0.0,1.0,0.0,10,0,10,0,grain,1409
control,l2,10,grain free kitten dry food,0.0,1.0,0.0,10,0,10,0,grain,5861
control,l2,10,grain free kitten food,0.0,1.0,0.0,10,0,10,0,grain,16286
control,l2,10,grain free kitten wet food,0.0,1.0,0.0,10,0,10,0,grain,4500
control,l2,10,grain free lamb dog food,0.1,0.9,0.0,10,1,9,0,grain,3771
control,l2,10,grain free large breed dog food,0.1,0.9,0.0,10,1,9,0,grain,2530
control,l2,10,grain free limited ingredient cat food,0.0,1.0,0.0,10,0,10,0,grain,1729
control,l2,10,grain free limited ingredient dog food,0.0,1.0,0.0,10,0,10,0,grain,3438
control,l2,10,grain free low fat dog food,0.5,0.2,0.3,10,5,2,3,grain,2100
control,l2,10,grain free organic dog food,0.1,0.9,0.0,10,1,9,0,grain,1002
control,l2,10,grain free pate,0.0,1.0,0.0,10,0,10,0,grain,1578
control,l2,10,grain free pate cat food,0.0,1.0,0.0,10,0,10,0,grain,8858
control,l2,10,grain free peanut butter dog treats,0.0,1.0,0.0,10,0,10,0,grain,1000
control,l2,10,grain free puppy,0.1,0.9,0.0,10,1,9,0,grain,1472
control,l2,10,grain free puppy food,0.1,0.9,0.0,10,1,9,0,grain,34872
control,l2,10,grain free puppy treats,0.1,0.8,0.1,10,1,8,1,grain,1999
control,l2,10,grain free purina dog food,0.0,1.0,0.0,10,0,10,0,grain,1470
control,l2,10,grain free purina pro plan,0.5,0.5,0.0,10,5,5,0,grain,1558
control,l2,10,grain free rabbit cat food,0.1,0.9,0.0,10,1,9,0,grain,1266
control,l2,10,grain free rabbit food,0.0,1.0,0.0,10,0,10,0,grain,1121
control,l2,10,grain free salmon,0.1,0.9,0.0,10,1,9,0,grain,1422
control,l2,10,grain free salmon cat food,0.0,1.0,0.0,10,0,10,0,grain,1083
control,l2,10,grain free salmon dog food,0.0,1.0,0.0,10,0,10,0,grain,15202
control,l2,10,grain free salmon dry dog food,0.0,1.0,0.0,10,0,10,0,grain,2485
control,l2,10,grain free senior cat food,0.1,0.9,0.0,10,1,9,0,grain,2261
control,l2,10,grain free senior dog food,0.0,1.0,0.0,10,0,10,0,grain,10021
control,l2,10,grain free sensitive stomach cat food,0.3,0.7,0.0,10,3,7,0,grain,1967
control,l2,10,grain free sensitive stomach dog food,0.1,0.9,0.0,10,1,9,0,grain,1344
control,l2,10,grain free small breed,0.1,0.9,0.0,10,1,9,0,grain,1062
control,l2,10,grain free small breed dry dog food,0.0,1.0,0.0,10,0,10,0,grain,7815
control,l2,10,grain free small dog food,0.0,1.0,0.0,10,0,10,0,grain,1123
control,l2,10,grain free soft dog food,0.2,0.8,0.0,10,2,8,0,grain,1084
control,l2,10,grain free soft dog treats,0.3,0.6,0.1,10,3,6,1,grain,2972
control,l2,10,grain free training treats,0.0,0.8,0.2,10,0,8,2,grain,997
control,l2,10,grain free training treats for dogs,0.0,0.9,0.1,10,0,9,1,grain,2451
control,l2,10,grain free treats,0.2,0.8,0.0,10,2,8,0,grain,9238
control,l2,10,grain free treats for dogs,0.1,0.9,0.0,10,1,9,0,grain,12609
control,l2,10,grain free weight control dog food,0.2,0.7,0.1,10,2,7,1,grain,970
control,l2,10,grain free weight management dog food,0.5,0.4,0.1,10,5,4,1,grain,1758
control,l2,10,grain free wet,0.1,0.9,0.0,10,1,9,0,grain,4438
control,l2,10,grain free wet cat food,0.0,0.9,0.1,10,0,9,1,grain,162972
control,l2,10,grain free wet cat food gravy,0.0,1.0,0.0,10,0,10,0,grain,2407
control,l2,10,grain free wet cat food in gravy,0.0,1.0,0.0,10,0,10,0,grain,1303
control,l2,10,grain free wet cat food pate,0.0,1.0,0.0,10,0,10,0,grain,5664
control,l2,10,grain free wet dog food,0.0,1.0,0.0,10,0,10,0,grain,60526
control,l2,10,grain free wet food,0.0,1.0,0.0,10,0,10,0,grain,2504
control,l2,10,grain free wet food cat,0.0,1.0,0.0,10,0,10,0,grain,1388
control,l2,10,grain free wet kitten food,0.0,1.0,0.0,10,0,10,0,grain,3865
control,l2,10,grain-free cat food,0.0,1.0,0.0,10,0,10,0,grain,11965
control,l2,10,grain-free cat food 5.5 oz,0.2,0.8,0.0,10,2,8,0,grain,1346
control,l2,10,grain-free cat treats,0.0,1.0,0.0,10,0,10,0,grain,4411
control,l2,10,grain-free dog food,0.0,1.0,0.0,10,0,10,0,grain,6389
control,l2,10,grain-free dry cat food,0.0,1.0,0.0,10,0,10,0,grain,2485
control,l2,10,grain-free dry dog food,0.0,1.0,0.0,10,0,10,0,grain,3951
control,l2,10,grain-free kitten food,0.0,1.0,0.0,10,0,10,0,grain,1368
control,l2,10,grain-free puppy food,0.0,1.0,0.0,10,0,10,0,grain,3839
control,l2,10,grainfree,0.0,1.0,0.0,10,0,10,0,grain,1016
control,l2,10,grainfree dog food,0.0,1.0,0.0,10,0,10,0,grain,8254
control,l2,10,grainfree dry,0.0,1.0,0.0,10,0,10,0,grain,4253
control,l2,10,grainfree dry cat food,0.0,1.0,0.0,10,0,10,0,grain,2854
control,l2,10,grainfree wet dog food,0.0,1.0,0.0,10,0,10,0,grain,1120
control,l2,10,greenies grain free,0.1,0.3,0.6,10,1,3,6,grain,2143
control,l2,10,greenies grain free dental treats for dogs,0.4,0.0,0.6,10,4,0,6,grain,3043
control,l2,10,halti no pull harness,0.7,0.3,0.0,10,7,3,0,pull,16145
control,l2,10,halti nylon padded no pull dog headcollar,0.6,0.4,0.0,10,6,4,0,pull,3333
control,l2,10,harness for large dog no pull,0.5,0.5,0.0,10,5,5,0,pull,21244
control,l2,10,harness for medium dog no pull,0.7,0.3,0.0,10,7,3,0,pull,3986
control,l2,10,harness for small dog no pull,0.6,0.4,0.0,10,6,4,0,pull,4085
control,l2,10,harness no pull,0.0,1.0,0.0,10,0,10,0,pull,8042
control,l2,10,hide free,1.0,0.0,0.0,10,10,0,0,hide,3326
control,l2,10,hide free chews,0.8,0.2,0.0,10,8,2,0,hide,2987
control,l2,10,hide free chicken recipe sticks,0.9,0.1,0.0,10,9,1,0,hide,4091
control,l2,10,hide free dog chews,0.9,0.1,0.0,10,9,1,0,hide,7175
control,l2,10,high protein grain free cat food,0.0,1.0,0.0,10,0,10,0,grain,2873
control,l2,10,high protein grain free dog food,0.0,1.0,0.0,10,0,10,0,grain,2240
control,l2,10,hills grain free,0.6,0.4,0.0,10,6,4,0,grain,1934
control,l2,10,hills grain free dog food,0.6,0.4,0.0,10,6,4,0,grain,1614
control,l2,10,hills grain free dog treats,0.5,0.0,0.5,10,5,0,5,grain,1039
control,l2,10,hills grain free soft baked naturals,0.4,0.6,0.0,10,4,6,0,grain,2698
control,l2,10,hills science diet grain free,0.9,0.1,0.0,10,9,1,0,grain,2229
control,l2,10,hills science diet no corn,0.1,0.7,0.2,10,1,7,2,corn,1007
control,l2,10,hills science grain free,0.8,0.2,0.0,10,8,2,0,grain,1458
control,l2,10,honest kitchen beef grain free,0.4,0.6,0.0,10,4,6,0,grain,1152
control,l2,10,honest kitchen dehydrated dog food grain free,0.4,0.6,0.0,10,4,6,0,grain,1269
control,l2,10,honest kitchen grain free,0.4,0.6,0.0,10,4,6,0,grain,3478
control,l2,10,honest kitchen grain free beef,0.4,0.6,0.0,10,4,6,0,grain,6296
control,l2,10,honest kitchen grain free dehydrated dog food,0.4,0.6,0.0,10,4,6,0,grain,1714
control,l2,10,honest kitchen grain free dog food,0.1,0.9,0.0,10,1,9,0,grain,4178
control,l2,10,horse fly mask without ears,0.8,0.2,0.0,10,8,2,0,ears,5781
control,l2,10,iams grain free cat food,0.5,0.5,0.0,10,5,5,0,grain,2047
control,l2,10,instinct grain free,0.0,1.0,0.0,10,0,10,0,grain,1055
control,l2,10,instinct raw meals real beef recipe grain-free adult freeze-dried dog food 25-oz bag,0.2,0.7,0.1,10,2,7,1,grain,1048
control,l2,10,iodine free cat food,0.0,0.1,0.9,10,0,1,9,iodine,3331
control,l2,10,jinx grain free,0.3,0.7,0.0,10,3,7,0,grain,1000
control,l2,10,jinx grain free dog food,0.0,1.0,0.0,10,0,10,0,grain,2938
control,l2,10,kaytee no mess,0.1,0.9,0.0,10,1,9,0,mess,992
control,l2,10,kaytee no mess blend wild bird food,0.2,0.7,0.1,10,2,7,1,mess,2512
control,l2,10,kaytee wild bird food no mess,0.1,0.5,0.4,10,1,5,4,mess,998
control,l2,10,kitten dry food grain free,0.1,0.9,0.0,10,1,9,0,grain,10184
control,l2,10,kitten food grain free,0.1,0.9,0.0,10,1,9,0,grain,6119
control,l2,10,kitten grain free,0.0,1.0,0.0,10,0,10,0,grain,2322
control,l2,10,kitten grain free wet food,0.0,1.0,0.0,10,0,10,0,grain,1749
control,l2,10,kitten wet food grain free,0.1,0.9,0.0,10,1,9,0,grain,7774
control,l2,10,kitten wet grain free food,0.1,0.8,0.1,10,1,8,1,grain,993
control,l2,10,kitty litter non clumping,0.1,0.9,0.0,10,1,9,0,clumping,6396
control,l2,10,lamb grain free dog food,0.1,0.9,0.0,10,1,9,0,grain,2809
control,l2,10,large breed grain free dog food,0.2,0.8,0.0,10,2,8,0,grain,1263
control,l2,10,large breed puppy food grain free,0.7,0.3,0.0,10,7,3,0,grain,1963
control,l2,10,large breed puppy food no chicken,0.7,0.0,0.3,10,7,0,3,chicken,1134
control,l2,10,large dog bones rawhide free,0.2,0.5,0.3,10,2,5,3,rawhide,6861
control,l2,10,large dog harness no pull,0.7,0.2,0.1,10,7,2,1,pull,8655
control,l2,10,legume free dog food,0.6,0.1,0.3,10,6,1,3,legume,7084
control,l2,10,lickable cat treats grain free,0.0,0.9,0.1,10,0,9,1,grain,1128
control,l2,10,licks pill free,1.0,0.0,0.0,10,10,0,0,pill,2506
control,l2,10,limited ingredient grain free dog food,0.0,1.0,0.0,10,0,10,0,grain,2088
control,l2,10,litter dust free,0.0,0.6,0.4,10,0,6,4,dust,3928
control,l2,10,litter no dust,0.0,0.4,0.6,10,0,4,6,dust,2280
control,l2,10,litter non clumping,0.9,0.1,0.0,10,9,1,0,non clumping,4359
control,l2,10,low fat grain free dog food,1.0,0.0,0.0,10,10,0,0,"grain, fat",1870
control,l2,10,merrick grain free,0.0,0.9,0.1,10,0,9,1,grain,4055
control,l2,10,merrick grain free dry dog food,0.0,1.0,0.0,10,0,10,0,grain,6428
control,l2,10,merrick lil plates grain free dog food,0.0,1.0,0.0,10,0,10,0,grain,3343
control,l2,10,merrick real texas beef + sweet potato recipe grain-free chicken-free adult dry dog food,0.0,1.0,0.0,2,0,2,0,"grain, chicken",1424
control,l2,10,mess free bird seed,0.0,0.5,0.5,10,0,5,5,mess,1049
control,l2,10,mess free water bowl,0.0,1.0,0.0,10,0,10,0,mess,4645
control,l2,10,natural farm odor-free bully sticks,0.0,0.8,0.2,10,0,8,2,odor,4570
control,l2,10,nature's recipe grain free,0.0,1.0,0.0,10,0,10,0,grain,2587
control,l2,10,natures logic grain free,0.1,0.9,0.0,10,1,9,0,grain,972
control,l2,10,natures recipe grain free,0.0,1.0,0.0,10,0,10,0,grain,6270
control,l2,10,natures recipe grain free dog food,0.0,1.0,0.0,10,0,10,0,grain,5311
control,l2,10,natures recipe grain free dry dog food,0.3,0.7,0.0,10,3,7,0,grain,12075
control,l2,10,natures recipe grain free wet dog food,0.0,1.0,0.0,10,0,10,0,grain,1012
control,l2,10,no bark,0.8,0.2,0.0,10,8,2,0,bark,10077
control,l2,10,no bark collar,0.0,1.0,0.0,10,0,10,0,pull,20454
control,l2,10,no bark collars,1.0,0.0,0.0,10,10,0,0,no bark,7969
control,l2,10,no cat pee,0.4,0.6,0.0,10,4,6,0,cat pee,1215
control,l2,10,no chew,0.7,0.3,0.0,10,7,3,0,chew,7596
control,l2,10,no chew dog bed,0.5,0.5,0.0,10,5,5,0,chew,3301
control,l2,10,no chew spray for cats,0.1,0.9,0.0,10,1,9,0,chew,4073
control,l2,10,no chew spray for dogs,0.0,1.0,0.0,10,0,10,0,chew,35353
control,l2,10,no chicken,0.6,0.3,0.1,10,6,3,1,chicken,2318
control,l2,10,no chicken cat food,0.9,0.0,0.1,10,9,0,1,chicken,4707
control,l2,10,no chicken dog food,0.5,0.4,0.1,10,5,4,1,chicken,32850
control,l2,10,no chicken dog treats,1.0,0.0,0.0,10,10,0,0,chicken,4769
control,l2,10,no chicken dry dog food,0.7,0.2,0.1,10,7,2,1,chicken,1204
control,l2,10,no chicken puppy food,1.0,0.0,0.0,10,10,0,0,chicken,2040
control,l2,10,no chicken treats,1.0,0.0,0.0,10,10,0,0,chicken,2185
control,l2,10,no chicken wet dog food,1.0,0.0,0.0,10,10,0,0,chicken,5034
control,l2,10,no clump litter,0.7,0.3,0.0,10,7,3,0,clump,3211
control,l2,10,no corn dog food,0.0,1.0,0.0,10,0,10,0,corn,2939
control,l2,10,no dust cat litter,0.0,0.2,0.8,10,0,2,8,dust,9502
control,l2,10,no dust clumping cat litter,0.1,0.0,0.9,10,1,0,9,dust,6710
control,l2,10,no dust litter,0.0,0.5,0.5,10,0,5,5,dust,2340
control,l2,10,no eat poop,0.6,0.4,0.0,10,6,4,0,poop,2705
control,l2,10,no escape dog harness,0.6,0.4,0.0,10,6,4,0,pull,11770
control,l2,10,no escape harness,0.5,0.5,0.0,10,5,5,0,pull,3530
control,l2,10,no fat dog treats,0.0,0.8,0.2,10,0,8,2,fat,2796
control,l2,10,no flap ear wrap,0.0,1.0,0.0,10,0,10,0,pull,18080
control,l2,10,no grain cat food,0.0,1.0,0.0,10,0,10,0,grain,5782
control,l2,10,no grain dog food,0.0,1.0,0.0,10,0,10,0,grain,15780
control,l2,10,no grain dog treats,0.0,1.0,0.0,10,0,10,0,grain,1637
control,l2,10,no grain dry cat food,0.0,1.0,0.0,10,0,10,0,grain,3032
control,l2,10,no grain wet cat food,0.0,1.0,0.0,10,0,10,0,grain,4489
control,l2,10,no grow bird seed,0.0,0.5,0.5,10,0,5,5,grow,2780
control,l2,10,no hide,0.0,1.0,0.0,10,0,10,0,hide,67837
control,l2,10,no hide bone,0.0,1.0,0.0,10,0,10,0,hide,1796
control,l2,10,no hide bones,0.2,0.8,0.0,10,2,8,0,hide,13773
control,l2,10,no hide chew,0.0,1.0,0.0,10,0,10,0,hide,1036
control,l2,10,no hide chews,0.0,1.0,0.0,10,0,10,0,hide,147107
control,l2,10,no hide chews earth animal,0.0,1.0,0.0,10,0,10,0,hide,70100
control,l2,10,no hide chews large,0.0,1.0,0.0,10,0,10,0,hide,3727
control,l2,10,no hide chews medium,0.0,1.0,0.0,10,0,10,0,hide,1253
control,l2,10,no hide chews small,0.0,1.0,0.0,10,0,10,0,hide,1325
control,l2,10,no hide dog chews,0.0,1.0,0.0,10,0,10,0,hide,4859
control,l2,10,no hide dog chews 4 inch,0.4,0.6,0.0,10,4,6,0,hide,1845
control,l2,10,no hide dog chews medium,0.0,1.0,0.0,10,0,10,0,hide,2123
control,l2,10,no hide dog chews small,0.2,0.8,0.0,10,2,8,0,hide,2663
control,l2,10,no hide large,0.3,0.7,0.0,10,3,7,0,hide,3009
control,l2,10,no hide large rolls,0.1,0.9,0.0,10,1,9,0,hide,1346
control,l2,10,no hide medium,0.0,1.0,0.0,10,0,10,0,hide,1886
control,l2,10,no hide medium rolls,0.0,1.0,0.0,10,0,10,0,hide,2357
control,l2,10,no hide peanut butter,0.2,0.8,0.0,10,2,8,0,hide,1187
control,l2,10,no hide pumpkin,0.3,0.7,0.0,10,3,7,0,hide,1310
control,l2,10,no hide raw hide,0.5,0.5,0.0,10,5,5,0,rawhide,2210
control,l2,10,no hide rawhide,0.8,0.2,0.0,10,8,2,0,rawhide,2269
control,l2,10,no hide rolls,0.0,1.0,0.0,10,0,10,0,hide,1612
control,l2,10,no hide salmon,0.1,0.9,0.0,10,1,9,0,hide,2174
control,l2,10,no hide small rolls,0.1,0.9,0.0,10,1,9,0,hide,1257
control,l2,10,no hide sticks,0.0,1.0,0.0,10,0,10,0,hide,2520
control,l2,10,no hide stix,0.2,0.8,0.0,10,2,8,0,hide,7433
control,l2,10,no hide strips,0.0,1.0,0.0,10,0,10,0,hide,3815
control,l2,10,no hide venison,0.0,0.9,0.1,10,0,9,1,hide,1136
control,l2,10,no hides,0.1,0.9,0.0,10,1,9,0,hides,2331
control,l2,10,no holes,0.3,0.7,0.0,10,3,7,0,holes,2104
control,l2,10,no lick,1.0,0.0,0.0,10,10,0,0,lick,1801
control,l2,10,no melt suet,1.0,0.0,0.0,10,10,0,0,no melt,2781
control,l2,10,no melt suet cakes for birds,0.0,0.8,0.2,10,0,8,2,melt,3006
control,l2,10,no melt suet cakes for wild birds,0.0,0.7,0.3,10,0,7,3,melt,1040
control,l2,10,no mess bird feeder,0.1,0.8,0.1,10,1,8,1,mess,2078
control,l2,10,no mess bird food,0.0,1.0,0.0,10,0,10,0,mess,1778
control,l2,10,no mess bird seed,0.0,0.6,0.4,10,0,6,4,mess,10066
control,l2,10,no mess water bowl,0.1,0.8,0.1,10,1,8,1,mess,4197
control,l2,10,no mess wild bird food,0.0,0.8,0.2,10,0,8,2,mess,2594
control,l2,10,no mess wild bird seed,0.0,0.6,0.4,10,0,6,4,mess,22655
control,l2,10,no millet bird seed,0.7,0.0,0.3,10,7,0,3,millet,1078
control,l2,10,no odor bully sticks,0.0,1.0,0.0,10,0,10,0,odor,4474
control,l2,10,no pee,1.0,0.0,0.0,10,10,0,0,pee,2549
control,l2,10,no poo,0.7,0.3,0.0,10,7,3,0,poo,5242
control,l2,10,no poo chews,0.5,0.5,0.0,10,5,5,0,poo,3342
control,l2,10,no poo chews for dogs,0.7,0.3,0.0,10,7,3,0,poo,4691
control,l2,10,no poop,0.7,0.3,0.0,10,7,3,0,poop,3632
control,l2,10,no poop chews,0.8,0.2,0.0,10,8,2,0,poop,31892
control,l2,10,no poop eating,0.5,0.5,0.0,10,5,5,0,poop eating,16984
control,l2,10,no poultry dog food,0.7,0.0,0.3,10,7,0,3,poultry,1345
control,l2,10,no pull,0.1,0.9,0.0,10,1,9,0,pull,9044
control,l2,10,no pull collar,0.8,0.2,0.0,10,8,2,0,pull,20932
control,l2,10,no pull collar for dogs,0.3,0.7,0.0,10,3,7,0,pull,3540
control,l2,10,no pull collars,0.4,0.6,0.0,10,4,6,0,pull,1721
control,l2,10,no pull dog collar,0.5,0.4,0.1,10,5,4,1,pull,5502
control,l2,10,no pull dog harness,0.0,1.0,0.0,10,0,10,0,pull,32134
control,l2,10,no pull dog harnesses,0.0,1.0,0.0,10,0,10,0,pull,211607
control,l2,10,no pull dog leash,0.0,1.0,0.0,10,0,10,0,pull,4200
control,l2,10,no pull harness,0.0,1.0,0.0,10,0,10,0,pull,54525
control,l2,10,no pull harness for dogs,0.0,1.0,0.0,10,0,10,0,pull,114468
control,l2,10,no pull harness for large dog,0.0,1.0,0.0,10,0,10,0,pull,1918
control,l2,10,no pull harness for large dogs,0.0,1.0,0.0,10,0,10,0,pull,24205
control,l2,10,no pull harness for medium dog,0.0,1.0,0.0,10,0,10,0,pull,8720
control,l2,10,no pull harness for small dog,0.0,1.0,0.0,10,0,10,0,pull,13902
control,l2,10,no pull harnesses,0.1,0.9,0.0,10,1,9,0,pull,1272
control,l2,10,no pull head collar,0.5,0.4,0.1,10,5,4,1,pull,2574
control,l2,10,no pull leash,0.1,0.9,0.0,10,1,9,0,pull,21703
control,l2,10,no pull training collar,0.8,0.2,0.0,10,8,2,0,pull,1134
control,l2,10,no rawhide,0.6,0.4,0.0,10,6,4,0,rawhide,2332
control,l2,10,no rawhide bones,0.8,0.2,0.0,10,8,2,0,rawhide,12951
control,l2,10,no rawhide chews,0.3,0.7,0.0,10,3,7,0,rawhide,2715
control,l2,10,no rawhide dog chews,0.3,0.7,0.0,10,3,7,0,rawhide,35562
control,l2,10,no rawhide treats,0.5,0.5,0.0,10,5,5,0,rawhide,4068
control,l2,10,no scoot for dogs,0.9,0.0,0.1,10,9,0,1,scoot,25922
control,l2,10,no scratch,1.0,0.0,0.0,10,10,0,0,scratch,3930
control,l2,10,no scratch spray,0.6,0.3,0.1,10,6,3,1,scratch,7315
control,l2,10,no scratch spray for cats,0.3,0.6,0.1,10,3,6,1,scratch,1019
control,l2,10,no shock bark collar,0.3,0.3,0.4,10,3,3,4,shock,12886
control,l2,10,no shock collar,0.6,0.3,0.1,10,6,3,1,shock,1007
control,l2,10,no shock dog collar,0.8,0.1,0.1,10,8,1,1,shock,1356
control,l2,10,no shock training collar,0.5,0.2,0.3,10,5,2,3,shock,7048
control,l2,10,no slip collar,0.1,0.9,0.0,10,1,9,0,pull,1199
control,l2,10,no slip dog collar,0.5,0.5,0.0,10,5,5,0,pull,2153
control,l2,10,no slip dog socks,0.0,1.0,0.0,10,0,10,0,pull,3399
control,l2,10,no slip harness,0.9,0.1,0.0,10,9,1,0,pull,2053
control,l2,10,no spill dog bowl,0.8,0.2,0.0,10,8,2,0,spill,4573
control,l2,10,no spill dog water bowl,0.2,0.8,0.0,10,2,8,0,spill,28061
control,l2,10,no spill water bowl,0.6,0.3,0.1,10,6,3,1,spill,30994
control,l2,10,no splash water bowl,0.0,1.0,0.0,10,0,10,0,pull,3317
control,l2,10,no spray cat,1.0,0.0,0.0,10,10,0,0,spray,2497
control,l2,10,no squeak dog toy,0.7,0.3,0.0,10,7,3,0,squeak,990
control,l2,10,no squeak dog toys,0.7,0.3,0.0,10,7,3,0,squeak,40129
control,l2,10,no squirrel bird seed,0.5,0.5,0.0,10,5,5,0,squirrel,5398
control,l2,10,no stuffing,0.1,0.9,0.0,10,1,9,0,stuffing,2020
control,l2,10,no stuffing dog toy,0.0,1.0,0.0,10,0,10,0,stuffing,8094
control,l2,10,no stuffing dog toys,0.0,1.0,0.0,10,0,10,0,stuffing,97772
control,l2,10,no stuffing toy,0.0,1.0,0.0,10,0,10,0,stuffing,3277
control,l2,10,no stuffing toys,0.0,1.0,0.0,10,0,10,0,stuffing,5673
control,l2,10,no sugar dog treats,0.1,0.0,0.9,10,1,0,9,sugar,1361
control,l2,10,no sugar horse treats,0.5,0.3,0.2,10,5,3,2,sugar,1315
control,l2,10,no tangle leash,0.3,0.6,0.1,10,3,6,1,pull,1186
control,l2,10,no tip dog bowl,0.0,1.0,0.0,10,0,10,0,pull,1033
control,l2,10,no tip water bowl,0.0,0.9,0.1,10,0,9,1,tip,6005
control,l2,10,no toot,0.7,0.3,0.0,10,7,3,0,toot,1991
control,l2,10,no track cat litter,0.5,0.4,0.1,10,5,4,1,track,1419
control,l2,10,no tracking cat litter,0.7,0.0,0.3,10,7,0,3,tracking,13088
control,l2,10,no tracking litter,0.8,0.0,0.2,10,8,0,2,tracking,1397
control,l2,10,no waste bird food,0.1,0.9,0.0,10,1,9,0,waste,2152
control,l2,10,no waste bird seed,0.0,1.0,0.0,10,0,10,0,waste,9270
control,l2,10,no waste wild bird food,0.1,0.9,0.0,10,1,9,0,waste,2693
control,l2,10,no waste wild bird seed,0.0,0.9,0.1,10,0,9,1,waste,24563
control,l2,10,no zip stroller,0.1,0.9,0.0,10,1,9,0,zip,1518
control,l2,10,non absorbent cat litter,0.5,0.5,0.0,10,5,5,0,non absorbent,1507
control,l2,10,non chew dog bed,0.1,0.8,0.1,10,1,8,1,chew,995
control,l2,10,non chicken dog food,0.3,0.3,0.4,10,3,3,4,chicken,3858
control,l2,10,non chicken dog treats,0.2,0.4,0.4,10,2,4,4,chicken,1718
control,l2,10,non clay cat litter,0.4,0.6,0.0,10,4,6,0,clay,5979
control,l2,10,non clay litter,0.3,0.7,0.0,10,3,7,0,clay,2271
control,l2,10,non clumping,0.1,0.9,0.0,10,1,9,0,clumping,1334
control,l2,10,non clumping cat litter,0.8,0.2,0.0,10,8,2,0,non clumping,121355
control,l2,10,non clumping kitty litter,0.9,0.1,0.0,10,9,1,0,non clumping,1510
control,l2,10,non clumping unscented cat litter,0.9,0.1,0.0,10,9,1,0,"non clumping unscented cat litter

the user is actually looking for cat litter",11479
control,l2,10,non gmo,0.0,1.0,0.0,10,0,10,0,gmo,1156
control,l2,10,non gmo cat food,0.0,1.0,0.0,10,0,10,0,gmo,2288
control,l2,10,non gmo chicken feed,0.0,1.0,0.0,10,0,10,0,gmo,16510
control,l2,10,non gmo dog food,0.0,1.0,0.0,10,0,10,0,gmo,11060
control,l2,10,non gmo dog treats,0.9,0.1,0.0,10,9,1,0,non gmo,994
control,l2,10,non gmo wet dog food,0.0,1.0,0.0,10,0,10,0,gmo,1029
control,l2,10,non grain dog food,0.3,0.7,0.0,10,3,7,0,grain,1089
control,l2,10,non kibble dog food,1.0,0.0,0.0,10,10,0,0,kibble,1761
control,l2,10,non prescription flea medicine,0.1,0.6,0.3,10,1,6,3,non prescription,1077
control,l2,10,non prescription flea meds,0.4,0.5,0.1,10,4,5,1,non prescription,1229
control,l2,10,non prescription pain meds for dogs,0.5,0.5,0.0,10,5,5,0,prescription,3980
control,l2,10,non pull harness,0.2,0.8,0.0,10,2,8,0,pull,5327
control,l2,10,non raw hide,0.6,0.4,0.0,10,6,4,0,rawhide,1225
control,l2,10,non rawhide,0.4,0.6,0.0,10,4,6,0,rawhide,1020
control,l2,10,non rawhide bones,0.4,0.6,0.0,10,4,6,0,rawhide,18977
control,l2,10,non rawhide chews,0.0,1.0,0.0,10,0,10,0,rawhide,10766
control,l2,10,non rawhide dog chews,0.2,0.8,0.0,10,2,8,0,rawhide,70094
control,l2,10,non rawhide dog treats,0.4,0.6,0.0,10,4,6,0,rawhide,2882
control,l2,10,non scented litter,0.7,0.2,0.1,10,7,2,1,scented,1755
control,l2,10,non squeaky dog toys,0.8,0.0,0.2,10,8,0,2,squeaky,17562
control,l2,10,non stuffed dog toys,0.1,0.9,0.0,10,1,9,0,stuffed,6207
control,l2,10,non tip water bowl,0.0,0.9,0.1,10,0,9,1,tip,6861
control,l2,10,non toxic cat litter,0.0,1.0,0.0,10,0,10,0,toxic,1267
control,l2,10,non tracking cat litter,0.0,0.8,0.2,10,0,8,2,tracking,18311
control,l2,10,non tracking litter,0.2,0.5,0.3,10,2,5,3,tracking,3003
control,l2,10,non-gmo dog food,0.0,1.0,0.0,10,0,10,0,gmo,3007
control,l2,10,nulo grain free,0.3,0.7,0.0,10,3,7,0,grain,4152
control,l2,10,nutrish dog food grain free,0.5,0.5,0.0,10,5,5,0,grain,1003
control,l2,10,nutrish grain free dog food,0.6,0.4,0.0,10,6,4,0,grain,4382
control,l2,10,nutro grain free,0.3,0.7,0.0,10,3,7,0,grain,2591
control,l2,10,nutro grain free dog food,0.3,0.7,0.0,10,3,7,0,grain,4841
control,l2,10,odor free bully stick,0.2,0.8,0.0,10,2,8,0,odor,1494
control,l2,10,odor free bully sticks,0.2,0.7,0.1,10,2,7,1,odor,9025
control,l2,10,odor free bully sticks for dogs,0.0,1.0,0.0,10,0,10,0,odor,27702
control,l2,10,open farm grain free,0.2,0.8,0.0,10,2,8,0,grain,1704
control,l2,10,open farm grain free dog food,0.1,0.9,0.0,10,1,9,0,grain,2175
control,l2,10,organic chicken feed soy free,0.0,1.0,0.0,10,0,10,0,soy,1525
control,l2,10,organic grain free cat treats,0.0,0.7,0.3,10,0,7,3,grain,2085
control,l2,10,organic non gmo chicken feed,1.0,0.0,0.0,10,10,0,0,non gmo,1154
control,l2,10,organic soy free chicken feed,0.0,1.0,0.0,10,0,10,0,soy,2338
control,l2,10,origin grain free dog,0.4,0.6,0.0,10,4,6,0,grain,5901
control,l2,10,origin grain free puppy,0.3,0.7,0.0,10,3,7,0,grain,3607
control,l2,10,orijen grain free,0.1,0.9,0.0,10,1,9,0,grain,1665
control,l2,10,orijen grain free cat,0.1,0.9,0.0,10,1,9,0,grain,1533
control,l2,10,orijen grain free dog,0.1,0.9,0.0,10,1,9,0,grain,2373
control,l2,10,orijen grain free dog food,0.3,0.7,0.0,10,3,7,0,grain,2503
control,l2,10,orijen grain free puppy,0.6,0.4,0.0,10,6,4,0,grain,2493
control,l2,10,orijen grain free treats,0.0,1.0,0.0,10,0,10,0,grain,1785
control,l2,10,pate grain free cat food,0.0,1.0,0.0,10,0,10,0,grain,1105
control,l2,10,pea free dog food,0.9,0.0,0.1,10,9,0,1,pea,5939
control,l2,10,pet safe easy walk no pull harness,0.7,0.2,0.1,10,7,2,1,pull,1953
control,l2,10,pigeon feed no corn,0.6,0.2,0.2,10,6,2,2,corn,3687
control,l2,10,pigeon food no corn,0.6,0.2,0.2,10,6,2,2,corn,1756
control,l2,10,pork chomps rawhide free,0.0,1.0,0.0,10,0,10,0,rawhide,129324
control,l2,10,pork chomps rawhide free dog bones,0.0,1.0,0.0,10,0,10,0,rawhide,3737
control,l2,10,poultry free,0.7,0.1,0.2,10,7,1,2,poultry,2348
control,l2,10,poultry free cat food,0.8,0.1,0.1,10,8,1,1,poultry,1975
control,l2,10,poultry free dog food,0.7,0.1,0.2,10,7,1,2,poultry,17789
control,l2,10,poultry free dog treats,0.9,0.0,0.1,10,9,0,1,poultry,1753
control,l2,10,poultry free wet dog food,0.8,0.0,0.2,10,8,0,2,poultry,1701
control,l2,10,pro plan grain free,0.9,0.1,0.0,10,9,1,0,grain,1681
control,l2,10,protein free dog treats,1.0,0.0,0.0,10,10,0,0,protein,5096
control,l2,10,puppy food chicken free,0.9,0.0,0.1,10,9,0,1,chicken,1032
control,l2,10,puppy food grain free,0.1,0.9,0.0,10,1,9,0,grain,7002
control,l2,10,puppy food no chicken,1.0,0.0,0.0,10,10,0,0,chicken,2518
control,l2,10,puppy food with no chicken,1.0,0.0,0.0,10,10,0,0,chicken,1040
control,l2,10,puppy food without chicken,1.0,0.0,0.0,10,10,0,0,chicken,1606
control,l2,10,puppy grain free,0.0,1.0,0.0,10,0,10,0,grain,1298
control,l2,10,puppy grain free food,0.2,0.8,0.0,10,2,8,0,grain,1140
control,l2,10,pure balance grain free,0.4,0.6,0.0,10,4,6,0,grain,11504
control,l2,10,purina beneful grain free,0.7,0.0,0.3,10,7,0,3,grain,1945
control,l2,10,purina beyond grain free cat food,0.6,0.3,0.1,10,6,3,1,grain,8992
control,l2,10,purina beyond grain free dog food,0.2,0.7,0.1,10,2,7,1,grain,3884
control,l2,10,purina beyond grain free dry cat food,0.6,0.3,0.1,10,6,3,1,grain,2080
control,l2,10,purina cat food grain free,0.5,0.5,0.0,10,5,5,0,grain,5440
control,l2,10,purina cat grain free,0.4,0.5,0.1,10,4,5,1,grain,1273
control,l2,10,purina grain free,0.2,0.8,0.0,10,2,8,0,grain,8189
control,l2,10,purina grain free cat food,0.1,0.9,0.0,10,1,9,0,grain,2326
control,l2,10,purina grain free dog food,0.1,0.9,0.0,10,1,9,0,grain,3037
control,l2,10,purina grain free dry cat food,0.5,0.5,0.0,10,5,5,0,grain,19168
control,l2,10,purina grain free dry dog food,0.3,0.7,0.0,10,3,7,0,grain,8138
control,l2,10,purina grain free wet cat food,0.0,1.0,0.0,10,0,10,0,grain,7458
control,l2,10,purina grain free wet dog food,0.0,1.0,0.0,10,0,10,0,grain,2342
control,l2,10,purina one grain free,0.8,0.2,0.0,10,8,2,0,grain,4066
control,l2,10,purina one grain free cat food,0.3,0.6,0.1,10,3,6,1,grain,1649
control,l2,10,purina one grain free dog food,0.6,0.4,0.0,10,6,4,0,grain,5270
control,l2,10,purina one grain free dry cat food,0.7,0.1,0.2,10,7,1,2,grain,5886
control,l2,10,purina one grain free wet cat food,0.1,0.6,0.3,10,1,6,3,grain,17042
control,l2,10,purina one wet cat food grain free,0.1,0.7,0.2,10,1,7,2,grain,1114
control,l2,10,purina pro plan for cats grain free,0.0,0.9,0.1,10,0,9,1,grain,1589
control,l2,10,purina pro plan for dogs grain free,0.3,0.5,0.2,10,3,5,2,grain,975
control,l2,10,purina pro plan grain free,0.7,0.3,0.0,10,7,3,0,grain,7034
control,l2,10,python no spill,0.4,0.6,0.0,10,4,6,0,spill,5465
control,l2,10,rachel ray grain free dog food,0.1,0.8,0.1,10,1,8,1,grain,4812
control,l2,10,raw hide free,0.0,1.0,0.0,10,0,10,0,rawhide,2193
control,l2,10,raw hide free bones,0.5,0.5,0.0,10,5,5,0,rawhide,3187
control,l2,10,raw hide free dog bones,0.9,0.0,0.1,10,9,0,1,rawhide,1011
control,l2,10,raw hide free dog chews,0.0,1.0,0.0,10,0,10,0,rawhide,25587
control,l2,10,raw hide free large dog chews,0.2,0.7,0.1,10,2,7,1,rawhide,1264
control,l2,10,rawhide free,0.1,0.9,0.0,10,1,9,0,rawhide,17055
control,l2,10,rawhide free bones,0.1,0.9,0.0,10,1,9,0,rawhide,6443
control,l2,10,rawhide free chew,0.0,1.0,0.0,10,0,10,0,rawhide,1282
control,l2,10,rawhide free chews,0.0,1.0,0.0,10,0,10,0,rawhide,58043
control,l2,10,rawhide free dog bones,0.2,0.7,0.1,10,2,7,1,rawhide,135517
control,l2,10,rawhide free dog bones & chews,0.0,0.9,0.1,10,0,9,1,rawhide,1390
control,l2,10,rawhide free dog bones & chews for large dogs,0.0,0.9,0.1,10,0,9,1,rawhide,4358
control,l2,10,rawhide free dog bones long lasting,0.2,0.8,0.0,10,2,8,0,rawhide,14868
control,l2,10,rawhide free dog chews,0.0,1.0,0.0,10,0,10,0,rawhide,6526
control,l2,10,rawhide free dog chews long lasting,0.1,0.9,0.0,10,1,9,0,rawhide,4471
control,l2,10,rawhide free dog treats,0.0,1.0,0.0,10,0,10,0,rawhide,29794
control,l2,10,rawhide free sticks,0.0,1.0,0.0,10,0,10,0,rawhide,2264
control,l2,10,rawhide free treats,0.0,1.0,0.0,10,0,10,0,rawhide,1840
control,l2,10,rice free dog food,0.2,0.5,0.3,10,2,5,3,rice,1195
control,l2,10,royal canin grain free,0.6,0.0,0.4,10,6,0,4,grain,2432
control,l2,10,salmon dog food grain free,0.0,1.0,0.0,10,0,10,0,grain,975
control,l2,10,salmon grain free dog food,0.1,0.9,0.0,10,1,9,0,grain,8103
control,l2,10,salt free dog food,0.0,0.0,1.0,10,0,0,10,salt,1015
control,l2,10,scent free cat litter,0.9,0.0,0.1,10,9,0,1,scent,2695
control,l2,10,scent free litter,0.6,0.2,0.2,10,6,2,2,scent,3172
control,l2,10,science diet grain free,0.9,0.1,0.0,10,9,1,0,grain,4491
control,l2,10,senior cat food grain free,0.2,0.8,0.0,10,2,8,0,grain,1110
control,l2,10,senior dog food grain free,0.1,0.9,0.0,10,1,9,0,grain,1394
control,l2,10,senior grain free dog food,0.1,0.9,0.0,10,1,9,0,grain,4724
control,l2,10,sheba grain free,0.0,1.0,0.0,10,0,10,0,grain,1917
control,l2,10,shell free bird seed,0.1,0.3,0.6,10,1,3,6,shell,1278
control,l2,10,small black stroller no zip,0.2,0.6,0.2,10,2,6,2,zip,1046
control,l2,10,small breed grain free,0.1,0.9,0.0,10,1,9,0,grain,1509
control,l2,10,small breed grain free dog food,0.0,1.0,0.0,10,0,10,0,grain,2340
control,l2,10,small breed grain free dry dog food,0.0,1.0,0.0,10,0,10,0,grain,2354
control,l2,10,small dog no pull harness,0.1,0.9,0.0,10,1,9,0,pull,1740
control,l2,10,small no pull harness,0.5,0.5,0.0,10,5,5,0,pull,1148
control,l2,10,soft grain free dog treats,0.3,0.6,0.1,10,3,6,1,grain,2135
control,l2,10,soy and corn free chicken feed,0.3,0.7,0.0,10,3,7,0,soy and corn,1287
control,l2,10,soy free chicken feed,0.0,1.0,0.0,10,0,10,0,soy,11839
control,l2,10,soy free horse feed,0.0,0.9,0.1,10,0,9,1,soy,5431
control,l2,10,soy free layer feed,0.1,0.8,0.1,10,1,8,1,soy,1175
control,l2,10,sporn mesh no pull dog harness,0.9,0.1,0.0,10,9,1,0,pull,7687
control,l2,10,stella and chewy grain free,0.0,1.0,0.0,10,0,10,0,grain,1117
control,l2,10,stink free,0.2,0.8,0.0,10,2,8,0,stink,3161
control,l2,10,stuffing free,0.0,1.0,0.0,10,0,10,0,stuffing,6904
control,l2,10,stuffing free dog toy,0.0,1.0,0.0,10,0,10,0,stuffing,4687
control,l2,10,stuffing free dog toys,0.0,1.0,0.0,10,0,10,0,stuffing,142348
control,l2,10,stuffing free dog toys large,0.0,1.0,0.0,10,0,10,0,stuffing,21225
control,l2,10,stuffing free dog toys small,0.1,0.9,0.0,10,1,9,0,stuffing,6376
control,l2,10,stuffing free toy,0.0,1.0,0.0,10,0,10,0,stuffing,2294
control,l2,10,stuffing free toys,0.0,1.0,0.0,10,0,10,0,stuffing,1123
control,l2,10,stuffing-free,0.0,1.0,0.0,10,0,10,0,stuffing,1079
control,l2,10,suet cakes for wild birds no melt,0.0,0.7,0.3,10,0,7,3,melt,7772
control,l2,10,sugar free,0.5,0.3,0.2,10,5,3,2,sugar,1515
control,l2,10,sugar free dog treats,0.0,0.2,0.8,10,0,2,8,sugar,9955
control,l2,10,sugar free horse treats,0.7,0.2,0.1,10,7,2,1,sugar,8411
control,l2,10,taste of the wild dog food grain free,0.0,1.0,0.0,10,0,10,0,grain,1243
control,l2,10,taste of the wild grain free,0.0,1.0,0.0,10,0,10,0,grain,2805
control,l2,10,taste of the wild grain free dog food,0.1,0.9,0.0,10,1,9,0,grain,8357
control,l2,10,taste of the wild high prairie grain-free dry dog food,0.6,0.4,0.0,10,6,4,0,grain,1435
control,l2,10,tear free dog shampoo,0.5,0.5,0.0,10,5,5,0,tear,7647
control,l2,10,the honest kitchen for dogs grain free,0.1,0.9,0.0,10,1,9,0,grain,1325
control,l2,10,the honest kitchen grain free,0.4,0.6,0.0,10,4,6,0,grain,2403
control,l2,10,tidy cats free,0.25,0.75,0.0,8,2,6,0,free,1197
control,l2,10,tidy cats free & clean unscented,0.3,0.7,0.0,10,3,7,0,unscented,999
control,l2,10,tidy cats free and clean unscented,0.4,0.6,0.0,10,4,6,0,unscented,7587
control,l2,10,tidy cats non clumping litter for cats,0.3,0.6,0.1,10,3,6,1,non clumping,2835
control,l2,10,tiny tiger grain free,0.0,1.0,0.0,10,0,10,0,grain,1318
control,l2,10,toy no stuffing,0.0,1.0,0.0,10,0,10,0,stuffing,1060
control,l2,10,toys no stuffing,0.0,1.0,0.0,10,0,10,0,stuffing,1635
control,l2,10,toys with no stuffing,0.0,1.0,0.0,10,0,10,0,stuffing,4057
control,l2,10,treats for dogs with no teeth,0.8,0.2,0.0,10,8,2,0,teeth,1406
control,l2,10,tuffy no stuff,0.6,0.4,0.0,10,6,4,0,stuff,1489
control,l2,10,turkey grain free,0.2,0.8,0.0,10,2,8,0,grain,1309
control,l2,10,ultra grain free,0.4,0.6,0.0,10,4,6,0,grain,978
control,l2,10,unscented dust free cat litter,0.4,0.3,0.3,10,4,3,3,"dust, scent",1132
control,l2,10,unscented dust free clumping cat litter,0.9,0.1,0.0,10,9,1,0,unscented,972
control,l2,10,unscented dust free litter,0.2,0.7,0.1,10,2,7,1,"unscented
dust",1250
control,l2,10,unscented non clumping cat litter,0.8,0.2,0.0,10,8,2,0,non clumping,7305
control,l2,10,vetivex veterinary dehp free lactated ringers electrolyte injection solution 1000-ml,0.1,0.1,0.8,10,1,1,8,dehp,5570
control,l2,10,victor grain free,0.7,0.3,0.0,10,7,3,0,grain,2601
control,l2,10,victor grain free dog food,0.5,0.5,0.0,10,5,5,0,grain,5635
control,l2,10,victor hi-pro plus 30/20 active sporting high protein gluten-free dry dog food,0.1,0.7,0.2,10,1,7,2,gluten,1151
control,l2,10,wag grain free dog food,0.1,0.9,0.0,10,1,9,0,grain,3193
control,l2,10,waste free bird seed,0.1,0.7,0.2,10,1,7,2,waste,4797
control,l2,10,waste free wild bird seed,0.3,0.6,0.1,10,3,6,1,waste,12115
control,l2,10,water bowl no spill,0.6,0.3,0.1,10,6,3,1,spill,2058
control,l2,10,weight management dog food no chicken,0.9,0.0,0.1,10,9,0,1,chicken,1021
control,l2,10,wellness core grain free,0.0,1.0,0.0,10,0,10,0,grain,1527
control,l2,10,wellness core grain free cat food,0.1,0.9,0.0,10,1,9,0,grain,2510
control,l2,10,wellness core grain free dog food,0.1,0.9,0.0,10,1,9,0,grain,8637
control,l2,10,wellness dry dog food grain free,0.1,0.9,0.0,10,1,9,0,grain,2057
control,l2,10,wellness grain free,0.0,1.0,0.0,10,0,10,0,grain,1617
control,l2,10,wellness grain free cat food,0.0,1.0,0.0,10,0,10,0,grain,2248
control,l2,10,wellness grain free dog food,0.0,1.0,0.0,10,0,10,0,grain,4682
control,l2,10,wet cat food grain free,0.0,1.0,0.0,10,0,10,0,grain,16508
control,l2,10,wet dog food grain free,0.0,1.0,0.0,10,0,10,0,grain,6455
control,l2,10,wet dog food no chicken,1.0,0.0,0.0,10,10,0,0,chicken,1981
control,l2,10,wet dog food without chicken,0.7,0.3,0.0,10,7,3,0,chicken,1194
control,l2,10,wet grain free cat food,0.0,1.0,0.0,10,0,10,0,grain,4900
control,l2,10,wet grain free dog food,0.0,1.0,0.0,10,0,10,0,grain,4103
control,l2,10,wet kitten food grain free,0.0,1.0,0.0,10,0,10,0,grain,2250
control,l2,10,wheat free cat food,0.0,0.8,0.2,10,0,8,2,wheat,5111
control,l2,10,wheat free dog food,0.0,0.9,0.1,10,0,9,1,wheat,6961
control,l2,10,wheat free dog treats,0.0,0.9,0.1,10,0,9,1,wheat,9289
control,l2,10,wheat free puppy food,0.0,1.0,0.0,10,0,10,0,wheat,4122
control,l2,10,whole earth farms grain-free,0.4,0.6,0.0,10,4,6,0,grain,5914
control,l2,10,whole hearted grain free,0.6,0.3,0.1,10,6,3,1,grain,1214
control,l2,10,wholesome grain free,0.3,0.6,0.1,10,3,6,1,grain,2131
control,l2,10,wholesomes grain free dog food,0.4,0.5,0.1,10,4,5,1,grain,2158
control,l2,10,wild bird seed no waste,0.0,0.9,0.1,10,0,9,1,waste,14889
control,l2,10,yeast free dog food,0.3,0.0,0.7,10,3,0,7,yeast,6961
control,l2,36,2 hounds design freedom no pull dog harness,0.6153846153846154,0.15384615384615385,0.23076923076923078,13,8,2,3,pull,13268
control,l2,36,acana grain free,0.3055555555555556,0.6944444444444444,0.0,36,11,25,0,grain,1372
control,l2,36,acana grain free cat,0.08333333333333333,0.3888888888888889,0.5277777777777778,36,3,14,19,grain,1699
control,l2,36,acana grain-free food for dogs,0.19444444444444445,0.8055555555555556,0.0,36,7,29,0,grain,3087
control,l2,36,adjustable no pull harness,0.8611111111111112,0.027777777777777776,0.1111111111111111,36,31,1,4,pull,974
control,l2,36,aller free,0.3055555555555556,0.6111111111111112,0.08333333333333333,36,11,22,3,aller,974
control,l2,36,allergy free cat food,0.25,0.7222222222222222,0.027777777777777776,36,9,26,1,allergy,1923
control,l2,36,allergy free dog food,0.16666666666666666,0.8333333333333334,0.0,36,6,30,0,allergy,2462
control,l2,36,allergy free dog treats,0.3055555555555556,0.5555555555555556,0.1388888888888889,36,11,20,5,allergy,4371
control,l2,36,american journey grain free,0.1388888888888889,0.8611111111111112,0.0,36,5,31,0,grain,1049
control,l2,36,american journey grain free dog food,0.2222222222222222,0.7777777777777778,0.0,36,8,28,0,grain,3336
control,l2,36,audubon park waste free,0.2777777777777778,0.7222222222222222,0.0,36,10,26,0,waste free,2251
control,l2,36,bark collar no shock,0.5,0.1388888888888889,0.3611111111111111,36,18,5,13,shock,3859
control,l2,36,barkworthies odor free bully sticks,0.4444444444444444,0.4444444444444444,0.1111111111111111,36,16,16,4,odor,3939
control,l2,36,beef dog food grain free,0.0,1.0,0.0,36,0,36,0,grain,1044
control,l2,36,beef grain free dog food,0.1111111111111111,0.8888888888888888,0.0,36,4,32,0,grain,2045
control,l2,36,beneful grain free,0.3888888888888889,0.4166666666666667,0.19444444444444445,36,14,15,7,grain,1604
control,l2,36,best bully sticks odor free,0.027777777777777776,0.9444444444444444,0.027777777777777776,36,1,34,1,odor,2943
control,l2,36,best no pull harness,0.6111111111111112,0.3611111111111111,0.027777777777777776,36,22,13,1,pull,1798
control,l2,36,beyond dry cat food grain free,0.25,0.7222222222222222,0.027777777777777776,36,9,26,1,grain,5250
control,l2,36,beyond grain free,0.5555555555555556,0.4444444444444444,0.0,36,20,16,0,grain,2372
control,l2,36,beyond grain free cat food dry,0.25,0.7222222222222222,0.027777777777777776,36,9,26,1,grain,3779
control,l2,36,beyond grain free dry cat food,0.25,0.75,0.0,36,9,27,0,grain,2175
control,l2,36,beyond grain free wet cat food,0.16666666666666666,0.7222222222222222,0.1111111111111111,36,6,26,4,grain,1433
control,l2,36,beyond simply grain free cat food,0.3055555555555556,0.6666666666666666,0.027777777777777776,36,11,24,1,grain,3366
control,l2,36,bird food wild no mess,0.08333333333333333,0.4166666666666667,0.5,36,3,15,18,mess,1138
control,l2,36,bird seed no mess,0.027777777777777776,0.5,0.4722222222222222,36,1,18,17,mess,1067
control,l2,36,bird seed no waste,0.027777777777777776,0.6944444444444444,0.2777777777777778,36,1,25,10,waste,3357
control,l2,36,bird seed wild no mess,0.1111111111111111,0.4444444444444444,0.4444444444444444,36,4,16,16,mess,3963
control,l2,36,bird seed wild no waste,0.1111111111111111,0.6388888888888888,0.25,36,4,23,9,waste,16977
control,l2,36,bird suet cakes no melt,0.1111111111111111,0.1388888888888889,0.75,36,4,5,27,melt,3661
control,l2,36,blue buffalo chicken free,0.8333333333333334,0.1388888888888889,0.027777777777777776,36,30,5,1,chicken,3208
control,l2,36,blue buffalo dog food grain free,0.16666666666666666,0.8333333333333334,0.0,36,6,30,0,grain,5564
control,l2,36,blue buffalo freedom grain free,0.08333333333333333,0.9166666666666666,0.0,36,3,33,0,grain,2312
control,l2,36,blue buffalo grain free,0.2222222222222222,0.7777777777777778,0.0,36,8,28,0,grain,6671
control,l2,36,blue buffalo grain free cat food,0.2222222222222222,0.75,0.027777777777777776,36,8,27,1,grain,9576
control,l2,36,blue buffalo grain free dog food,0.25,0.75,0.0,36,9,27,0,grain,18964
control,l2,36,blue buffalo grain free dry cat food,0.3055555555555556,0.5833333333333334,0.1111111111111111,36,11,21,4,grain,1161
control,l2,36,blue buffalo grain free dry dog food,0.3888888888888889,0.5833333333333334,0.027777777777777776,36,14,21,1,grain,1574
control,l2,36,blue buffalo grain free wet cat food,0.027777777777777776,0.9444444444444444,0.027777777777777776,36,1,34,1,grain,1737
control,l2,36,blue buffalo grain free wet dog food,0.08333333333333333,0.8333333333333334,0.08333333333333333,36,3,30,3,grain,1694
control,l2,36,blue buffalo no chicken,0.9444444444444444,0.05555555555555555,0.0,36,34,2,0,chicken,1087
control,l2,36,blue buffalo wet dog food grain free,0.027777777777777776,0.8888888888888888,0.08333333333333333,36,1,32,3,grain,989
control,l2,36,blue freedom grain free,0.1111111111111111,0.8888888888888888,0.0,36,4,32,0,grain,2100
control,l2,36,blue grain free,0.027777777777777776,0.9722222222222222,0.0,36,1,35,0,grain,1423
control,l2,36,bones & chews all natural grain-free jerky,0.0,0.4166666666666667,0.5833333333333334,36,0,15,21,grain,4977
control,l2,36,bpa free litter box,0.0,0.0,1.0,36,0,0,36,bpa,1302
control,l2,36,bully stick odor free,0.1111111111111111,0.8888888888888888,0.0,36,4,32,0,odor,2368
control,l2,36,bully sticks for dogs odor free,0.027777777777777776,0.9444444444444444,0.027777777777777776,36,1,34,1,odor,4428
control,l2,36,bully sticks odor free,0.05555555555555555,0.9444444444444444,0.0,36,2,34,0,odor,4104
control,l2,36,calcium without d3,0.3333333333333333,0.2222222222222222,0.4444444444444444,36,12,8,16,d3,1856
control,l2,36,canidae grain free,0.2777777777777778,0.7222222222222222,0.0,36,10,26,0,grain,4014
control,l2,36,canidae grain free dog food,0.2777777777777778,0.7222222222222222,0.0,36,10,26,0,grain,2888
control,l2,36,canine naturals hide free,0.5555555555555556,0.3611111111111111,0.08333333333333333,36,20,13,3,hide,7376
control,l2,36,canned cat food grain free,0.027777777777777776,0.9722222222222222,0.0,36,1,35,0,grain,3121
control,l2,36,canned dog food grain free,0.05555555555555555,0.9444444444444444,0.0,36,2,34,0,grain,5595
control,l2,36,canned grain free dog food,0.16666666666666666,0.8333333333333334,0.0,36,6,30,0,grain,2676
control,l2,36,cat collar no bell,0.9722222222222222,0.0,0.027777777777777776,36,35,0,1,bell,3873
control,l2,36,cat dewormer no prescription,0.4166666666666667,0.2777777777777778,0.3055555555555556,36,15,10,11,prescription,23133
control,l2,36,cat dry food grain free,0.0,1.0,0.0,36,0,36,0,grain,4630
control,l2,36,cat food dry grain free,0.05555555555555555,0.9444444444444444,0.0,36,2,34,0,grain,3203
control,l2,36,cat food grain free,0.0,1.0,0.0,36,0,36,0,grain,19117
control,l2,36,cat food no chicken,0.8611111111111112,0.08333333333333333,0.05555555555555555,36,31,3,2,chicken,2783
control,l2,36,cat food organic grain free,0.08333333333333333,0.8055555555555556,0.1111111111111111,36,3,29,4,grain,4534
control,l2,36,cat food pate grain free,0.0,1.0,0.0,36,0,36,0,grain,2011
control,l2,36,cat food wet grain free,0.0,1.0,0.0,36,0,36,0,grain,8309
control,l2,36,cat food with no additives,0.19444444444444445,0.0,0.8055555555555556,36,7,0,29,additives,1600
control,l2,36,cat grain free pate,0.0,1.0,0.0,36,0,36,0,grain,1150
control,l2,36,cat kibble grain free,0.1111111111111111,0.8888888888888888,0.0,36,4,32,0,grain,2832
control,l2,36,cat litter dust free,0.05555555555555555,0.16666666666666666,0.7777777777777778,36,2,6,28,dust,10997
control,l2,36,cat litter fragrance free,0.2222222222222222,0.75,0.027777777777777776,36,8,27,1,fragrance,1351
control,l2,36,cat litter no dust,0.08333333333333333,0.16666666666666666,0.75,36,3,6,27,dust,8050
control,l2,36,cat litter no scent,0.9444444444444444,0.027777777777777776,0.027777777777777776,36,34,1,1,scent,2160
control,l2,36,cat litter no tracking,0.3055555555555556,0.16666666666666666,0.5277777777777778,36,11,6,19,tracking,3408
control,l2,36,cat no pee,0.7222222222222222,0.2777777777777778,0.0,36,26,10,0,pee,1037
control,l2,36,cat no scratch,0.9444444444444444,0.05555555555555555,0.0,36,34,2,0,scratch,1427
control,l2,36,cat toys no catnip,1.0,0.0,0.0,36,36,0,0,catnip,1519
control,l2,36,cat toys without catnip,1.0,0.0,0.0,4,4,0,0,catnip,1579
control,l2,36,cat treats grain free,0.0,1.0,0.0,36,0,36,0,grain,9966
control,l2,36,cat treats no chicken,0.9722222222222222,0.0,0.027777777777777776,36,35,0,1,chicken,1187
control,l2,36,cat tree no carpet,0.6111111111111112,0.027777777777777776,0.3611111111111111,36,22,1,13,carpet,1496
control,l2,36,cat wet food grain free,0.027777777777777776,0.9722222222222222,0.0,36,1,35,0,grain,9500
control,l2,36,charlee bear grain free crunch,0.2777777777777778,0.3888888888888889,0.3333333333333333,36,10,14,12,grain,4712
control,l2,36,chew bones rawhide free,0.19444444444444445,0.8055555555555556,0.0,36,7,29,0,rawhide,1195
control,l2,36,chew no poo,0.6944444444444444,0.3055555555555556,0.0,36,25,11,0,poo,2280
control,l2,36,chew no poop,0.7222222222222222,0.2777777777777778,0.0,36,26,10,0,poop,2803
control,l2,36,chews no rawhide,0.3611111111111111,0.6388888888888888,0.0,36,13,23,0,rawhide,8496
control,l2,36,chick starter feed non medicated,0.2777777777777778,0.5277777777777778,0.19444444444444445,36,10,19,7,medicated,5619
control,l2,36,chicken and grain free dog food,0.2777777777777778,0.7222222222222222,0.0,36,10,26,0,grain,1266
control,l2,36,chicken feed non gmo,0.9444444444444444,0.0,0.05555555555555555,36,34,0,2,non gmo,2267
control,l2,36,chicken feed soy free,0.0,0.6111111111111112,0.3888888888888889,36,0,22,14,soy,1293
control,l2,36,chicken free,0.3888888888888889,0.25,0.3611111111111111,36,14,9,13,chicken,4487
control,l2,36,chicken free canned dog food,0.9444444444444444,0.05555555555555555,0.0,36,34,2,0,chicken,1444
control,l2,36,chicken free cat food,0.6944444444444444,0.19444444444444445,0.1111111111111111,36,25,7,4,chicken,14097
control,l2,36,chicken free cat treats,0.8888888888888888,0.027777777777777776,0.08333333333333333,36,32,1,3,chicken,6356
control,l2,36,chicken free dog bones,0.8333333333333334,0.1111111111111111,0.05555555555555555,36,30,4,2,chicken,968
control,l2,36,chicken free dog chews,0.75,0.08333333333333333,0.16666666666666666,36,27,3,6,chicken,978
control,l2,36,chicken free dog food,0.4444444444444444,0.3888888888888889,0.16666666666666666,36,16,14,6,chicken,38479
control,l2,36,chicken free dog treat,0.6666666666666666,0.19444444444444445,0.1388888888888889,36,24,7,5,chicken,1429
control,l2,36,chicken free dog treats,0.6111111111111112,0.19444444444444445,0.19444444444444445,36,22,7,7,chicken,68590
control,l2,36,chicken free dry cat food,0.8611111111111112,0.027777777777777776,0.1111111111111111,36,31,1,4,chicken,3842
control,l2,36,chicken free dry dog food,0.6111111111111112,0.2222222222222222,0.16666666666666666,36,22,8,6,chicken,124263
control,l2,36,chicken free dry dog food for sensitive skin,0.16666666666666666,0.4722222222222222,0.3611111111111111,36,6,17,13,chicken,1228
control,l2,36,chicken free dry puppy food,0.8888888888888888,0.0,0.1111111111111111,36,32,0,4,chicken,1272
control,l2,36,chicken free large breed puppy food,0.75,0.027777777777777776,0.2222222222222222,36,27,1,8,chicken,979
control,l2,36,chicken free pill pockets,0.4166666666666667,0.2777777777777778,0.3055555555555556,36,15,10,11,chicken,3116
control,l2,36,chicken free puppy food,0.8333333333333334,0.0,0.16666666666666666,36,30,0,6,chicken,5340
control,l2,36,chicken free treat,0.6944444444444444,0.1111111111111111,0.19444444444444445,36,25,4,7,chicken,1329
control,l2,36,chicken free treats,0.5833333333333334,0.1388888888888889,0.2777777777777778,36,21,5,10,chicken,3686
control,l2,36,chicken free weight control,0.8055555555555556,0.08333333333333333,0.1111111111111111,36,29,3,4,chicken,1015
control,l2,36,chicken free wet cat food,1.0,0.0,0.0,36,36,0,0,chicken,3583
control,l2,36,chicken free wet dog food,0.8611111111111112,0.1111111111111111,0.027777777777777776,36,31,4,1,chicken,19833
control,l2,36,chicken-free cat food,0.5555555555555556,0.1388888888888889,0.3055555555555556,36,20,5,11,chicken,6561
control,l2,36,chicken-free dog food,0.2222222222222222,0.5,0.2777777777777778,36,8,18,10,chicken,3218
control,l2,36,chicken-free dry dog food,0.3055555555555556,0.3333333333333333,0.3611111111111111,36,11,12,13,chicken,5068
control,l2,36,chicken-free wet dog food,0.5,0.3611111111111111,0.1388888888888889,36,18,13,5,chicken,3656
control,l2,36,choke free harness,0.05555555555555555,0.9444444444444444,0.0,36,2,34,0,choke,1536
control,l2,36,churu grain free,0.0,1.0,0.0,36,0,36,0,grain,1142
control,l2,36,clumping cat litter dust free,0.19444444444444445,0.08333333333333333,0.7222222222222222,36,7,3,26,dust,7057
control,l2,36,cockatiel food no sunflower seeds,0.4444444444444444,0.027777777777777776,0.5277777777777778,36,16,1,19,sunflower seeds,3792
control,l2,36,corn and soy free chicken feed,0.1388888888888889,0.5,0.3611111111111111,36,5,18,13,corn and soy,2593
control,l2,36,corn free chicken feed,0.16666666666666666,0.5833333333333334,0.25,36,6,21,9,corn,6014
control,l2,36,corn free chicken scratch,0.3055555555555556,0.25,0.4444444444444444,36,11,9,16,corn,2220
control,l2,36,corn free dog food,0.0,0.8611111111111112,0.1388888888888889,36,0,31,5,corn,6183
control,l2,36,corn free dry cat food,0.0,0.9722222222222222,0.027777777777777776,36,0,35,1,corn,1013
control,l2,36,cough free horse,0.16666666666666666,0.8333333333333334,0.0,36,6,30,0,free,6820
control,l2,36,country kitchen rawhide free twists,0.3055555555555556,0.5833333333333334,0.1111111111111111,36,11,21,4,rawhide,1202
control,l2,36,crunchy grain free dog treats,0.08333333333333333,0.7777777777777778,0.1388888888888889,36,3,28,5,grain,1432
control,l2,36,delectables non seafood,0.5,0.3888888888888889,0.1111111111111111,36,18,14,4,seafood,1668
control,l2,36,diamond grain free,0.7222222222222222,0.2777777777777778,0.0,36,26,10,0,grain,2150
control,l2,36,diamond grain free dog food,0.6666666666666666,0.3055555555555556,0.027777777777777776,36,24,11,1,grain,9975
control,l2,36,diamond natural grain free,0.6944444444444444,0.3055555555555556,0.0,36,25,11,0,grain,2679
control,l2,36,diamond naturals grain free,0.6388888888888888,0.3333333333333333,0.027777777777777776,36,23,12,1,grain,4384
control,l2,36,diamond naturals grain free dog food,0.5833333333333334,0.3888888888888889,0.027777777777777776,36,21,14,1,grain,4547
control,l2,36,dog bone rawhide free,0.3611111111111111,0.6111111111111112,0.027777777777777776,36,13,22,1,rawhide,1437
control,l2,36,dog bones no rawhide,0.8611111111111112,0.1111111111111111,0.027777777777777776,36,31,4,1,rawhide,8198
control,l2,36,dog bones rawhide free,0.4166666666666667,0.5555555555555556,0.027777777777777776,36,15,20,1,rawhide,22731
control,l2,36,dog chews rawhide free,0.08333333333333333,0.8888888888888888,0.027777777777777776,36,3,32,1,rawhide,80267
control,l2,36,dog dry food grain free,0.0,1.0,0.0,36,0,36,0,grain,2653
control,l2,36,dog food chicken free,0.5555555555555556,0.3888888888888889,0.05555555555555555,36,20,14,2,chicken,4370
control,l2,36,dog food dry grain free,0.05555555555555555,0.9444444444444444,0.0,36,2,34,0,grain,3977
control,l2,36,dog food grain free,0.0,1.0,0.0,36,0,36,0,grain,27813
control,l2,36,dog food grain free large breed,0.1111111111111111,0.8611111111111112,0.027777777777777776,36,4,31,1,grain,5771
control,l2,36,dog food grain free non-gmo,0.05555555555555555,0.9166666666666666,0.027777777777777776,36,2,33,1,grain,988
control,l2,36,dog food no chicken,0.5277777777777778,0.4166666666666667,0.05555555555555555,36,19,15,2,chicken,12053
control,l2,36,dog food no corn,0.05555555555555555,0.8055555555555556,0.1388888888888889,36,2,29,5,corn,1250
control,l2,36,dog food no grain,0.1111111111111111,0.8888888888888888,0.0,36,4,32,0,grain,2517
control,l2,36,dog food poultry free,0.5555555555555556,0.2777777777777778,0.16666666666666666,36,20,10,6,poultry,1332
control,l2,36,dog food with no chicken,0.3055555555555556,0.4722222222222222,0.2222222222222222,36,11,17,8,chicken,9753
control,l2,36,dog food without chicken,0.25,0.5555555555555556,0.19444444444444445,36,9,20,7,chicken,11590
control,l2,36,dog harness large no pull,0.8055555555555556,0.19444444444444445,0.0,36,29,7,0,pull,5076
control,l2,36,dog harness medium no pull,0.8888888888888888,0.1111111111111111,0.0,36,32,4,0,pull,3091
control,l2,36,dog harness no escape,0.1111111111111111,0.8333333333333334,0.05555555555555555,36,4,30,2,escape,1062
control,l2,36,dog harness no pull,0.2777777777777778,0.7222222222222222,0.0,36,10,26,0,pull,76414
control,l2,36,dog no pull harness,0.08333333333333333,0.9166666666666666,0.0,36,3,33,0,pull,9874
control,l2,36,dog non rawhide chews,0.19444444444444445,0.75,0.05555555555555555,36,7,27,2,rawhide,1730
control,l2,36,dog rawhide free bones,0.3055555555555556,0.6388888888888888,0.05555555555555555,36,11,23,2,rawhide,1370
control,l2,36,dog rawhide free treats,0.05555555555555555,0.9444444444444444,0.0,36,2,34,0,rawhide,2749
control,l2,36,dog stroller no zip,0.0,0.3611111111111111,0.6388888888888888,36,0,13,23,zip,1065
control,l2,36,dog toy no squeak,0.8611111111111112,0.1111111111111111,0.027777777777777776,36,31,4,1,squeak,1212
control,l2,36,dog toy no squeaker,0.9444444444444444,0.027777777777777776,0.027777777777777776,36,34,1,1,squeaker,1524
control,l2,36,dog toy no stuffing,0.0,0.9166666666666666,0.08333333333333333,36,0,33,3,stuffing,10254
control,l2,36,dog toy stuffing free,0.0,1.0,0.0,36,0,36,0,stuffing,1322
control,l2,36,dog toys for large dogs no stuffing,0.16666666666666666,0.7222222222222222,0.1111111111111111,36,6,26,4,stuffing,7409
control,l2,36,dog toys no squeak,0.8055555555555556,0.16666666666666666,0.027777777777777776,36,29,6,1,squeak,1702
control,l2,36,dog toys no stuffing,0.027777777777777776,0.9444444444444444,0.027777777777777776,36,1,34,1,stuffing,28211
control,l2,36,dog toys small dogs stuffing free,0.027777777777777776,0.8611111111111112,0.1111111111111111,36,1,31,4,stuffing,1156
control,l2,36,dog toys stuffing free,0.0,1.0,0.0,36,0,36,0,stuffing,2442
control,l2,36,dog toys with no stuffing,0.05555555555555555,0.9166666666666666,0.027777777777777776,36,2,33,1,stuffing,7273
control,l2,36,dog treats chicken free,0.9444444444444444,0.0,0.05555555555555555,36,34,0,2,chicken,1452
control,l2,36,dog treats for dogs with no teeth,0.6944444444444444,0.2777777777777778,0.027777777777777776,36,25,10,1,teeth,3257
control,l2,36,dog treats for large dogs grain free,0.08333333333333333,0.5555555555555556,0.3611111111111111,36,3,20,13,grain,1206
control,l2,36,dog treats grain free,0.08333333333333333,0.9166666666666666,0.0,36,3,33,0,grain,13152
control,l2,36,dog treats no chicken,0.8055555555555556,0.1388888888888889,0.05555555555555555,36,29,5,2,chicken,4753
control,l2,36,dog treats no rawhide,0.5,0.4166666666666667,0.08333333333333333,36,18,15,3,rawhide,2246
control,l2,36,dog treats rawhide free,0.1111111111111111,0.8888888888888888,0.0,36,4,32,0,rawhide,3261
control,l2,36,dog treats with no chicken,0.7777777777777778,0.1388888888888889,0.08333333333333333,36,28,5,3,chicken,1095
control,l2,36,dog treats without chicken,0.6111111111111112,0.25,0.1388888888888889,36,22,9,5,chicken,4721
control,l2,36,dog water bowl no spill,0.2777777777777778,0.5833333333333334,0.1388888888888889,36,10,21,5,spill,23089
control,l2,36,dog wet food grain free,0.0,1.0,0.0,36,0,36,0,grain,1300
control,l2,36,dry cat food grain free,0.0,1.0,0.0,36,0,36,0,grain,10528
control,l2,36,dry cat food no chicken,0.9444444444444444,0.0,0.05555555555555555,36,34,0,2,chicken,999
control,l2,36,dry cat food no grain,0.027777777777777776,0.9722222222222222,0.0,36,1,35,0,grain,974
control,l2,36,dry dog food chicken free,0.6944444444444444,0.25,0.05555555555555555,36,25,9,2,chicken,1536
control,l2,36,dry dog food grain free,0.027777777777777776,0.9722222222222222,0.0,36,1,35,0,grain,7777
control,l2,36,dry dog food no chicken,0.6111111111111112,0.25,0.1388888888888889,36,22,9,5,chicken,2481
control,l2,36,dry dog food without chicken,0.25,0.4444444444444444,0.3055555555555556,36,9,16,11,chicken,1892
control,l2,36,dry grain free cat food,0.0,1.0,0.0,36,0,36,0,grain,5998
control,l2,36,dry grain free dog food,0.16666666666666666,0.8333333333333334,0.0,36,6,30,0,grain,4159
control,l2,36,dust free cat litter,0.0,0.25,0.75,36,0,9,27,dust,68627
control,l2,36,dust free clumping cat litter,0.08333333333333333,0.08333333333333333,0.8333333333333334,36,3,3,30,dust,33448
control,l2,36,dust free clumping litter,0.1388888888888889,0.1111111111111111,0.75,36,5,4,27,dust,1145
control,l2,36,dust free litter,0.0,0.3888888888888889,0.6111111111111112,36,0,14,22,dust,8568
control,l2,36,dust free unscented clumping cat litter,0.0,0.16666666666666666,0.8333333333333334,36,0,6,30,dust,6504
control,l2,36,earth animal no hide,0.0,1.0,0.0,36,0,36,0,hide,7495
control,l2,36,earth animal no hide chews,0.0,1.0,0.0,36,0,36,0,hide,2188
control,l2,36,earth animal no hide chews large,0.0,1.0,0.0,36,0,36,0,hide,972
control,l2,36,earth animal no hide medium,0.0,1.0,0.0,36,0,36,0,hide,1153
control,l2,36,earth animal no hide rolls,0.0,1.0,0.0,36,0,36,0,hide,1258
control,l2,36,easy walk no pull harness,0.1111111111111111,0.5833333333333334,0.3055555555555556,36,4,21,11,pull,4342
control,l2,36,fancy feast grain free,0.3611111111111111,0.5277777777777778,0.1111111111111111,36,13,19,4,grain,2313
control,l2,36,fancy feast grain free pate,0.08333333333333333,0.4444444444444444,0.4722222222222222,36,3,16,17,grain,1036
control,l2,36,fancy feast grain free wet cat food,0.027777777777777776,0.2777777777777778,0.6944444444444444,36,1,10,25,grain,12994
control,l2,36,farmina grain free,0.4444444444444444,0.5,0.05555555555555555,36,16,18,2,grain,2750
control,l2,36,farmina grain free dog food,0.3333333333333333,0.4722222222222222,0.19444444444444445,36,12,17,7,grain,3081
control,l2,36,fat free dog treats,0.3888888888888889,0.05555555555555555,0.5555555555555556,36,14,2,20,fat,7786
control,l2,36,fish free cat food,0.8611111111111112,0.05555555555555555,0.08333333333333333,36,31,2,3,fish,1456
control,l2,36,fly mask without ears,0.75,0.19444444444444445,0.05555555555555555,36,27,7,2,ears,3567
control,l2,36,food grain free,0.027777777777777776,0.9722222222222222,0.0,36,1,35,0,grain,4785
control,l2,36,fragrance free cat litter,0.16666666666666666,0.75,0.08333333333333333,36,6,27,3,fragrance,8207
control,l2,36,fragrance free dog shampoo,0.3333333333333333,0.19444444444444445,0.4722222222222222,36,12,7,17,fragrance,3644
control,l2,36,freedom grain free cat food,0.08333333333333333,0.9166666666666666,0.0,36,3,33,0,grain,2773
control,l2,36,freedom grain free dog food,0.1111111111111111,0.8888888888888888,0.0,36,4,32,0,grain,8393
control,l2,36,freedom no pull harness,0.8888888888888888,0.1111111111111111,0.0,36,32,4,0,pull,17745
control,l2,36,fresh pet grain free,0.027777777777777776,0.9444444444444444,0.027777777777777776,36,1,34,1,grain,3969
control,l2,36,fresh pet grain free dog food,0.2777777777777778,0.6111111111111112,0.1111111111111111,36,10,22,4,grain,1711
control,l2,36,fresh step cat litter non clumping,0.4722222222222222,0.5277777777777778,0.0,36,17,19,0,non clumping,7310
control,l2,36,fresh step dust free,0.027777777777777776,0.3055555555555556,0.6666666666666666,36,1,11,24,dust,1279
control,l2,36,fresh step non clumping cat litter,0.4444444444444444,0.5277777777777778,0.027777777777777776,36,16,19,1,non clumping,30486
control,l2,36,frisco no pull harness,0.4722222222222222,0.5277777777777778,0.0,36,17,19,0,pull,1291
control,l2,36,frisco padded no pull dog harness,0.68,0.24,0.08,25,17,6,2,pull,1101
control,l2,36,frisco stuffing free,0.0,1.0,0.0,36,0,36,0,stuffing,2257
control,l2,36,fromm grain free,0.5555555555555556,0.4166666666666667,0.027777777777777776,36,20,15,1,grain,1032
control,l2,36,front clip no pull harness,0.5161290322580645,0.41935483870967744,0.06451612903225806,31,16,13,2,pull,1120
control,l2,36,gain free dog food,0.08333333333333333,0.9166666666666666,0.0,36,3,33,0,gain,977
control,l2,36,gluten free,0.1111111111111111,0.5833333333333334,0.3055555555555556,36,4,21,11,gluten,2039
control,l2,36,gluten free cat food,0.0,0.8611111111111112,0.1388888888888889,36,0,31,5,gluten,8910
control,l2,36,gluten free cat treats,0.0,0.3888888888888889,0.6111111111111112,36,0,14,22,gluten,1113
control,l2,36,gluten free dog food,0.16666666666666666,0.6944444444444444,0.1388888888888889,36,6,25,5,gluten,32569
control,l2,36,gluten free dog treats,0.027777777777777776,0.7777777777777778,0.19444444444444445,36,1,28,7,gluten,14910
control,l2,36,gluten free dry dog food,0.25,0.7222222222222222,0.027777777777777776,36,9,26,1,gluten,1196
control,l2,36,gluten free puppy food,0.3055555555555556,0.5833333333333334,0.1111111111111111,36,11,21,4,gluten,1459
control,l2,36,gluten free wet cat food,0.0,0.8333333333333334,0.16666666666666666,36,0,30,6,gluten,1955
control,l2,36,gluten free wet dog food,0.1388888888888889,0.7222222222222222,0.1388888888888889,36,5,26,5,gluten,1696
control,l2,36,gmo free dog food,0.0,0.8333333333333334,0.16666666666666666,36,0,30,6,gmo,7978
control,l2,36,good lovin no rawhide,0.4444444444444444,0.027777777777777776,0.5277777777777778,36,16,1,19,rawhide,1165
control,l2,36,grain and chicken free dog food,0.6944444444444444,0.3055555555555556,0.0,36,25,11,0,"grain, chicken",1316
control,l2,36,grain free,0.05555555555555555,0.9444444444444444,0.0,36,2,34,0,grain,27310
control,l2,36,grain free adult dog food,0.027777777777777776,0.9722222222222222,0.0,36,1,35,0,grain,6444
control,l2,36,grain free air dried dog food,0.0,0.9444444444444444,0.05555555555555555,36,0,34,2,grain,1151
control,l2,36,grain free beef dog food,0.0,1.0,0.0,36,0,36,0,grain,3945
control,l2,36,grain free beef dry dog food,0.08333333333333333,0.9166666666666666,0.0,36,3,33,0,grain,1022
control,l2,36,grain free biscuits,0.1388888888888889,0.8055555555555556,0.05555555555555555,36,5,29,2,grain,1010
control,l2,36,grain free blue buffalo dog food,0.2222222222222222,0.7777777777777778,0.0,36,8,28,0,grain,1932
control,l2,36,grain free canned cat food,0.0,0.9722222222222222,0.027777777777777776,36,0,35,1,grain,11102
control,l2,36,grain free canned dog food,0.0,1.0,0.0,36,0,36,0,grain,12390
control,l2,36,grain free cat,0.0,1.0,0.0,36,0,36,0,grain,6488
control,l2,36,grain free cat dry food,0.027777777777777776,0.9722222222222222,0.0,36,1,35,0,grain,2783
control,l2,36,grain free cat food,0.0,1.0,0.0,36,0,36,0,grain,76423
control,l2,36,grain free cat food dry,0.027777777777777776,0.9722222222222222,0.0,36,1,35,0,grain,14537
control,l2,36,grain free cat food wet,0.0,0.9166666666666666,0.08333333333333333,36,0,33,3,grain,11361
control,l2,36,grain free cat pate,0.0,1.0,0.0,36,0,36,0,grain,1210
control,l2,36,grain free cat treat,0.0,1.0,0.0,36,0,36,0,grain,6878
control,l2,36,grain free cat treats,0.0,1.0,0.0,36,0,36,0,grain,40628
control,l2,36,grain free cat wet food,0.0,0.9166666666666666,0.08333333333333333,36,0,33,3,grain,5735
control,l2,36,grain free chicken cat food,0.027777777777777776,0.9444444444444444,0.027777777777777776,36,1,34,1,grain,1128
control,l2,36,grain free chicken dog food,0.16666666666666666,0.8333333333333334,0.0,36,6,30,0,grain,1250
control,l2,36,grain free chicken dog treats,0.05555555555555555,0.9444444444444444,0.0,36,2,34,0,grain,1542
control,l2,36,grain free chicken free dog food,0.75,0.25,0.0,36,27,9,0,"grain, chicken",8785
control,l2,36,grain free chicken free dog treats,0.75,0.2222222222222222,0.027777777777777776,36,27,8,1,"grain, chicken",4078
control,l2,36,grain free chicken pate cat food,0.0,0.9444444444444444,0.05555555555555555,36,0,34,2,grain,1418
control,l2,36,grain free dental chews,0.0,0.9166666666666666,0.08333333333333333,36,0,33,3,grain,5153
control,l2,36,grain free diet dog food,0.027777777777777776,0.9722222222222222,0.0,36,1,35,0,grain,4566
control,l2,36,grain free dog,0.0,1.0,0.0,36,0,36,0,grain,7358
control,l2,36,grain free dog biscuits,0.0,0.9722222222222222,0.027777777777777776,36,0,35,1,grain,7074
control,l2,36,grain free dog bones,0.08333333333333333,0.6944444444444444,0.2222222222222222,36,3,25,8,grain,2681
control,l2,36,grain free dog chews,0.027777777777777776,0.8055555555555556,0.16666666666666666,36,1,29,6,grain,1598
control,l2,36,grain free dog food,0.0,1.0,0.0,36,0,36,0,grain,611730
control,l2,36,grain free dog food 40 lb bag,0.2222222222222222,0.7777777777777778,0.0,36,8,28,0,grain,4206
control,l2,36,grain free dog food 40lbs,0.1388888888888889,0.8611111111111112,0.0,36,5,31,0,grain,5458
control,l2,36,grain free dog food dry,0.027777777777777776,0.9722222222222222,0.0,36,1,35,0,grain,3723
control,l2,36,grain free dog food large breed,0.16666666666666666,0.8055555555555556,0.027777777777777776,36,6,29,1,grain,18579
control,l2,36,grain free dog food salmon,0.08333333333333333,0.9166666666666666,0.0,36,3,33,0,grain,1725
control,l2,36,grain free dog food small breed,0.027777777777777776,0.9722222222222222,0.0,36,1,35,0,grain,16175
control,l2,36,grain free dog food wet,0.0,0.9722222222222222,0.027777777777777776,36,0,35,1,grain,7838
control,l2,36,grain free dog kibble,0.0,1.0,0.0,36,0,36,0,grain,1556
control,l2,36,grain free dog training treats,0.0,0.8055555555555556,0.19444444444444445,36,0,29,7,grain,2820
control,l2,36,grain free dog treat,0.08333333333333333,0.9166666666666666,0.0,36,3,33,0,grain,10410
control,l2,36,grain free dog treats,0.05555555555555555,0.9444444444444444,0.0,36,2,34,0,grain,138329
control,l2,36,grain free dog treats for large dogs,0.1111111111111111,0.8055555555555556,0.08333333333333333,36,4,29,3,grain,997
control,l2,36,grain free dog treats for medium dogs,0.05555555555555555,0.8888888888888888,0.05555555555555555,36,2,32,2,grain,5358
control,l2,36,grain free dog treats small breed,0.08333333333333333,0.8888888888888888,0.027777777777777776,36,3,32,1,grain,4076
control,l2,36,grain free dog wet food,0.0,1.0,0.0,36,0,36,0,grain,1019
control,l2,36,grain free dogfood no probiotic,0.0,0.0,1.0,36,0,0,36,probiotic,982
control,l2,36,grain free dry,0.027777777777777776,0.9722222222222222,0.0,36,1,35,0,grain,4891
control,l2,36,grain free dry adult dog food,0.0,1.0,0.0,36,0,36,0,grain,1350
control,l2,36,grain free dry cat food,0.0,1.0,0.0,36,0,36,0,grain,197068
control,l2,36,grain free dry dog food,0.0,1.0,0.0,36,0,36,0,grain,56421
control,l2,36,grain free dry kitten food,0.25,0.75,0.0,36,9,27,0,grain,6226
control,l2,36,grain free duck dog food,0.08333333333333333,0.9166666666666666,0.0,36,3,33,0,grain,1431
control,l2,36,grain free fancy feast,0.2222222222222222,0.3888888888888889,0.3888888888888889,36,8,14,14,grain,1914
control,l2,36,grain free fish dog food,0.16666666666666666,0.8333333333333334,0.0,36,6,30,0,grain,2293
control,l2,36,grain free food,0.0,1.0,0.0,36,0,36,0,grain,1420
control,l2,36,grain free freeze dried dog food,0.05555555555555555,0.9444444444444444,0.0,36,2,34,0,grain,1795
control,l2,36,grain free fresh dog food,0.16666666666666666,0.6944444444444444,0.1388888888888889,36,6,25,5,grain,1289
control,l2,36,grain free fruit dog treats,0.1111111111111111,0.5833333333333334,0.3055555555555556,36,4,21,11,grain,1411
control,l2,36,grain free greenies,0.027777777777777776,0.08333333333333333,0.8888888888888888,36,1,3,32,grain,2564
control,l2,36,grain free high protein cat food,0.05555555555555555,0.9444444444444444,0.0,36,2,34,0,grain,2937
control,l2,36,grain free high protein dog food,0.2222222222222222,0.7777777777777778,0.0,36,8,28,0,grain,1843
control,l2,36,grain free high protein dry cat food,0.027777777777777776,0.9722222222222222,0.0,36,1,35,0,grain,1029
control,l2,36,grain free honest kitchen,0.6944444444444444,0.3055555555555556,0.0,36,25,11,0,grain,1122
control,l2,36,grain free jerky,0.027777777777777776,0.9722222222222222,0.0,36,1,35,0,grain,1571
control,l2,36,grain free kibble,0.0,1.0,0.0,36,0,36,0,grain,1409
control,l2,36,grain free kitten dry food,0.1111111111111111,0.8333333333333334,0.05555555555555555,36,4,30,2,grain,5861
control,l2,36,grain free kitten food,0.027777777777777776,0.9722222222222222,0.0,36,1,35,0,grain,16286
control,l2,36,grain free kitten wet food,0.027777777777777776,0.8888888888888888,0.08333333333333333,36,1,32,3,grain,4500
control,l2,36,grain free lamb dog food,0.05555555555555555,0.9444444444444444,0.0,36,2,34,0,grain,3771
control,l2,36,grain free large breed dog food,0.1111111111111111,0.8888888888888888,0.0,36,4,32,0,grain,2530
control,l2,36,grain free limited ingredient cat food,0.0,1.0,0.0,36,0,36,0,grain,1729
control,l2,36,grain free limited ingredient dog food,0.027777777777777776,0.9722222222222222,0.0,36,1,35,0,grain,3438
control,l2,36,grain free low fat dog food,0.3888888888888889,0.4166666666666667,0.19444444444444445,36,14,15,7,grain,2100
control,l2,36,grain free organic dog food,0.1111111111111111,0.8888888888888888,0.0,36,4,32,0,grain,1002
control,l2,36,grain free pate,0.0,1.0,0.0,36,0,36,0,grain,1578
control,l2,36,grain free pate cat food,0.0,1.0,0.0,36,0,36,0,grain,8858
control,l2,36,grain free peanut butter dog treats,0.08333333333333333,0.6388888888888888,0.2777777777777778,36,3,23,10,grain,1000
control,l2,36,grain free puppy,0.2222222222222222,0.75,0.027777777777777776,36,8,27,1,grain,1472
control,l2,36,grain free puppy food,0.3055555555555556,0.6944444444444444,0.0,36,11,25,0,grain,34872
control,l2,36,grain free puppy treats,0.19444444444444445,0.6388888888888888,0.16666666666666666,36,7,23,6,grain,1999
control,l2,36,grain free purina dog food,0.05555555555555555,0.9444444444444444,0.0,36,2,34,0,grain,1470
control,l2,36,grain free purina pro plan,0.6111111111111112,0.3611111111111111,0.027777777777777776,36,22,13,1,grain,1558
control,l2,36,grain free rabbit cat food,0.027777777777777776,0.9444444444444444,0.027777777777777776,36,1,34,1,grain,1266
control,l2,36,grain free rabbit food,0.2777777777777778,0.7222222222222222,0.0,36,10,26,0,grain,1121
control,l2,36,grain free salmon,0.08333333333333333,0.9166666666666666,0.0,36,3,33,0,grain,1422
control,l2,36,grain free salmon cat food,0.027777777777777776,0.9722222222222222,0.0,36,1,35,0,grain,1083
control,l2,36,grain free salmon dog food,0.1111111111111111,0.8888888888888888,0.0,36,4,32,0,grain,15202
control,l2,36,grain free salmon dry dog food,0.027777777777777776,0.9722222222222222,0.0,36,1,35,0,grain,2485
control,l2,36,grain free senior cat food,0.3055555555555556,0.6666666666666666,0.027777777777777776,36,11,24,1,grain,2261
control,l2,36,grain free senior dog food,0.25,0.6944444444444444,0.05555555555555555,36,9,25,2,grain,10021
control,l2,36,grain free sensitive stomach cat food,0.2777777777777778,0.5,0.2222222222222222,36,10,18,8,grain,1967
control,l2,36,grain free sensitive stomach dog food,0.027777777777777776,0.9166666666666666,0.05555555555555555,36,1,33,2,grain,1344
control,l2,36,grain free small breed,0.1388888888888889,0.8611111111111112,0.0,36,5,31,0,grain,1062
control,l2,36,grain free small breed dry dog food,0.027777777777777776,0.9722222222222222,0.0,36,1,35,0,grain,7815
control,l2,36,grain free small dog food,0.0,1.0,0.0,36,0,36,0,grain,1123
control,l2,36,grain free soft dog food,0.2222222222222222,0.7777777777777778,0.0,36,8,28,0,grain,1084
control,l2,36,grain free soft dog treats,0.08333333333333333,0.8611111111111112,0.05555555555555555,36,3,31,2,grain,2972
control,l2,36,grain free training treats,0.027777777777777776,0.75,0.2222222222222222,36,1,27,8,grain,997
control,l2,36,grain free training treats for dogs,0.027777777777777776,0.7777777777777778,0.19444444444444445,36,1,28,7,grain,2451
control,l2,36,grain free treats,0.08333333333333333,0.9166666666666666,0.0,36,3,33,0,grain,9238
control,l2,36,grain free treats for dogs,0.05555555555555555,0.9444444444444444,0.0,36,2,34,0,grain,12609
control,l2,36,grain free weight control dog food,0.3333333333333333,0.6111111111111112,0.05555555555555555,36,12,22,2,grain,970
control,l2,36,grain free weight management dog food,0.5555555555555556,0.4166666666666667,0.027777777777777776,36,20,15,1,grain,1758
control,l2,36,grain free wet,0.16666666666666666,0.8055555555555556,0.027777777777777776,36,6,29,1,grain,4438
control,l2,36,grain free wet cat food,0.0,0.9722222222222222,0.027777777777777776,36,0,35,1,grain,162972
control,l2,36,grain free wet cat food gravy,0.0,0.9722222222222222,0.027777777777777776,36,0,35,1,grain,2407
control,l2,36,grain free wet cat food in gravy,0.027777777777777776,0.9166666666666666,0.05555555555555555,36,1,33,2,grain,1303
control,l2,36,grain free wet cat food pate,0.0,1.0,0.0,36,0,36,0,grain,5664
control,l2,36,grain free wet dog food,0.027777777777777776,0.9722222222222222,0.0,36,1,35,0,grain,60526
control,l2,36,grain free wet food,0.05555555555555555,0.9444444444444444,0.0,36,2,34,0,grain,2504
control,l2,36,grain free wet food cat,0.0,0.9722222222222222,0.027777777777777776,36,0,35,1,grain,1388
control,l2,36,grain free wet kitten food,0.027777777777777776,0.9444444444444444,0.027777777777777776,36,1,34,1,grain,3865
control,l2,36,grain-free cat food,0.027777777777777776,0.9722222222222222,0.0,36,1,35,0,grain,11965
control,l2,36,grain-free cat food 5.5 oz,0.1388888888888889,0.8611111111111112,0.0,36,5,31,0,grain,1346
control,l2,36,grain-free cat treats,0.0,1.0,0.0,36,0,36,0,grain,4411
control,l2,36,grain-free dog food,0.0,1.0,0.0,36,0,36,0,grain,6389
control,l2,36,grain-free dry cat food,0.027777777777777776,0.9722222222222222,0.0,36,1,35,0,grain,2485
control,l2,36,grain-free dry dog food,0.0,1.0,0.0,36,0,36,0,grain,3951
control,l2,36,grain-free kitten food,0.05555555555555555,0.9444444444444444,0.0,36,2,34,0,grain,1368
control,l2,36,grain-free puppy food,0.2777777777777778,0.7222222222222222,0.0,36,10,26,0,grain,3839
control,l2,36,grainfree,0.0,1.0,0.0,36,0,36,0,grain,1016
control,l2,36,grainfree dog food,0.0,1.0,0.0,36,0,36,0,grain,8254
control,l2,36,grainfree dry,0.027777777777777776,0.9722222222222222,0.0,36,1,35,0,grain,4253
control,l2,36,grainfree dry cat food,0.027777777777777776,0.9722222222222222,0.0,36,1,35,0,grain,2854
control,l2,36,grainfree wet dog food,0.0,1.0,0.0,36,0,36,0,grain,1120
control,l2,36,greenies grain free,0.1388888888888889,0.19444444444444445,0.6666666666666666,36,5,7,24,grain,2143
control,l2,36,greenies grain free dental treats for dogs,0.25,0.05555555555555555,0.6944444444444444,36,9,2,25,grain,3043
control,l2,36,halti no pull harness,0.8055555555555556,0.19444444444444445,0.0,36,29,7,0,pull,16145
control,l2,36,halti nylon padded no pull dog headcollar,0.5333333333333333,0.43333333333333335,0.03333333333333333,30,16,13,1,pull,3333
control,l2,36,harness for large dog no pull,0.5277777777777778,0.4722222222222222,0.0,36,19,17,0,pull,21244
control,l2,36,harness for medium dog no pull,0.75,0.25,0.0,36,27,9,0,pull,3986
control,l2,36,harness for small dog no pull,0.4722222222222222,0.5277777777777778,0.0,36,17,19,0,pull,4085
control,l2,36,harness no pull,0.3055555555555556,0.6944444444444444,0.0,36,11,25,0,pull,8042
control,l2,36,hide free,0.9444444444444444,0.05555555555555555,0.0,36,34,2,0,hide,3326
control,l2,36,hide free chews,0.7777777777777778,0.2222222222222222,0.0,36,28,8,0,hide,2987
control,l2,36,hide free chicken recipe sticks,0.5833333333333334,0.4166666666666667,0.0,36,21,15,0,hide,4091
control,l2,36,hide free dog chews,0.8333333333333334,0.16666666666666666,0.0,36,30,6,0,hide,7175
control,l2,36,high protein grain free cat food,0.0,0.9722222222222222,0.027777777777777776,36,0,35,1,grain,2873
control,l2,36,high protein grain free dog food,0.0,1.0,0.0,36,0,36,0,grain,2240
control,l2,36,hills grain free,0.4444444444444444,0.5555555555555556,0.0,36,16,20,0,grain,1934
control,l2,36,hills grain free dog food,0.5555555555555556,0.4444444444444444,0.0,36,20,16,0,grain,1614
control,l2,36,hills grain free dog treats,0.19444444444444445,0.3611111111111111,0.4444444444444444,36,7,13,16,grain,1039
control,l2,36,hills grain free soft baked naturals,0.2777777777777778,0.5277777777777778,0.19444444444444445,36,10,19,7,grain,2698
control,l2,36,hills science diet grain free,0.9444444444444444,0.05555555555555555,0.0,36,34,2,0,grain,2229
control,l2,36,hills science diet no corn,0.027777777777777776,0.19444444444444445,0.7777777777777778,36,1,7,28,corn,1007
control,l2,36,hills science grain free,0.9166666666666666,0.08333333333333333,0.0,36,33,3,0,grain,1458
control,l2,36,honest kitchen beef grain free,0.5,0.4444444444444444,0.05555555555555555,36,18,16,2,grain,1152
control,l2,36,honest kitchen dehydrated dog food grain free,0.6111111111111112,0.3611111111111111,0.027777777777777776,36,22,13,1,grain,1269
control,l2,36,honest kitchen grain free,0.6666666666666666,0.3333333333333333,0.0,36,24,12,0,grain,3478
control,l2,36,honest kitchen grain free beef,0.4722222222222222,0.5,0.027777777777777776,36,17,18,1,grain,6296
control,l2,36,honest kitchen grain free dehydrated dog food,0.5277777777777778,0.4722222222222222,0.0,36,19,17,0,grain,1714
control,l2,36,honest kitchen grain free dog food,0.5,0.5,0.0,36,18,18,0,grain,4178
control,l2,36,horse fly mask without ears,0.6666666666666666,0.19444444444444445,0.1388888888888889,36,24,7,5,ears,5781
control,l2,36,iams grain free cat food,0.4166666666666667,0.5833333333333334,0.0,36,15,21,0,grain,2047
control,l2,36,instinct grain free,0.05555555555555555,0.9444444444444444,0.0,36,2,34,0,grain,1055
control,l2,36,instinct raw meals real beef recipe grain-free adult freeze-dried dog food 25-oz bag,0.3055555555555556,0.6388888888888888,0.05555555555555555,36,11,23,2,grain,1048
control,l2,36,iodine free cat food,0.0,0.027777777777777776,0.9722222222222222,36,0,1,35,iodine,3331
control,l2,36,jinx grain free,0.16666666666666666,0.6388888888888888,0.19444444444444445,36,6,23,7,grain,1000
control,l2,36,jinx grain free dog food,0.1111111111111111,0.5833333333333334,0.3055555555555556,36,4,21,11,grain,2938
control,l2,36,kaytee no mess,0.05555555555555555,0.7222222222222222,0.2222222222222222,36,2,26,8,mess,992
control,l2,36,kaytee no mess blend wild bird food,0.1111111111111111,0.5555555555555556,0.3333333333333333,36,4,20,12,mess,2512
control,l2,36,kaytee wild bird food no mess,0.08333333333333333,0.25,0.6666666666666666,36,3,9,24,mess,998
control,l2,36,kitten dry food grain free,0.19444444444444445,0.7777777777777778,0.027777777777777776,36,7,28,1,grain,10184
control,l2,36,kitten food grain free,0.1111111111111111,0.8611111111111112,0.027777777777777776,36,4,31,1,grain,6119
control,l2,36,kitten grain free,0.027777777777777776,0.9722222222222222,0.0,36,1,35,0,grain,2322
control,l2,36,kitten grain free wet food,0.0,0.9444444444444444,0.05555555555555555,36,0,34,2,grain,1749
control,l2,36,kitten wet food grain free,0.1111111111111111,0.8888888888888888,0.0,36,4,32,0,grain,7774
control,l2,36,kitten wet grain free food,0.08333333333333333,0.8333333333333334,0.08333333333333333,36,3,30,3,grain,993
control,l2,36,kitty litter non clumping,0.08333333333333333,0.9166666666666666,0.0,36,3,33,0,clumping,6396
control,l2,36,lamb grain free dog food,0.16666666666666666,0.8333333333333334,0.0,36,6,30,0,grain,2809
control,l2,36,large breed grain free dog food,0.19444444444444445,0.8055555555555556,0.0,36,7,29,0,grain,1263
control,l2,36,large breed puppy food grain free,0.5277777777777778,0.4722222222222222,0.0,36,19,17,0,grain,1963
control,l2,36,large breed puppy food no chicken,0.6944444444444444,0.0,0.3055555555555556,36,25,0,11,chicken,1134
control,l2,36,large dog bones rawhide free,0.2777777777777778,0.5555555555555556,0.16666666666666666,36,10,20,6,rawhide,6861
control,l2,36,large dog harness no pull,0.75,0.2222222222222222,0.027777777777777776,36,27,8,1,pull,8655
control,l2,36,legume free dog food,0.4722222222222222,0.027777777777777776,0.5,36,17,1,18,legume,7084
control,l2,36,lickable cat treats grain free,0.0,0.8055555555555556,0.19444444444444445,36,0,29,7,grain,1128
control,l2,36,licks pill free,1.0,0.0,0.0,36,36,0,0,pill,2506
control,l2,36,limited ingredient grain free dog food,0.08333333333333333,0.9166666666666666,0.0,36,3,33,0,grain,2088
control,l2,36,litter dust free,0.027777777777777776,0.3333333333333333,0.6388888888888888,36,1,12,23,dust,3928
control,l2,36,litter no dust,0.05555555555555555,0.25,0.6944444444444444,36,2,9,25,dust,2280
control,l2,36,litter non clumping,0.7222222222222222,0.25,0.027777777777777776,36,26,9,1,non clumping,4359
control,l2,36,low fat grain free dog food,1.0,0.0,0.0,36,36,0,0,"grain, fat",1870
control,l2,36,merrick grain free,0.1388888888888889,0.8333333333333334,0.027777777777777776,36,5,30,1,grain,4055
control,l2,36,merrick grain free dry dog food,0.3055555555555556,0.6944444444444444,0.0,36,11,25,0,grain,6428
control,l2,36,merrick lil plates grain free dog food,0.16666666666666666,0.8333333333333334,0.0,36,6,30,0,grain,3343
control,l2,36,merrick real texas beef + sweet potato recipe grain-free chicken-free adult dry dog food,0.0,1.0,0.0,2,0,2,0,"grain, chicken",1424
control,l2,36,mess free bird seed,0.08333333333333333,0.5833333333333334,0.3333333333333333,36,3,21,12,mess,1049
control,l2,36,mess free water bowl,0.027777777777777776,0.9166666666666666,0.05555555555555555,36,1,33,2,mess,4645
control,l2,36,natural farm odor-free bully sticks,0.16666666666666666,0.2777777777777778,0.5555555555555556,36,6,10,20,odor,4570
control,l2,36,nature's recipe grain free,0.19444444444444445,0.8055555555555556,0.0,36,7,29,0,grain,2587
control,l2,36,natures logic grain free,0.2777777777777778,0.5833333333333334,0.1388888888888889,36,10,21,5,grain,972
control,l2,36,natures recipe grain free,0.2777777777777778,0.7222222222222222,0.0,36,10,26,0,grain,6270
control,l2,36,natures recipe grain free dog food,0.19444444444444445,0.8055555555555556,0.0,36,7,29,0,grain,5311
control,l2,36,natures recipe grain free dry dog food,0.3611111111111111,0.6388888888888888,0.0,36,13,23,0,grain,12075
control,l2,36,natures recipe grain free wet dog food,0.25,0.6666666666666666,0.08333333333333333,36,9,24,3,grain,1012
control,l2,36,no bark,0.8888888888888888,0.1111111111111111,0.0,36,32,4,0,bark,10077
control,l2,36,no bark collar,0.0,1.0,0.0,36,0,36,0,pull,20454
control,l2,36,no bark collars,1.0,0.0,0.0,36,36,0,0,no bark,7969
control,l2,36,no cat pee,0.3333333333333333,0.6666666666666666,0.0,36,12,24,0,cat pee,1215
control,l2,36,no chew,0.8611111111111112,0.1388888888888889,0.0,36,31,5,0,chew,7596
control,l2,36,no chew dog bed,0.1388888888888889,0.8333333333333334,0.027777777777777776,36,5,30,1,chew,3301
control,l2,36,no chew spray for cats,0.2777777777777778,0.6944444444444444,0.027777777777777776,36,10,25,1,chew,4073
control,l2,36,no chew spray for dogs,0.1388888888888889,0.8611111111111112,0.0,36,5,31,0,chew,35353
control,l2,36,no chicken,0.5555555555555556,0.3333333333333333,0.1111111111111111,36,20,12,4,chicken,2318
control,l2,36,no chicken cat food,0.8333333333333334,0.1111111111111111,0.05555555555555555,36,30,4,2,chicken,4707
control,l2,36,no chicken dog food,0.4166666666666667,0.4444444444444444,0.1388888888888889,36,15,16,5,chicken,32850
control,l2,36,no chicken dog treats,0.7222222222222222,0.19444444444444445,0.08333333333333333,36,26,7,3,chicken,4769
control,l2,36,no chicken dry dog food,0.4722222222222222,0.3888888888888889,0.1388888888888889,36,17,14,5,chicken,1204
control,l2,36,no chicken puppy food,1.0,0.0,0.0,36,36,0,0,chicken,2040
control,l2,36,no chicken treats,0.8333333333333334,0.1388888888888889,0.027777777777777776,36,30,5,1,chicken,2185
control,l2,36,no chicken wet dog food,0.9166666666666666,0.08333333333333333,0.0,36,33,3,0,chicken,5034
control,l2,36,no clump litter,0.7777777777777778,0.2222222222222222,0.0,36,28,8,0,clump,3211
control,l2,36,no corn dog food,0.027777777777777776,0.8333333333333334,0.1388888888888889,36,1,30,5,corn,2939
control,l2,36,no dust cat litter,0.05555555555555555,0.2777777777777778,0.6666666666666666,36,2,10,24,dust,9502
control,l2,36,no dust clumping cat litter,0.08333333333333333,0.1111111111111111,0.8055555555555556,36,3,4,29,dust,6710
control,l2,36,no dust litter,0.027777777777777776,0.3333333333333333,0.6388888888888888,36,1,12,23,dust,2340
control,l2,36,no eat poop,0.6111111111111112,0.3888888888888889,0.0,36,22,14,0,poop,2705
control,l2,36,no escape dog harness,0.2222222222222222,0.7777777777777778,0.0,36,8,28,0,pull,11770
control,l2,36,no escape harness,0.25,0.7222222222222222,0.027777777777777776,36,9,26,1,pull,3530
control,l2,36,no fat dog treats,0.08333333333333333,0.5555555555555556,0.3611111111111111,36,3,20,13,fat,2796
control,l2,36,no flap ear wrap,0.0,1.0,0.0,36,0,36,0,pull,18080
control,l2,36,no grain cat food,0.1388888888888889,0.8055555555555556,0.05555555555555555,36,5,29,2,grain,5782
control,l2,36,no grain dog food,0.19444444444444445,0.8055555555555556,0.0,36,7,29,0,grain,15780
control,l2,36,no grain dog treats,0.0,0.9444444444444444,0.05555555555555555,36,0,34,2,grain,1637
control,l2,36,no grain dry cat food,0.05555555555555555,0.9444444444444444,0.0,36,2,34,0,grain,3032
control,l2,36,no grain wet cat food,0.0,0.9722222222222222,0.027777777777777776,36,0,35,1,grain,4489
control,l2,36,no grow bird seed,0.027777777777777776,0.3055555555555556,0.6666666666666666,36,1,11,24,grow,2780
control,l2,36,no hide,0.08333333333333333,0.9166666666666666,0.0,36,3,33,0,hide,67837
control,l2,36,no hide bone,0.2222222222222222,0.75,0.027777777777777776,36,8,27,1,hide,1796
control,l2,36,no hide bones,0.2222222222222222,0.75,0.027777777777777776,36,8,27,1,hide,13773
control,l2,36,no hide chew,0.0,1.0,0.0,36,0,36,0,hide,1036
control,l2,36,no hide chews,0.027777777777777776,0.9722222222222222,0.0,36,1,35,0,hide,147107
control,l2,36,no hide chews earth animal,0.0,1.0,0.0,36,0,36,0,hide,70100
control,l2,36,no hide chews large,0.2222222222222222,0.7777777777777778,0.0,36,8,28,0,hide,3727
control,l2,36,no hide chews medium,0.08333333333333333,0.9166666666666666,0.0,36,3,33,0,hide,1253
control,l2,36,no hide chews small,0.2777777777777778,0.7222222222222222,0.0,36,10,26,0,hide,1325
control,l2,36,no hide dog chews,0.19444444444444445,0.8055555555555556,0.0,36,7,29,0,hide,4859
control,l2,36,no hide dog chews 4 inch,0.5277777777777778,0.4722222222222222,0.0,36,19,17,0,hide,1845
control,l2,36,no hide dog chews medium,0.2222222222222222,0.7777777777777778,0.0,36,8,28,0,hide,2123
control,l2,36,no hide dog chews small,0.4444444444444444,0.5555555555555556,0.0,36,16,20,0,hide,2663
control,l2,36,no hide large,0.4444444444444444,0.5555555555555556,0.0,36,16,20,0,hide,3009
control,l2,36,no hide large rolls,0.16666666666666666,0.7777777777777778,0.05555555555555555,36,6,28,2,hide,1346
control,l2,36,no hide medium,0.16666666666666666,0.8333333333333334,0.0,36,6,30,0,hide,1886
control,l2,36,no hide medium rolls,0.0,1.0,0.0,36,0,36,0,hide,2357
control,l2,36,no hide peanut butter,0.25,0.75,0.0,36,9,27,0,hide,1187
control,l2,36,no hide pumpkin,0.3333333333333333,0.6666666666666666,0.0,36,12,24,0,hide,1310
control,l2,36,no hide raw hide,0.5833333333333334,0.4166666666666667,0.0,36,21,15,0,rawhide,2210
control,l2,36,no hide rawhide,0.8333333333333334,0.1388888888888889,0.027777777777777776,36,30,5,1,rawhide,2269
control,l2,36,no hide rolls,0.1111111111111111,0.8888888888888888,0.0,36,4,32,0,hide,1612
control,l2,36,no hide salmon,0.16666666666666666,0.8333333333333334,0.0,36,6,30,0,hide,2174
control,l2,36,no hide small rolls,0.2222222222222222,0.7777777777777778,0.0,36,8,28,0,hide,1257
control,l2,36,no hide sticks,0.1388888888888889,0.8611111111111112,0.0,36,5,31,0,hide,2520
control,l2,36,no hide stix,0.2777777777777778,0.7222222222222222,0.0,36,10,26,0,hide,7433
control,l2,36,no hide strips,0.0,1.0,0.0,36,0,36,0,hide,3815
control,l2,36,no hide venison,0.1111111111111111,0.8055555555555556,0.08333333333333333,36,4,29,3,hide,1136
control,l2,36,no hides,0.1111111111111111,0.8611111111111112,0.027777777777777776,36,4,31,1,hides,2331
control,l2,36,no holes,0.1875,0.78125,0.03125,32,6,25,1,holes,2104
control,l2,36,no lick,0.9444444444444444,0.05555555555555555,0.0,36,34,2,0,lick,1801
control,l2,36,no melt suet,0.5,0.2222222222222222,0.2777777777777778,36,18,8,10,no melt,2781
control,l2,36,no melt suet cakes for birds,0.0,0.3055555555555556,0.6944444444444444,36,0,11,25,melt,3006
control,l2,36,no melt suet cakes for wild birds,0.0,0.3333333333333333,0.6666666666666666,36,0,12,24,melt,1040
control,l2,36,no mess bird feeder,0.05555555555555555,0.5833333333333334,0.3611111111111111,36,2,21,13,mess,2078
control,l2,36,no mess bird food,0.0,0.5277777777777778,0.4722222222222222,36,0,19,17,mess,1778
control,l2,36,no mess bird seed,0.027777777777777776,0.5277777777777778,0.4444444444444444,36,1,19,16,mess,10066
control,l2,36,no mess water bowl,0.027777777777777776,0.9166666666666666,0.05555555555555555,36,1,33,2,mess,4197
control,l2,36,no mess wild bird food,0.0,0.5555555555555556,0.4444444444444444,36,0,20,16,mess,2594
control,l2,36,no mess wild bird seed,0.0,0.5,0.5,36,0,18,18,mess,22655
control,l2,36,no millet bird seed,0.3888888888888889,0.027777777777777776,0.5833333333333334,36,14,1,21,millet,1078
control,l2,36,no odor bully sticks,0.05555555555555555,0.8888888888888888,0.05555555555555555,36,2,32,2,odor,4474
control,l2,36,no pee,0.9444444444444444,0.05555555555555555,0.0,36,34,2,0,pee,2549
control,l2,36,no poo,0.5555555555555556,0.4444444444444444,0.0,36,20,16,0,poo,5242
control,l2,36,no poo chews,0.25,0.75,0.0,36,9,27,0,poo,3342
control,l2,36,no poo chews for dogs,0.5277777777777778,0.4722222222222222,0.0,36,19,17,0,poo,4691
control,l2,36,no poop,0.7222222222222222,0.2777777777777778,0.0,36,26,10,0,poop,3632
control,l2,36,no poop chews,0.4444444444444444,0.5555555555555556,0.0,36,16,20,0,poop,31892
control,l2,36,no poop eating,0.3611111111111111,0.5833333333333334,0.05555555555555555,36,13,21,2,poop eating,16984
control,l2,36,no poultry dog food,0.6111111111111112,0.2222222222222222,0.16666666666666666,36,22,8,6,poultry,1345
control,l2,36,no pull,0.08333333333333333,0.9166666666666666,0.0,36,3,33,0,pull,9044
control,l2,36,no pull collar,0.6666666666666666,0.3055555555555556,0.027777777777777776,36,24,11,1,pull,20932
control,l2,36,no pull collar for dogs,0.25,0.7222222222222222,0.027777777777777776,36,9,26,1,pull,3540
control,l2,36,no pull collars,0.5,0.5,0.0,36,18,18,0,pull,1721
control,l2,36,no pull dog collar,0.3888888888888889,0.5833333333333334,0.027777777777777776,36,14,21,1,pull,5502
control,l2,36,no pull dog harness,0.16666666666666666,0.8333333333333334,0.0,36,6,30,0,pull,32134
control,l2,36,no pull dog harnesses,0.1388888888888889,0.8611111111111112,0.0,36,5,31,0,pull,211607
control,l2,36,no pull dog leash,0.19444444444444445,0.8055555555555556,0.0,36,7,29,0,pull,4200
control,l2,36,no pull harness,0.19444444444444445,0.8055555555555556,0.0,36,7,29,0,pull,54525
control,l2,36,no pull harness for dogs,0.05555555555555555,0.9444444444444444,0.0,36,2,34,0,pull,114468
control,l2,36,no pull harness for large dog,0.05555555555555555,0.9444444444444444,0.0,36,2,34,0,pull,1918
control,l2,36,no pull harness for large dogs,0.08333333333333333,0.9166666666666666,0.0,36,3,33,0,pull,24205
control,l2,36,no pull harness for medium dog,0.1111111111111111,0.8888888888888888,0.0,36,4,32,0,pull,8720
control,l2,36,no pull harness for small dog,0.08333333333333333,0.9166666666666666,0.0,36,3,33,0,pull,13902
control,l2,36,no pull harnesses,0.2777777777777778,0.7222222222222222,0.0,36,10,26,0,pull,1272
control,l2,36,no pull head collar,0.6388888888888888,0.3333333333333333,0.027777777777777776,36,23,12,1,pull,2574
control,l2,36,no pull leash,0.3055555555555556,0.6944444444444444,0.0,36,11,25,0,pull,21703
control,l2,36,no pull training collar,0.6944444444444444,0.2777777777777778,0.027777777777777776,36,25,10,1,pull,1134
control,l2,36,no rawhide,0.5833333333333334,0.4166666666666667,0.0,36,21,15,0,rawhide,2332
control,l2,36,no rawhide bones,0.7777777777777778,0.19444444444444445,0.027777777777777776,36,28,7,1,rawhide,12951
control,l2,36,no rawhide chews,0.3055555555555556,0.6944444444444444,0.0,36,11,25,0,rawhide,2715
control,l2,36,no rawhide dog chews,0.3888888888888889,0.6111111111111112,0.0,36,14,22,0,rawhide,35562
control,l2,36,no rawhide treats,0.5277777777777778,0.4722222222222222,0.0,36,19,17,0,rawhide,4068
control,l2,36,no scoot for dogs,0.5555555555555556,0.4166666666666667,0.027777777777777776,36,20,15,1,scoot,25922
control,l2,36,no scratch,1.0,0.0,0.0,36,36,0,0,scratch,3930
control,l2,36,no scratch spray,0.4722222222222222,0.5,0.027777777777777776,36,17,18,1,scratch,7315
control,l2,36,no scratch spray for cats,0.3888888888888889,0.5833333333333334,0.027777777777777776,36,14,21,1,scratch,1019
control,l2,36,no shock bark collar,0.5277777777777778,0.1111111111111111,0.3611111111111111,36,19,4,13,shock,12886
control,l2,36,no shock collar,0.75,0.16666666666666666,0.08333333333333333,36,27,6,3,shock,1007
control,l2,36,no shock dog collar,0.8333333333333334,0.08333333333333333,0.08333333333333333,36,30,3,3,shock,1356
control,l2,36,no shock training collar,0.6666666666666666,0.16666666666666666,0.16666666666666666,36,24,6,6,shock,7048
control,l2,36,no slip collar,0.19444444444444445,0.8055555555555556,0.0,36,7,29,0,pull,1199
control,l2,36,no slip dog collar,0.4444444444444444,0.5277777777777778,0.027777777777777776,36,16,19,1,pull,2153
control,l2,36,no slip dog socks,0.0,1.0,0.0,36,0,36,0,pull,3399
control,l2,36,no slip harness,0.8611111111111112,0.1388888888888889,0.0,36,31,5,0,pull,2053
control,l2,36,no spill dog bowl,0.3611111111111111,0.6111111111111112,0.027777777777777776,36,13,22,1,spill,4573
control,l2,36,no spill dog water bowl,0.1388888888888889,0.8333333333333334,0.027777777777777776,36,5,30,1,spill,28061
control,l2,36,no spill water bowl,0.2777777777777778,0.6666666666666666,0.05555555555555555,36,10,24,2,spill,30994
control,l2,36,no splash water bowl,0.0,0.9722222222222222,0.027777777777777776,36,0,35,1,pull,3317
control,l2,36,no spray cat,1.0,0.0,0.0,36,36,0,0,spray,2497
control,l2,36,no squeak dog toy,0.6388888888888888,0.3055555555555556,0.05555555555555555,36,23,11,2,squeak,990
control,l2,36,no squeak dog toys,0.6944444444444444,0.16666666666666666,0.1388888888888889,36,25,6,5,squeak,40129
control,l2,36,no squirrel bird seed,0.3333333333333333,0.5833333333333334,0.08333333333333333,36,12,21,3,squirrel,5398
control,l2,36,no stuffing,0.05555555555555555,0.9444444444444444,0.0,36,2,34,0,stuffing,2020
control,l2,36,no stuffing dog toy,0.05555555555555555,0.9166666666666666,0.027777777777777776,36,2,33,1,stuffing,8094
control,l2,36,no stuffing dog toys,0.027777777777777776,0.9444444444444444,0.027777777777777776,36,1,34,1,stuffing,97772
control,l2,36,no stuffing toy,0.027777777777777776,0.9444444444444444,0.027777777777777776,36,1,34,1,stuffing,3277
control,l2,36,no stuffing toys,0.0,0.9722222222222222,0.027777777777777776,36,0,35,1,stuffing,5673
control,l2,36,no sugar dog treats,0.027777777777777776,0.0,0.9722222222222222,36,1,0,35,sugar,1361
control,l2,36,no sugar horse treats,0.2222222222222222,0.25,0.5277777777777778,36,8,9,19,sugar,1315
control,l2,36,no tangle leash,0.1388888888888889,0.8333333333333334,0.027777777777777776,36,5,30,1,pull,1186
control,l2,36,no tip dog bowl,0.0,1.0,0.0,36,0,36,0,pull,1033
control,l2,36,no tip water bowl,0.0,0.8055555555555556,0.19444444444444445,36,0,29,7,tip,6005
control,l2,36,no toot,0.25806451612903225,0.6774193548387096,0.06451612903225806,31,8,21,2,toot,1991
control,l2,36,no track cat litter,0.3055555555555556,0.19444444444444445,0.5,36,11,7,18,track,1419
control,l2,36,no tracking cat litter,0.3333333333333333,0.1388888888888889,0.5277777777777778,36,12,5,19,tracking,13088
control,l2,36,no tracking litter,0.3333333333333333,0.2777777777777778,0.3888888888888889,36,12,10,14,tracking,1397
control,l2,36,no waste bird food,0.027777777777777776,0.8333333333333334,0.1388888888888889,36,1,30,5,waste,2152
control,l2,36,no waste bird seed,0.0,0.75,0.25,36,0,27,9,waste,9270
control,l2,36,no waste wild bird food,0.08333333333333333,0.7222222222222222,0.19444444444444445,36,3,26,7,waste,2693
control,l2,36,no waste wild bird seed,0.05555555555555555,0.6944444444444444,0.25,36,2,25,9,waste,24563
control,l2,36,no zip stroller,0.05555555555555555,0.3888888888888889,0.5555555555555556,36,2,14,20,zip,1518
control,l2,36,non absorbent cat litter,0.5,0.4444444444444444,0.05555555555555555,36,18,16,2,non absorbent,1507
control,l2,36,non chew dog bed,0.08333333333333333,0.8611111111111112,0.05555555555555555,36,3,31,2,chew,995
control,l2,36,non chicken dog food,0.25,0.4166666666666667,0.3333333333333333,36,9,15,12,chicken,3858
control,l2,36,non chicken dog treats,0.2222222222222222,0.4444444444444444,0.3333333333333333,36,8,16,12,chicken,1718
control,l2,36,non clay cat litter,0.2222222222222222,0.7777777777777778,0.0,36,8,28,0,clay,5979
control,l2,36,non clay litter,0.3611111111111111,0.5833333333333334,0.05555555555555555,36,13,21,2,clay,2271
control,l2,36,non clumping,0.1111111111111111,0.8888888888888888,0.0,36,4,32,0,clumping,1334
control,l2,36,non clumping cat litter,0.8333333333333334,0.16666666666666666,0.0,36,30,6,0,non clumping,121355
control,l2,36,non clumping kitty litter,0.8333333333333334,0.1388888888888889,0.027777777777777776,36,30,5,1,non clumping,1510
control,l2,36,non clumping unscented cat litter,0.7777777777777778,0.19444444444444445,0.027777777777777776,36,28,7,1,"non clumping unscented cat litter

the user is actually looking for cat litter",11479
control,l2,36,non gmo,0.0,1.0,0.0,36,0,36,0,gmo,1156
control,l2,36,non gmo cat food,0.0,0.5,0.5,36,0,18,18,gmo,2288
control,l2,36,non gmo chicken feed,0.0,0.9444444444444444,0.05555555555555555,36,0,34,2,gmo,16510
control,l2,36,non gmo dog food,0.0,0.9722222222222222,0.027777777777777776,36,0,35,1,gmo,11060
control,l2,36,non gmo dog treats,0.6944444444444444,0.16666666666666666,0.1388888888888889,36,25,6,5,non gmo,994
control,l2,36,non gmo wet dog food,0.08333333333333333,0.6666666666666666,0.25,36,3,24,9,gmo,1029
control,l2,36,non grain dog food,0.3888888888888889,0.6111111111111112,0.0,36,14,22,0,grain,1089
control,l2,36,non kibble dog food,1.0,0.0,0.0,36,36,0,0,kibble,1761
control,l2,36,non prescription flea medicine,0.2222222222222222,0.6666666666666666,0.1111111111111111,36,8,24,4,non prescription,1077
control,l2,36,non prescription flea meds,0.3333333333333333,0.5833333333333334,0.08333333333333333,36,12,21,3,non prescription,1229
control,l2,36,non prescription pain meds for dogs,0.2222222222222222,0.7222222222222222,0.05555555555555555,36,8,26,2,prescription,3980
control,l2,36,non pull harness,0.3611111111111111,0.6388888888888888,0.0,36,13,23,0,pull,5327
control,l2,36,non raw hide,0.6944444444444444,0.2777777777777778,0.027777777777777776,36,25,10,1,rawhide,1225
control,l2,36,non rawhide,0.3888888888888889,0.6111111111111112,0.0,36,14,22,0,rawhide,1020
control,l2,36,non rawhide bones,0.4166666666666667,0.5,0.08333333333333333,36,15,18,3,rawhide,18977
control,l2,36,non rawhide chews,0.05555555555555555,0.9166666666666666,0.027777777777777776,36,2,33,1,rawhide,10766
control,l2,36,non rawhide dog chews,0.16666666666666666,0.8055555555555556,0.027777777777777776,36,6,29,1,rawhide,70094
control,l2,36,non rawhide dog treats,0.25,0.6944444444444444,0.05555555555555555,36,9,25,2,rawhide,2882
control,l2,36,non scented litter,0.4444444444444444,0.5,0.05555555555555555,36,16,18,2,scented,1755
control,l2,36,non squeaky dog toys,0.8611111111111112,0.0,0.1388888888888889,36,31,0,5,squeaky,17562
control,l2,36,non stuffed dog toys,0.2222222222222222,0.75,0.027777777777777776,36,8,27,1,stuffed,6207
control,l2,36,non tip water bowl,0.0,0.9444444444444444,0.05555555555555555,36,0,34,2,tip,6861
control,l2,36,non toxic cat litter,0.0,1.0,0.0,36,0,36,0,toxic,1267
control,l2,36,non tracking cat litter,0.1388888888888889,0.5833333333333334,0.2777777777777778,36,5,21,10,tracking,18311
control,l2,36,non tracking litter,0.19444444444444445,0.5833333333333334,0.2222222222222222,36,7,21,8,tracking,3003
control,l2,36,non-gmo dog food,0.0,0.9722222222222222,0.027777777777777776,36,0,35,1,gmo,3007
control,l2,36,nulo grain free,0.19444444444444445,0.8055555555555556,0.0,36,7,29,0,grain,4152
control,l2,36,nutrish dog food grain free,0.4722222222222222,0.3611111111111111,0.16666666666666666,36,17,13,6,grain,1003
control,l2,36,nutrish grain free dog food,0.5,0.3888888888888889,0.1111111111111111,36,18,14,4,grain,4382
control,l2,36,nutro grain free,0.25,0.75,0.0,36,9,27,0,grain,2591
control,l2,36,nutro grain free dog food,0.4444444444444444,0.5555555555555556,0.0,36,16,20,0,grain,4841
control,l2,36,odor free bully stick,0.1111111111111111,0.8611111111111112,0.027777777777777776,36,4,31,1,odor,1494
control,l2,36,odor free bully sticks,0.08333333333333333,0.8611111111111112,0.05555555555555555,36,3,31,2,odor,9025
control,l2,36,odor free bully sticks for dogs,0.08333333333333333,0.9166666666666666,0.0,36,3,33,0,odor,27702
control,l2,36,open farm grain free,0.3888888888888889,0.5833333333333334,0.027777777777777776,36,14,21,1,grain,1704
control,l2,36,open farm grain free dog food,0.3055555555555556,0.6944444444444444,0.0,36,11,25,0,grain,2175
control,l2,36,organic chicken feed soy free,0.0,0.5833333333333334,0.4166666666666667,36,0,21,15,soy,1525
control,l2,36,organic grain free cat treats,0.027777777777777776,0.6111111111111112,0.3611111111111111,36,1,22,13,grain,2085
control,l2,36,organic non gmo chicken feed,0.6388888888888888,0.1111111111111111,0.25,36,23,4,9,non gmo,1154
control,l2,36,organic soy free chicken feed,0.027777777777777776,0.6111111111111112,0.3611111111111111,36,1,22,13,soy,2338
control,l2,36,origin grain free dog,0.5,0.5,0.0,36,18,18,0,grain,5901
control,l2,36,origin grain free puppy,0.4722222222222222,0.5277777777777778,0.0,36,17,19,0,grain,3607
control,l2,36,orijen grain free,0.19444444444444445,0.8055555555555556,0.0,36,7,29,0,grain,1665
control,l2,36,orijen grain free cat,0.027777777777777776,0.8333333333333334,0.1388888888888889,36,1,30,5,grain,1533
control,l2,36,orijen grain free dog,0.3055555555555556,0.6666666666666666,0.027777777777777776,36,11,24,1,grain,2373
control,l2,36,orijen grain free dog food,0.3333333333333333,0.6666666666666666,0.0,36,12,24,0,grain,2503
control,l2,36,orijen grain free puppy,0.5555555555555556,0.3888888888888889,0.05555555555555555,36,20,14,2,grain,2493
control,l2,36,orijen grain free treats,0.19444444444444445,0.7777777777777778,0.027777777777777776,36,7,28,1,grain,1785
control,l2,36,pate grain free cat food,0.0,1.0,0.0,36,0,36,0,grain,1105
control,l2,36,pea free dog food,0.3888888888888889,0.05555555555555555,0.5555555555555556,36,14,2,20,pea,5939
control,l2,36,pet safe easy walk no pull harness,0.6842105263157895,0.15789473684210525,0.15789473684210525,19,13,3,3,pull,1953
control,l2,36,pigeon feed no corn,0.4444444444444444,0.08333333333333333,0.4722222222222222,36,16,3,17,corn,3687
control,l2,36,pigeon food no corn,0.3888888888888889,0.08333333333333333,0.5277777777777778,36,14,3,19,corn,1756
control,l2,36,pork chomps rawhide free,0.0,1.0,0.0,36,0,36,0,rawhide,129324
control,l2,36,pork chomps rawhide free dog bones,0.0,1.0,0.0,36,0,36,0,rawhide,3737
control,l2,36,poultry free,0.6388888888888888,0.1388888888888889,0.2222222222222222,36,23,5,8,poultry,2348
control,l2,36,poultry free cat food,0.7222222222222222,0.08333333333333333,0.19444444444444445,36,26,3,7,poultry,1975
control,l2,36,poultry free dog food,0.4722222222222222,0.3055555555555556,0.2222222222222222,36,17,11,8,poultry,17789
control,l2,36,poultry free dog treats,0.6666666666666666,0.08333333333333333,0.25,36,24,3,9,poultry,1753
control,l2,36,poultry free wet dog food,0.7777777777777778,0.05555555555555555,0.16666666666666666,36,28,2,6,poultry,1701
control,l2,36,pro plan grain free,0.6111111111111112,0.3611111111111111,0.027777777777777776,36,22,13,1,grain,1681
control,l2,36,protein free dog treats,0.9444444444444444,0.027777777777777776,0.027777777777777776,36,34,1,1,protein,5096
control,l2,36,puppy food chicken free,0.9166666666666666,0.0,0.08333333333333333,36,33,0,3,chicken,1032
control,l2,36,puppy food grain free,0.3611111111111111,0.6388888888888888,0.0,36,13,23,0,grain,7002
control,l2,36,puppy food no chicken,1.0,0.0,0.0,36,36,0,0,chicken,2518
control,l2,36,puppy food with no chicken,0.9722222222222222,0.0,0.027777777777777776,36,35,0,1,chicken,1040
control,l2,36,puppy food without chicken,0.9722222222222222,0.0,0.027777777777777776,36,35,0,1,chicken,1606
control,l2,36,puppy grain free,0.2222222222222222,0.75,0.027777777777777776,36,8,27,1,grain,1298
control,l2,36,puppy grain free food,0.19444444444444445,0.8055555555555556,0.0,36,7,29,0,grain,1140
control,l2,36,pure balance grain free,0.4444444444444444,0.5555555555555556,0.0,36,16,20,0,grain,11504
control,l2,36,purina beneful grain free,0.7222222222222222,0.027777777777777776,0.25,36,26,1,9,grain,1945
control,l2,36,purina beyond grain free cat food,0.4444444444444444,0.5,0.05555555555555555,36,16,18,2,grain,8992
control,l2,36,purina beyond grain free dog food,0.4166666666666667,0.5555555555555556,0.027777777777777776,36,15,20,1,grain,3884
control,l2,36,purina beyond grain free dry cat food,0.5,0.4722222222222222,0.027777777777777776,36,18,17,1,grain,2080
control,l2,36,purina cat food grain free,0.5833333333333334,0.3888888888888889,0.027777777777777776,36,21,14,1,grain,5440
control,l2,36,purina cat grain free,0.4166666666666667,0.5277777777777778,0.05555555555555555,36,15,19,2,grain,1273
control,l2,36,purina grain free,0.1388888888888889,0.8611111111111112,0.0,36,5,31,0,grain,8189
control,l2,36,purina grain free cat food,0.16666666666666666,0.8333333333333334,0.0,36,6,30,0,grain,2326
control,l2,36,purina grain free dog food,0.08333333333333333,0.9166666666666666,0.0,36,3,33,0,grain,3037
control,l2,36,purina grain free dry cat food,0.3611111111111111,0.6111111111111112,0.027777777777777776,36,13,22,1,grain,19168
control,l2,36,purina grain free dry dog food,0.3055555555555556,0.6944444444444444,0.0,36,11,25,0,grain,8138
control,l2,36,purina grain free wet cat food,0.027777777777777776,0.7777777777777778,0.19444444444444445,36,1,28,7,grain,7458
control,l2,36,purina grain free wet dog food,0.3055555555555556,0.6944444444444444,0.0,36,11,25,0,grain,2342
control,l2,36,purina one grain free,0.5555555555555556,0.4166666666666667,0.027777777777777776,36,20,15,1,grain,4066
control,l2,36,purina one grain free cat food,0.5555555555555556,0.2777777777777778,0.16666666666666666,36,20,10,6,grain,1649
control,l2,36,purina one grain free dog food,0.75,0.2222222222222222,0.027777777777777776,36,27,8,1,grain,5270
control,l2,36,purina one grain free dry cat food,0.5833333333333334,0.3611111111111111,0.05555555555555555,36,21,13,2,grain,5886
control,l2,36,purina one grain free wet cat food,0.2777777777777778,0.5,0.2222222222222222,36,10,18,8,grain,17042
control,l2,36,purina one wet cat food grain free,0.2777777777777778,0.5555555555555556,0.16666666666666666,36,10,20,6,grain,1114
control,l2,36,purina pro plan for cats grain free,0.5277777777777778,0.25,0.2222222222222222,36,19,9,8,grain,1589
control,l2,36,purina pro plan for dogs grain free,0.5555555555555556,0.3333333333333333,0.1111111111111111,36,20,12,4,grain,975
control,l2,36,purina pro plan grain free,0.7777777777777778,0.19444444444444445,0.027777777777777776,36,28,7,1,grain,7034
control,l2,36,python no spill,0.3055555555555556,0.5833333333333334,0.1111111111111111,36,11,21,4,spill,5465
control,l2,36,rachel ray grain free dog food,0.16666666666666666,0.6944444444444444,0.1388888888888889,36,6,25,5,grain,4812
control,l2,36,raw hide free,0.027777777777777776,0.9722222222222222,0.0,36,1,35,0,rawhide,2193
control,l2,36,raw hide free bones,0.4444444444444444,0.5,0.05555555555555555,36,16,18,2,rawhide,3187
control,l2,36,raw hide free dog bones,0.4166666666666667,0.5,0.08333333333333333,36,15,18,3,rawhide,1011
control,l2,36,raw hide free dog chews,0.027777777777777776,0.9722222222222222,0.0,36,1,35,0,rawhide,25587
control,l2,36,raw hide free large dog chews,0.1111111111111111,0.7777777777777778,0.1111111111111111,36,4,28,4,rawhide,1264
control,l2,36,rawhide free,0.027777777777777776,0.9722222222222222,0.0,36,1,35,0,rawhide,17055
control,l2,36,rawhide free bones,0.1111111111111111,0.8888888888888888,0.0,36,4,32,0,rawhide,6443
control,l2,36,rawhide free chew,0.05555555555555555,0.9444444444444444,0.0,36,2,34,0,rawhide,1282
control,l2,36,rawhide free chews,0.0,1.0,0.0,36,0,36,0,rawhide,58043
control,l2,36,rawhide free dog bones,0.2222222222222222,0.6944444444444444,0.08333333333333333,36,8,25,3,rawhide,135517
control,l2,36,rawhide free dog bones & chews,0.25,0.7222222222222222,0.027777777777777776,36,9,26,1,rawhide,1390
control,l2,36,rawhide free dog bones & chews for large dogs,0.1388888888888889,0.8333333333333334,0.027777777777777776,36,5,30,1,rawhide,4358
control,l2,36,rawhide free dog bones long lasting,0.1111111111111111,0.8333333333333334,0.05555555555555555,36,4,30,2,rawhide,14868
control,l2,36,rawhide free dog chews,0.05555555555555555,0.9166666666666666,0.027777777777777776,36,2,33,1,rawhide,6526
control,l2,36,rawhide free dog chews long lasting,0.027777777777777776,0.9722222222222222,0.0,36,1,35,0,rawhide,4471
control,l2,36,rawhide free dog treats,0.08333333333333333,0.9166666666666666,0.0,36,3,33,0,rawhide,29794
control,l2,36,rawhide free sticks,0.027777777777777776,0.9444444444444444,0.027777777777777776,36,1,34,1,rawhide,2264
control,l2,36,rawhide free treats,0.1111111111111111,0.8611111111111112,0.027777777777777776,36,4,31,1,rawhide,1840
control,l2,36,rice free dog food,0.1388888888888889,0.4444444444444444,0.4166666666666667,36,5,16,15,rice,1195
control,l2,36,royal canin grain free,0.6111111111111112,0.027777777777777776,0.3611111111111111,36,22,1,13,grain,2432
control,l2,36,salmon dog food grain free,0.1111111111111111,0.8888888888888888,0.0,36,4,32,0,grain,975
control,l2,36,salmon grain free dog food,0.1388888888888889,0.8611111111111112,0.0,36,5,31,0,grain,8103
control,l2,36,salt free dog food,0.0,0.0,1.0,36,0,0,36,salt,1015
control,l2,36,scent free cat litter,0.7777777777777778,0.1111111111111111,0.1111111111111111,36,28,4,4,scent,2695
control,l2,36,scent free litter,0.6666666666666666,0.2222222222222222,0.1111111111111111,36,24,8,4,scent,3172
control,l2,36,science diet grain free,0.8333333333333334,0.16666666666666666,0.0,36,30,6,0,grain,4491
control,l2,36,senior cat food grain free,0.3888888888888889,0.5833333333333334,0.027777777777777776,36,14,21,1,grain,1110
control,l2,36,senior dog food grain free,0.3888888888888889,0.5833333333333334,0.027777777777777776,36,14,21,1,grain,1394
control,l2,36,senior grain free dog food,0.3611111111111111,0.6111111111111112,0.027777777777777776,36,13,22,1,grain,4724
control,l2,36,sheba grain free,0.0,0.9166666666666666,0.08333333333333333,36,0,33,3,grain,1917
control,l2,36,shell free bird seed,0.1111111111111111,0.3888888888888889,0.5,36,4,14,18,shell,1278
control,l2,36,small black stroller no zip,0.08333333333333333,0.4444444444444444,0.4722222222222222,36,3,16,17,zip,1046
control,l2,36,small breed grain free,0.05555555555555555,0.9444444444444444,0.0,36,2,34,0,grain,1509
control,l2,36,small breed grain free dog food,0.16666666666666666,0.8333333333333334,0.0,36,6,30,0,grain,2340
control,l2,36,small breed grain free dry dog food,0.05555555555555555,0.9444444444444444,0.0,36,2,34,0,grain,2354
control,l2,36,small dog no pull harness,0.027777777777777776,0.9722222222222222,0.0,36,1,35,0,pull,1740
control,l2,36,small no pull harness,0.5277777777777778,0.4722222222222222,0.0,36,19,17,0,pull,1148
control,l2,36,soft grain free dog treats,0.16666666666666666,0.7777777777777778,0.05555555555555555,36,6,28,2,grain,2135
control,l2,36,soy and corn free chicken feed,0.25,0.4444444444444444,0.3055555555555556,36,9,16,11,soy and corn,1287
control,l2,36,soy free chicken feed,0.027777777777777776,0.5833333333333334,0.3888888888888889,36,1,21,14,soy,11839
control,l2,36,soy free horse feed,0.1111111111111111,0.3611111111111111,0.5277777777777778,36,4,13,19,soy,5431
control,l2,36,soy free layer feed,0.1111111111111111,0.4444444444444444,0.4444444444444444,36,4,16,16,soy,1175
control,l2,36,sporn mesh no pull dog harness,0.9130434782608695,0.08695652173913043,0.0,23,21,2,0,pull,7687
control,l2,36,stella and chewy grain free,0.08333333333333333,0.9166666666666666,0.0,36,3,33,0,grain,1117
control,l2,36,stink free,0.05555555555555555,0.9444444444444444,0.0,36,2,34,0,stink,3161
control,l2,36,stuffing free,0.0,1.0,0.0,36,0,36,0,stuffing,6904
control,l2,36,stuffing free dog toy,0.0,1.0,0.0,36,0,36,0,stuffing,4687
control,l2,36,stuffing free dog toys,0.0,1.0,0.0,36,0,36,0,stuffing,142348
control,l2,36,stuffing free dog toys large,0.027777777777777776,0.7777777777777778,0.19444444444444445,36,1,28,7,stuffing,21225
control,l2,36,stuffing free dog toys small,0.08333333333333333,0.8611111111111112,0.05555555555555555,36,3,31,2,stuffing,6376
control,l2,36,stuffing free toy,0.0,1.0,0.0,36,0,36,0,stuffing,2294
control,l2,36,stuffing free toys,0.0,1.0,0.0,36,0,36,0,stuffing,1123
control,l2,36,stuffing-free,0.0,1.0,0.0,36,0,36,0,stuffing,1079
control,l2,36,suet cakes for wild birds no melt,0.027777777777777776,0.2777777777777778,0.6944444444444444,36,1,10,25,melt,7772
control,l2,36,sugar free,0.4166666666666667,0.1388888888888889,0.4444444444444444,36,15,5,16,sugar,1515
control,l2,36,sugar free dog treats,0.08333333333333333,0.1111111111111111,0.8055555555555556,36,3,4,29,sugar,9955
control,l2,36,sugar free horse treats,0.3055555555555556,0.16666666666666666,0.5277777777777778,36,11,6,19,sugar,8411
control,l2,36,taste of the wild dog food grain free,0.2222222222222222,0.7777777777777778,0.0,36,8,28,0,grain,1243
control,l2,36,taste of the wild grain free,0.3055555555555556,0.6944444444444444,0.0,36,11,25,0,grain,2805
control,l2,36,taste of the wild grain free dog food,0.4166666666666667,0.5833333333333334,0.0,36,15,21,0,grain,8357
control,l2,36,taste of the wild high prairie grain-free dry dog food,0.5277777777777778,0.4722222222222222,0.0,36,19,17,0,grain,1435
control,l2,36,tear free dog shampoo,0.3055555555555556,0.6666666666666666,0.027777777777777776,36,11,24,1,tear,7647
control,l2,36,the honest kitchen for dogs grain free,0.5277777777777778,0.3611111111111111,0.1111111111111111,36,19,13,4,grain,1325
control,l2,36,the honest kitchen grain free,0.6666666666666666,0.3333333333333333,0.0,36,24,12,0,grain,2403
control,l2,36,tidy cats free,0.12903225806451613,0.8709677419354839,0.0,31,4,27,0,free,1197
control,l2,36,tidy cats free & clean unscented,0.5833333333333334,0.4166666666666667,0.0,36,21,15,0,unscented,999
control,l2,36,tidy cats free and clean unscented,0.5555555555555556,0.4444444444444444,0.0,36,20,16,0,unscented,7587
control,l2,36,tidy cats non clumping litter for cats,0.4444444444444444,0.4722222222222222,0.08333333333333333,36,16,17,3,non clumping,2835
control,l2,36,tiny tiger grain free,0.05555555555555555,0.8888888888888888,0.05555555555555555,36,2,32,2,grain,1318
control,l2,36,toy no stuffing,0.027777777777777776,0.9444444444444444,0.027777777777777776,36,1,34,1,stuffing,1060
control,l2,36,toys no stuffing,0.05555555555555555,0.9444444444444444,0.0,36,2,34,0,stuffing,1635
control,l2,36,toys with no stuffing,0.05555555555555555,0.8888888888888888,0.05555555555555555,36,2,32,2,stuffing,4057
control,l2,36,treats for dogs with no teeth,0.75,0.2222222222222222,0.027777777777777776,36,27,8,1,teeth,1406
control,l2,36,tuffy no stuff,0.7222222222222222,0.19444444444444445,0.08333333333333333,36,26,7,3,stuff,1489
control,l2,36,turkey grain free,0.1388888888888889,0.8611111111111112,0.0,36,5,31,0,grain,1309
control,l2,36,ultra grain free,0.3888888888888889,0.6111111111111112,0.0,36,14,22,0,grain,978
control,l2,36,unscented dust free cat litter,0.19444444444444445,0.3055555555555556,0.5,36,7,11,18,"dust, scent",1132
control,l2,36,unscented dust free clumping cat litter,0.8333333333333334,0.16666666666666666,0.0,36,30,6,0,unscented,972
control,l2,36,unscented dust free litter,0.25,0.5277777777777778,0.2222222222222222,36,9,19,8,"unscented
dust",1250
control,l2,36,unscented non clumping cat litter,0.6111111111111112,0.3888888888888889,0.0,36,22,14,0,non clumping,7305
control,l2,36,vetivex veterinary dehp free lactated ringers electrolyte injection solution 1000-ml,0.027777777777777776,0.3611111111111111,0.6111111111111112,36,1,13,22,dehp,5570
control,l2,36,victor grain free,0.6944444444444444,0.3055555555555556,0.0,36,25,11,0,grain,2601
control,l2,36,victor grain free dog food,0.6666666666666666,0.3333333333333333,0.0,36,24,12,0,grain,5635
control,l2,36,victor hi-pro plus 30/20 active sporting high protein gluten-free dry dog food,0.4166666666666667,0.3055555555555556,0.2777777777777778,36,15,11,10,gluten,1151
control,l2,36,wag grain free dog food,0.2777777777777778,0.7222222222222222,0.0,36,10,26,0,grain,3193
control,l2,36,waste free bird seed,0.1111111111111111,0.6666666666666666,0.2222222222222222,36,4,24,8,waste,4797
control,l2,36,waste free wild bird seed,0.2222222222222222,0.4722222222222222,0.3055555555555556,36,8,17,11,waste,12115
control,l2,36,water bowl no spill,0.3333333333333333,0.5833333333333334,0.08333333333333333,36,12,21,3,spill,2058
control,l2,36,weight management dog food no chicken,0.9722222222222222,0.0,0.027777777777777776,36,35,0,1,chicken,1021
control,l2,36,wellness core grain free,0.1388888888888889,0.8611111111111112,0.0,36,5,31,0,grain,1527
control,l2,36,wellness core grain free cat food,0.027777777777777776,0.9722222222222222,0.0,36,1,35,0,grain,2510
control,l2,36,wellness core grain free dog food,0.2222222222222222,0.7777777777777778,0.0,36,8,28,0,grain,8637
control,l2,36,wellness dry dog food grain free,0.25,0.75,0.0,36,9,27,0,grain,2057
control,l2,36,wellness grain free,0.027777777777777776,0.9722222222222222,0.0,36,1,35,0,grain,1617
control,l2,36,wellness grain free cat food,0.027777777777777776,0.9722222222222222,0.0,36,1,35,0,grain,2248
control,l2,36,wellness grain free dog food,0.08333333333333333,0.9166666666666666,0.0,36,3,33,0,grain,4682
control,l2,36,wet cat food grain free,0.027777777777777776,0.9722222222222222,0.0,36,1,35,0,grain,16508
control,l2,36,wet dog food grain free,0.0,1.0,0.0,36,0,36,0,grain,6455
control,l2,36,wet dog food no chicken,0.9166666666666666,0.08333333333333333,0.0,36,33,3,0,chicken,1981
control,l2,36,wet dog food without chicken,0.6388888888888888,0.3333333333333333,0.027777777777777776,36,23,12,1,chicken,1194
control,l2,36,wet grain free cat food,0.027777777777777776,0.9722222222222222,0.0,36,1,35,0,grain,4900
control,l2,36,wet grain free dog food,0.08333333333333333,0.9166666666666666,0.0,36,3,33,0,grain,4103
control,l2,36,wet kitten food grain free,0.1111111111111111,0.8888888888888888,0.0,36,4,32,0,grain,2250
control,l2,36,wheat free cat food,0.0,0.9166666666666666,0.08333333333333333,36,0,33,3,wheat,5111
control,l2,36,wheat free dog food,0.0,0.9166666666666666,0.08333333333333333,36,0,33,3,wheat,6961
control,l2,36,wheat free dog treats,0.027777777777777776,0.9166666666666666,0.05555555555555555,36,1,33,2,wheat,9289
control,l2,36,wheat free puppy food,0.2222222222222222,0.6388888888888888,0.1388888888888889,36,8,23,5,wheat,4122
control,l2,36,whole earth farms grain-free,0.4722222222222222,0.5277777777777778,0.0,36,17,19,0,grain,5914
control,l2,36,whole hearted grain free,0.6111111111111112,0.3333333333333333,0.05555555555555555,36,22,12,2,grain,1214
control,l2,36,wholesome grain free,0.4722222222222222,0.4444444444444444,0.08333333333333333,36,17,16,3,grain,2131
control,l2,36,wholesomes grain free dog food,0.4444444444444444,0.3888888888888889,0.16666666666666666,36,16,14,6,grain,2158
control,l2,36,wild bird seed no waste,0.0,0.6111111111111112,0.3888888888888889,36,0,22,14,waste,14889
control,l2,36,yeast free dog food,0.16666666666666666,0.0,0.8333333333333334,36,6,0,30,yeast,6961
control,knn,4,2 hounds design freedom no pull dog harness,0.75,0.25,0.0,4,3,1,0,pull,13268
control,knn,4,acana grain free,0.25,0.75,0.0,4,1,3,0,grain,1372
control,knn,4,acana grain free cat,0.25,0.75,0.0,4,1,3,0,grain,1699
control,knn,4,acana grain-free food for dogs,0.25,0.75,0.0,4,1,3,0,grain,3087
control,knn,4,adjustable no pull harness,1.0,0.0,0.0,4,4,0,0,pull,974
control,knn,4,aller free,0.5,0.5,0.0,4,2,2,0,aller,974
control,knn,4,allergy free cat food,0.25,0.75,0.0,4,1,3,0,allergy,1923
control,knn,4,allergy free dog food,0.0,1.0,0.0,4,0,4,0,allergy,2462
control,knn,4,allergy free dog treats,0.25,0.25,0.5,4,1,1,2,allergy,4371
control,knn,4,american journey grain free,0.0,1.0,0.0,4,0,4,0,grain,1049
control,knn,4,american journey grain free dog food,0.0,1.0,0.0,4,0,4,0,grain,3336
control,knn,4,audubon park waste free,0.75,0.25,0.0,4,3,1,0,waste free,2251
control,knn,4,bark collar no shock,0.25,0.5,0.25,4,1,2,1,shock,3859
control,knn,4,barkworthies odor free bully sticks,0.0,1.0,0.0,4,0,4,0,odor,3939
control,knn,4,beef dog food grain free,0.0,1.0,0.0,4,0,4,0,grain,1044
control,knn,4,beef grain free dog food,0.0,1.0,0.0,4,0,4,0,grain,2045
control,knn,4,beneful grain free,1.0,0.0,0.0,4,4,0,0,grain,1604
control,knn,4,best bully sticks odor free,0.0,1.0,0.0,4,0,4,0,odor,2943
control,knn,4,best no pull harness,0.25,0.75,0.0,4,1,3,0,pull,1798
control,knn,4,beyond dry cat food grain free,0.25,0.5,0.25,4,1,2,1,grain,5250
control,knn,4,beyond grain free,0.5,0.5,0.0,4,2,2,0,grain,2372
control,knn,4,beyond grain free cat food dry,0.75,0.25,0.0,4,3,1,0,grain,3779
control,knn,4,beyond grain free dry cat food,0.5,0.5,0.0,4,2,2,0,grain,2175
control,knn,4,beyond grain free wet cat food,0.0,0.75,0.25,4,0,3,1,grain,1433
control,knn,4,beyond simply grain free cat food,0.25,0.5,0.25,4,1,2,1,grain,3366
control,knn,4,bird food wild no mess,0.0,1.0,0.0,4,0,4,0,mess,1138
control,knn,4,bird seed no mess,0.0,1.0,0.0,4,0,4,0,mess,1067
control,knn,4,bird seed no waste,0.0,1.0,0.0,4,0,4,0,waste,3357
control,knn,4,bird seed wild no mess,0.0,1.0,0.0,4,0,4,0,mess,3963
control,knn,4,bird seed wild no waste,0.0,1.0,0.0,4,0,4,0,waste,16977
control,knn,4,bird suet cakes no melt,0.0,1.0,0.0,4,0,4,0,melt,3661
control,knn,4,blue buffalo chicken free,1.0,0.0,0.0,4,4,0,0,chicken,3208
control,knn,4,blue buffalo dog food grain free,0.0,1.0,0.0,4,0,4,0,grain,5564
control,knn,4,blue buffalo freedom grain free,0.0,1.0,0.0,4,0,4,0,grain,2312
control,knn,4,blue buffalo grain free,0.0,1.0,0.0,4,0,4,0,grain,6671
control,knn,4,blue buffalo grain free cat food,0.0,1.0,0.0,4,0,4,0,grain,9576
control,knn,4,blue buffalo grain free dog food,0.0,1.0,0.0,4,0,4,0,grain,18964
control,knn,4,blue buffalo grain free dry cat food,0.0,1.0,0.0,4,0,4,0,grain,1161
control,knn,4,blue buffalo grain free dry dog food,0.0,1.0,0.0,4,0,4,0,grain,1574
control,knn,4,blue buffalo grain free wet cat food,0.0,0.75,0.25,4,0,3,1,grain,1737
control,knn,4,blue buffalo grain free wet dog food,0.0,1.0,0.0,4,0,4,0,grain,1694
control,knn,4,blue buffalo no chicken,1.0,0.0,0.0,4,4,0,0,chicken,1087
control,knn,4,blue buffalo wet dog food grain free,0.0,1.0,0.0,4,0,4,0,grain,989
control,knn,4,blue freedom grain free,0.0,1.0,0.0,4,0,4,0,grain,2100
control,knn,4,blue grain free,0.0,1.0,0.0,4,0,4,0,grain,1423
control,knn,4,bones & chews all natural grain-free jerky,0.0,0.5,0.5,4,0,2,2,grain,4977
control,knn,4,bpa free litter box,0.0,0.0,1.0,4,0,0,4,bpa,1302
control,knn,4,bully stick odor free,0.0,1.0,0.0,4,0,4,0,odor,2368
control,knn,4,bully sticks for dogs odor free,0.0,1.0,0.0,4,0,4,0,odor,4428
control,knn,4,bully sticks odor free,0.0,1.0,0.0,4,0,4,0,odor,4104
control,knn,4,calcium without d3,0.0,1.0,0.0,4,0,4,0,d3,1856
control,knn,4,canidae grain free,0.0,1.0,0.0,4,0,4,0,grain,4014
control,knn,4,canidae grain free dog food,0.0,1.0,0.0,4,0,4,0,grain,2888
control,knn,4,canine naturals hide free,0.25,0.75,0.0,4,1,3,0,hide,7376
control,knn,4,canned cat food grain free,0.0,1.0,0.0,4,0,4,0,grain,3121
control,knn,4,canned dog food grain free,0.0,1.0,0.0,4,0,4,0,grain,5595
control,knn,4,canned grain free dog food,0.0,1.0,0.0,4,0,4,0,grain,2676
control,knn,4,cat collar no bell,1.0,0.0,0.0,4,4,0,0,bell,3873
control,knn,4,cat dewormer no prescription,0.25,0.5,0.25,4,1,2,1,prescription,23133
control,knn,4,cat dry food grain free,0.0,1.0,0.0,4,0,4,0,grain,4630
control,knn,4,cat food dry grain free,0.0,1.0,0.0,4,0,4,0,grain,3203
control,knn,4,cat food grain free,0.0,1.0,0.0,4,0,4,0,grain,19117
control,knn,4,cat food no chicken,1.0,0.0,0.0,4,4,0,0,chicken,2783
control,knn,4,cat food organic grain free,0.0,1.0,0.0,4,0,4,0,grain,4534
control,knn,4,cat food pate grain free,0.0,1.0,0.0,4,0,4,0,grain,2011
control,knn,4,cat food wet grain free,0.0,0.5,0.5,4,0,2,2,grain,8309
control,knn,4,cat food with no additives,0.5,0.0,0.5,4,2,0,2,additives,1600
control,knn,4,cat grain free pate,0.0,1.0,0.0,4,0,4,0,grain,1150
control,knn,4,cat kibble grain free,0.0,1.0,0.0,4,0,4,0,grain,2832
control,knn,4,cat litter dust free,0.0,0.0,1.0,4,0,0,4,dust,10997
control,knn,4,cat litter fragrance free,0.5,0.5,0.0,4,2,2,0,fragrance,1351
control,knn,4,cat litter no dust,0.25,0.0,0.75,4,1,0,3,dust,8050
control,knn,4,cat litter no scent,0.25,0.0,0.75,4,1,0,3,scent,2160
control,knn,4,cat litter no tracking,0.5,0.5,0.0,4,2,2,0,tracking,3408
control,knn,4,cat no pee,0.5,0.5,0.0,4,2,2,0,pee,1037
control,knn,4,cat no scratch,0.75,0.25,0.0,4,3,1,0,scratch,1427
control,knn,4,cat toys no catnip,1.0,0.0,0.0,4,4,0,0,catnip,1519
control,knn,4,cat toys without catnip,1.0,0.0,0.0,4,4,0,0,catnip,1579
control,knn,4,cat treats grain free,0.0,1.0,0.0,4,0,4,0,grain,9966
control,knn,4,cat treats no chicken,1.0,0.0,0.0,4,4,0,0,chicken,1187
control,knn,4,cat tree no carpet,1.0,0.0,0.0,4,4,0,0,carpet,1496
control,knn,4,cat wet food grain free,0.0,0.75,0.25,4,0,3,1,grain,9500
control,knn,4,charlee bear grain free crunch,0.25,0.75,0.0,4,1,3,0,grain,4712
control,knn,4,chew bones rawhide free,0.0,1.0,0.0,4,0,4,0,rawhide,1195
control,knn,4,chew no poo,1.0,0.0,0.0,4,4,0,0,poo,2280
control,knn,4,chew no poop,1.0,0.0,0.0,4,4,0,0,poop,2803
control,knn,4,chews no rawhide,0.25,0.75,0.0,4,1,3,0,rawhide,8496
control,knn,4,chick starter feed non medicated,0.25,0.75,0.0,4,1,3,0,medicated,5619
control,knn,4,chicken and grain free dog food,0.5,0.5,0.0,4,2,2,0,grain,1266
control,knn,4,chicken feed non gmo,1.0,0.0,0.0,4,4,0,0,non gmo,2267
control,knn,4,chicken feed soy free,0.0,1.0,0.0,4,0,4,0,soy,1293
control,knn,4,chicken free,0.5,0.5,0.0,4,2,2,0,chicken,4487
control,knn,4,chicken free canned dog food,0.25,0.5,0.25,4,1,2,1,chicken,1444
control,knn,4,chicken free cat food,0.5,0.5,0.0,4,2,2,0,chicken,14097
control,knn,4,chicken free cat treats,1.0,0.0,0.0,4,4,0,0,chicken,6356
control,knn,4,chicken free dog bones,1.0,0.0,0.0,4,4,0,0,chicken,968
control,knn,4,chicken free dog chews,0.0,0.0,1.0,4,0,0,4,chicken,978
control,knn,4,chicken free dog food,0.25,0.5,0.25,4,1,2,1,chicken,38479
control,knn,4,chicken free dog treat,0.25,0.25,0.5,4,1,1,2,chicken,1429
control,knn,4,chicken free dog treats,0.25,0.25,0.5,4,1,1,2,chicken,68590
control,knn,4,chicken free dry cat food,0.5,0.5,0.0,4,2,2,0,chicken,3842
control,knn,4,chicken free dry dog food,0.75,0.25,0.0,4,3,1,0,chicken,124263
control,knn,4,chicken free dry dog food for sensitive skin,0.0,0.75,0.25,4,0,3,1,chicken,1228
control,knn,4,chicken free dry puppy food,1.0,0.0,0.0,4,4,0,0,chicken,1272
control,knn,4,chicken free large breed puppy food,1.0,0.0,0.0,4,4,0,0,chicken,979
control,knn,4,chicken free pill pockets,0.75,0.25,0.0,4,3,1,0,chicken,3116
control,knn,4,chicken free puppy food,1.0,0.0,0.0,4,4,0,0,chicken,5340
control,knn,4,chicken free treat,0.5,0.25,0.25,4,2,1,1,chicken,1329
control,knn,4,chicken free treats,0.5,0.0,0.5,4,2,0,2,chicken,3686
control,knn,4,chicken free weight control,0.5,0.25,0.25,4,2,1,1,chicken,1015
control,knn,4,chicken free wet cat food,1.0,0.0,0.0,4,4,0,0,chicken,3583
control,knn,4,chicken free wet dog food,0.0,0.75,0.25,4,0,3,1,chicken,19833
control,knn,4,chicken-free cat food,0.5,0.5,0.0,4,2,2,0,chicken,6561
control,knn,4,chicken-free dog food,0.0,1.0,0.0,4,0,4,0,chicken,3218
control,knn,4,chicken-free dry dog food,0.75,0.25,0.0,4,3,1,0,chicken,5068
control,knn,4,chicken-free wet dog food,0.25,0.5,0.25,4,1,2,1,chicken,3656
control,knn,4,choke free harness,0.0,1.0,0.0,4,0,4,0,choke,1536
control,knn,4,churu grain free,0.0,1.0,0.0,4,0,4,0,grain,1142
control,knn,4,clumping cat litter dust free,0.0,0.0,1.0,4,0,0,4,dust,7057
control,knn,4,cockatiel food no sunflower seeds,0.5,0.25,0.25,4,2,1,1,sunflower seeds,3792
control,knn,4,corn and soy free chicken feed,0.25,0.75,0.0,4,1,3,0,corn and soy,2593
control,knn,4,corn free chicken feed,0.0,1.0,0.0,4,0,4,0,corn,6014
control,knn,4,corn free chicken scratch,0.75,0.0,0.25,4,3,0,1,corn,2220
control,knn,4,corn free dog food,0.0,1.0,0.0,4,0,4,0,corn,6183
control,knn,4,corn free dry cat food,0.0,1.0,0.0,4,0,4,0,corn,1013
control,knn,4,cough free horse,0.25,0.75,0.0,4,1,3,0,free,6820
control,knn,4,country kitchen rawhide free twists,0.0,1.0,0.0,4,0,4,0,rawhide,1202
control,knn,4,crunchy grain free dog treats,0.5,0.5,0.0,4,2,2,0,grain,1432
control,knn,4,delectables non seafood,0.0,1.0,0.0,4,0,4,0,seafood,1668
control,knn,4,diamond grain free,1.0,0.0,0.0,4,4,0,0,grain,2150
control,knn,4,diamond grain free dog food,0.5,0.5,0.0,4,2,2,0,grain,9975
control,knn,4,diamond natural grain free,0.75,0.25,0.0,4,3,1,0,grain,2679
control,knn,4,diamond naturals grain free,0.0,1.0,0.0,4,0,4,0,grain,4384
control,knn,4,diamond naturals grain free dog food,0.25,0.75,0.0,4,1,3,0,grain,4547
control,knn,4,dog bone rawhide free,0.0,1.0,0.0,4,0,4,0,rawhide,1437
control,knn,4,dog bones no rawhide,1.0,0.0,0.0,4,4,0,0,rawhide,8198
control,knn,4,dog bones rawhide free,0.0,1.0,0.0,4,0,4,0,rawhide,22731
control,knn,4,dog chews rawhide free,0.0,1.0,0.0,4,0,4,0,rawhide,80267
control,knn,4,dog dry food grain free,0.0,1.0,0.0,4,0,4,0,grain,2653
control,knn,4,dog food chicken free,0.5,0.5,0.0,4,2,2,0,chicken,4370
control,knn,4,dog food dry grain free,0.0,1.0,0.0,4,0,4,0,grain,3977
control,knn,4,dog food grain free,0.0,1.0,0.0,4,0,4,0,grain,27813
control,knn,4,dog food grain free large breed,0.0,1.0,0.0,4,0,4,0,grain,5771
control,knn,4,dog food grain free non-gmo,0.0,0.75,0.25,4,0,3,1,grain,988
control,knn,4,dog food no chicken,1.0,0.0,0.0,4,4,0,0,chicken,12053
control,knn,4,dog food no corn,0.0,1.0,0.0,4,0,4,0,corn,1250
control,knn,4,dog food no grain,0.0,1.0,0.0,4,0,4,0,grain,2517
control,knn,4,dog food poultry free,0.75,0.0,0.25,4,3,0,1,poultry,1332
control,knn,4,dog food with no chicken,0.25,0.25,0.5,4,1,1,2,chicken,9753
control,knn,4,dog food without chicken,0.25,0.5,0.25,4,1,2,1,chicken,11590
control,knn,4,dog harness large no pull,1.0,0.0,0.0,4,4,0,0,pull,5076
control,knn,4,dog harness medium no pull,1.0,0.0,0.0,4,4,0,0,pull,3091
control,knn,4,dog harness no escape,1.0,0.0,0.0,4,4,0,0,escape,1062
control,knn,4,dog harness no pull,0.0,1.0,0.0,4,0,4,0,pull,76414
control,knn,4,dog no pull harness,0.0,1.0,0.0,4,0,4,0,pull,9874
control,knn,4,dog non rawhide chews,0.25,0.75,0.0,4,1,3,0,rawhide,1730
control,knn,4,dog rawhide free bones,0.0,1.0,0.0,4,0,4,0,rawhide,1370
control,knn,4,dog rawhide free treats,0.0,1.0,0.0,4,0,4,0,rawhide,2749
control,knn,4,dog stroller no zip,0.0,1.0,0.0,4,0,4,0,zip,1065
control,knn,4,dog toy no squeak,0.5,0.5,0.0,4,2,2,0,squeak,1212
control,knn,4,dog toy no squeaker,0.75,0.0,0.25,4,3,0,1,squeaker,1524
control,knn,4,dog toy no stuffing,0.0,1.0,0.0,4,0,4,0,stuffing,10254
control,knn,4,dog toy stuffing free,0.0,1.0,0.0,4,0,4,0,stuffing,1322
control,knn,4,dog toys for large dogs no stuffing,0.0,1.0,0.0,4,0,4,0,stuffing,7409
control,knn,4,dog toys no squeak,0.75,0.25,0.0,4,3,1,0,squeak,1702
control,knn,4,dog toys no stuffing,0.0,1.0,0.0,4,0,4,0,stuffing,28211
control,knn,4,dog toys small dogs stuffing free,0.0,1.0,0.0,4,0,4,0,stuffing,1156
control,knn,4,dog toys stuffing free,0.0,1.0,0.0,4,0,4,0,stuffing,2442
control,knn,4,dog toys with no stuffing,0.0,1.0,0.0,4,0,4,0,stuffing,7273
control,knn,4,dog treats chicken free,0.75,0.0,0.25,4,3,0,1,chicken,1452
control,knn,4,dog treats for dogs with no teeth,1.0,0.0,0.0,4,4,0,0,teeth,3257
control,knn,4,dog treats for large dogs grain free,0.0,1.0,0.0,4,0,4,0,grain,1206
control,knn,4,dog treats grain free,0.0,1.0,0.0,4,0,4,0,grain,13152
control,knn,4,dog treats no chicken,1.0,0.0,0.0,4,4,0,0,chicken,4753
control,knn,4,dog treats no rawhide,0.5,0.5,0.0,4,2,2,0,rawhide,2246
control,knn,4,dog treats rawhide free,0.0,1.0,0.0,4,0,4,0,rawhide,3261
control,knn,4,dog treats with no chicken,0.5,0.25,0.25,4,2,1,1,chicken,1095
control,knn,4,dog treats without chicken,0.25,0.5,0.25,4,1,2,1,chicken,4721
control,knn,4,dog water bowl no spill,0.5,0.5,0.0,4,2,2,0,spill,23089
control,knn,4,dog wet food grain free,0.0,1.0,0.0,4,0,4,0,grain,1300
control,knn,4,dry cat food grain free,0.0,1.0,0.0,4,0,4,0,grain,10528
control,knn,4,dry cat food no chicken,1.0,0.0,0.0,4,4,0,0,chicken,999
control,knn,4,dry cat food no grain,0.0,1.0,0.0,4,0,4,0,grain,974
control,knn,4,dry dog food chicken free,0.5,0.25,0.25,4,2,1,1,chicken,1536
control,knn,4,dry dog food grain free,0.0,1.0,0.0,4,0,4,0,grain,7777
control,knn,4,dry dog food no chicken,1.0,0.0,0.0,4,4,0,0,chicken,2481
control,knn,4,dry dog food without chicken,0.5,0.5,0.0,4,2,2,0,chicken,1892
control,knn,4,dry grain free cat food,0.0,1.0,0.0,4,0,4,0,grain,5998
control,knn,4,dry grain free dog food,0.25,0.75,0.0,4,1,3,0,grain,4159
control,knn,4,dust free cat litter,0.0,0.0,1.0,4,0,0,4,dust,68627
control,knn,4,dust free clumping cat litter,0.0,0.0,1.0,4,0,0,4,dust,33448
control,knn,4,dust free clumping litter,0.25,0.0,0.75,4,1,0,3,dust,1145
control,knn,4,dust free litter,0.0,0.25,0.75,4,0,1,3,dust,8568
control,knn,4,dust free unscented clumping cat litter,0.0,0.0,1.0,4,0,0,4,dust,6504
control,knn,4,earth animal no hide,0.0,1.0,0.0,4,0,4,0,hide,7495
control,knn,4,earth animal no hide chews,0.0,1.0,0.0,4,0,4,0,hide,2188
control,knn,4,earth animal no hide chews large,0.0,1.0,0.0,4,0,4,0,hide,972
control,knn,4,earth animal no hide medium,0.0,1.0,0.0,4,0,4,0,hide,1153
control,knn,4,earth animal no hide rolls,0.0,1.0,0.0,4,0,4,0,hide,1258
control,knn,4,easy walk no pull harness,0.0,1.0,0.0,4,0,4,0,pull,4342
control,knn,4,fancy feast grain free,0.5,0.5,0.0,4,2,2,0,grain,2313
control,knn,4,fancy feast grain free pate,0.0,0.75,0.25,4,0,3,1,grain,1036
control,knn,4,fancy feast grain free wet cat food,0.0,0.25,0.75,4,0,1,3,grain,12994
control,knn,4,farmina grain free,0.5,0.5,0.0,4,2,2,0,grain,2750
control,knn,4,farmina grain free dog food,0.25,0.75,0.0,4,1,3,0,grain,3081
control,knn,4,fat free dog treats,0.25,0.0,0.75,4,1,0,3,fat,7786
control,knn,4,fish free cat food,1.0,0.0,0.0,4,4,0,0,fish,1456
control,knn,4,fly mask without ears,0.25,0.75,0.0,4,1,3,0,ears,3567
control,knn,4,food grain free,0.0,1.0,0.0,4,0,4,0,grain,4785
control,knn,4,fragrance free cat litter,0.5,0.5,0.0,4,2,2,0,fragrance,8207
control,knn,4,fragrance free dog shampoo,0.0,0.5,0.5,4,0,2,2,fragrance,3644
control,knn,4,freedom grain free cat food,0.0,1.0,0.0,4,0,4,0,grain,2773
control,knn,4,freedom grain free dog food,0.0,1.0,0.0,4,0,4,0,grain,8393
control,knn,4,freedom no pull harness,0.75,0.25,0.0,4,3,1,0,pull,17745
control,knn,4,fresh pet grain free,0.0,1.0,0.0,4,0,4,0,grain,3969
control,knn,4,fresh pet grain free dog food,0.0,1.0,0.0,4,0,4,0,grain,1711
control,knn,4,fresh step cat litter non clumping,1.0,0.0,0.0,4,4,0,0,non clumping,7310
control,knn,4,fresh step dust free,0.25,0.0,0.75,4,1,0,3,dust,1279
control,knn,4,fresh step non clumping cat litter,1.0,0.0,0.0,4,4,0,0,non clumping,30486
control,knn,4,frisco no pull harness,0.0,1.0,0.0,4,0,4,0,pull,1291
control,knn,4,frisco padded no pull dog harness,0.75,0.25,0.0,4,3,1,0,pull,1101
control,knn,4,frisco stuffing free,0.0,1.0,0.0,4,0,4,0,stuffing,2257
control,knn,4,fromm grain free,0.75,0.25,0.0,4,3,1,0,grain,1032
control,knn,4,front clip no pull harness,0.0,1.0,0.0,4,0,4,0,pull,1120
control,knn,4,gain free dog food,0.0,1.0,0.0,4,0,4,0,gain,977
control,knn,4,gluten free,0.0,1.0,0.0,4,0,4,0,gluten,2039
control,knn,4,gluten free cat food,0.0,1.0,0.0,4,0,4,0,gluten,8910
control,knn,4,gluten free cat treats,0.0,0.25,0.75,4,0,1,3,gluten,1113
control,knn,4,gluten free dog food,0.0,0.5,0.5,4,0,2,2,gluten,32569
control,knn,4,gluten free dog treats,0.0,0.75,0.25,4,0,3,1,gluten,14910
control,knn,4,gluten free dry dog food,0.0,0.5,0.5,4,0,2,2,gluten,1196
control,knn,4,gluten free puppy food,0.0,1.0,0.0,4,0,4,0,gluten,1459
control,knn,4,gluten free wet cat food,0.0,0.25,0.75,4,0,1,3,gluten,1955
control,knn,4,gluten free wet dog food,0.0,1.0,0.0,4,0,4,0,gluten,1696
control,knn,4,gmo free dog food,0.0,1.0,0.0,4,0,4,0,gmo,7978
control,knn,4,good lovin no rawhide,0.5,0.0,0.5,4,2,0,2,rawhide,1165
control,knn,4,grain and chicken free dog food,0.5,0.5,0.0,4,2,2,0,"grain, chicken",1316
control,knn,4,grain free,0.0,1.0,0.0,4,0,4,0,grain,27310
control,knn,4,grain free adult dog food,0.0,1.0,0.0,4,0,4,0,grain,6444
control,knn,4,grain free air dried dog food,0.0,1.0,0.0,4,0,4,0,grain,1151
control,knn,4,grain free beef dog food,0.0,1.0,0.0,4,0,4,0,grain,3945
control,knn,4,grain free beef dry dog food,0.0,1.0,0.0,4,0,4,0,grain,1022
control,knn,4,grain free biscuits,0.0,1.0,0.0,4,0,4,0,grain,1010
control,knn,4,grain free blue buffalo dog food,0.0,1.0,0.0,4,0,4,0,grain,1932
control,knn,4,grain free canned cat food,0.0,1.0,0.0,4,0,4,0,grain,11102
control,knn,4,grain free canned dog food,0.0,1.0,0.0,4,0,4,0,grain,12390
control,knn,4,grain free cat,0.0,1.0,0.0,4,0,4,0,grain,6488
control,knn,4,grain free cat dry food,0.0,1.0,0.0,4,0,4,0,grain,2783
control,knn,4,grain free cat food,0.0,1.0,0.0,4,0,4,0,grain,76423
control,knn,4,grain free cat food dry,0.0,1.0,0.0,4,0,4,0,grain,14537
control,knn,4,grain free cat food wet,0.0,1.0,0.0,4,0,4,0,grain,11361
control,knn,4,grain free cat pate,0.0,1.0,0.0,4,0,4,0,grain,1210
control,knn,4,grain free cat treat,0.0,1.0,0.0,4,0,4,0,grain,6878
control,knn,4,grain free cat treats,0.0,1.0,0.0,4,0,4,0,grain,40628
control,knn,4,grain free cat wet food,0.0,0.5,0.5,4,0,2,2,grain,5735
control,knn,4,grain free chicken cat food,0.0,1.0,0.0,4,0,4,0,grain,1128
control,knn,4,grain free chicken dog food,0.0,1.0,0.0,4,0,4,0,grain,1250
control,knn,4,grain free chicken dog treats,0.0,1.0,0.0,4,0,4,0,grain,1542
control,knn,4,grain free chicken free dog food,0.5,0.5,0.0,4,2,2,0,"grain, chicken",8785
control,knn,4,grain free chicken free dog treats,0.0,0.75,0.25,4,0,3,1,"grain, chicken",4078
control,knn,4,grain free chicken pate cat food,0.0,1.0,0.0,4,0,4,0,grain,1418
control,knn,4,grain free dental chews,0.0,0.5,0.5,4,0,2,2,grain,5153
control,knn,4,grain free diet dog food,0.0,1.0,0.0,4,0,4,0,grain,4566
control,knn,4,grain free dog,0.0,1.0,0.0,4,0,4,0,grain,7358
control,knn,4,grain free dog biscuits,0.0,1.0,0.0,4,0,4,0,grain,7074
control,knn,4,grain free dog bones,0.25,0.75,0.0,4,1,3,0,grain,2681
control,knn,4,grain free dog chews,0.0,0.5,0.5,4,0,2,2,grain,1598
control,knn,4,grain free dog food,0.0,1.0,0.0,4,0,4,0,grain,611730
control,knn,4,grain free dog food 40 lb bag,0.0,1.0,0.0,4,0,4,0,grain,4206
control,knn,4,grain free dog food 40lbs,0.25,0.75,0.0,4,1,3,0,grain,5458
control,knn,4,grain free dog food dry,0.0,1.0,0.0,4,0,4,0,grain,3723
control,knn,4,grain free dog food large breed,0.0,1.0,0.0,4,0,4,0,grain,18579
control,knn,4,grain free dog food salmon,0.25,0.75,0.0,4,1,3,0,grain,1725
control,knn,4,grain free dog food small breed,0.0,1.0,0.0,4,0,4,0,grain,16175
control,knn,4,grain free dog food wet,0.0,1.0,0.0,4,0,4,0,grain,7838
control,knn,4,grain free dog kibble,0.0,1.0,0.0,4,0,4,0,grain,1556
control,knn,4,grain free dog training treats,0.0,1.0,0.0,4,0,4,0,grain,2820
control,knn,4,grain free dog treat,0.0,1.0,0.0,4,0,4,0,grain,10410
control,knn,4,grain free dog treats,0.0,1.0,0.0,4,0,4,0,grain,138329
control,knn,4,grain free dog treats for large dogs,0.0,1.0,0.0,4,0,4,0,grain,997
control,knn,4,grain free dog treats for medium dogs,0.0,1.0,0.0,4,0,4,0,grain,5358
control,knn,4,grain free dog treats small breed,0.0,1.0,0.0,4,0,4,0,grain,4076
control,knn,4,grain free dog wet food,0.0,1.0,0.0,4,0,4,0,grain,1019
control,knn,4,grain free dogfood no probiotic,0.0,0.0,1.0,4,0,0,4,probiotic,982
control,knn,4,grain free dry,0.0,1.0,0.0,4,0,4,0,grain,4891
control,knn,4,grain free dry adult dog food,0.0,1.0,0.0,4,0,4,0,grain,1350
control,knn,4,grain free dry cat food,0.0,1.0,0.0,4,0,4,0,grain,197068
control,knn,4,grain free dry dog food,0.0,1.0,0.0,4,0,4,0,grain,56421
control,knn,4,grain free dry kitten food,0.0,1.0,0.0,4,0,4,0,grain,6226
control,knn,4,grain free duck dog food,0.5,0.5,0.0,4,2,2,0,grain,1431
control,knn,4,grain free fancy feast,0.5,0.25,0.25,4,2,1,1,grain,1914
control,knn,4,grain free fish dog food,0.0,1.0,0.0,4,0,4,0,grain,2293
control,knn,4,grain free food,0.0,1.0,0.0,4,0,4,0,grain,1420
control,knn,4,grain free freeze dried dog food,0.0,1.0,0.0,4,0,4,0,grain,1795
control,knn,4,grain free fresh dog food,0.0,1.0,0.0,4,0,4,0,grain,1289
control,knn,4,grain free fruit dog treats,0.25,0.25,0.5,4,1,1,2,grain,1411
control,knn,4,grain free greenies,0.0,0.0,1.0,4,0,0,4,grain,2564
control,knn,4,grain free high protein cat food,0.0,1.0,0.0,4,0,4,0,grain,2937
control,knn,4,grain free high protein dog food,0.5,0.5,0.0,4,2,2,0,grain,1843
control,knn,4,grain free high protein dry cat food,0.0,1.0,0.0,4,0,4,0,grain,1029
control,knn,4,grain free honest kitchen,0.5,0.5,0.0,4,2,2,0,grain,1122
control,knn,4,grain free jerky,0.0,1.0,0.0,4,0,4,0,grain,1571
control,knn,4,grain free kibble,0.0,1.0,0.0,4,0,4,0,grain,1409
control,knn,4,grain free kitten dry food,0.0,1.0,0.0,4,0,4,0,grain,5861
control,knn,4,grain free kitten food,0.0,1.0,0.0,4,0,4,0,grain,16286
control,knn,4,grain free kitten wet food,0.0,1.0,0.0,4,0,4,0,grain,4500
control,knn,4,grain free lamb dog food,0.0,1.0,0.0,4,0,4,0,grain,3771
control,knn,4,grain free large breed dog food,0.0,1.0,0.0,4,0,4,0,grain,2530
control,knn,4,grain free limited ingredient cat food,0.0,1.0,0.0,4,0,4,0,grain,1729
control,knn,4,grain free limited ingredient dog food,0.0,1.0,0.0,4,0,4,0,grain,3438
control,knn,4,grain free low fat dog food,1.0,0.0,0.0,4,4,0,0,grain,2100
control,knn,4,grain free organic dog food,0.5,0.5,0.0,4,2,2,0,grain,1002
control,knn,4,grain free pate,0.0,1.0,0.0,4,0,4,0,grain,1578
control,knn,4,grain free pate cat food,0.0,1.0,0.0,4,0,4,0,grain,8858
control,knn,4,grain free peanut butter dog treats,0.0,1.0,0.0,4,0,4,0,grain,1000
control,knn,4,grain free puppy,0.0,1.0,0.0,4,0,4,0,grain,1472
control,knn,4,grain free puppy food,0.0,1.0,0.0,4,0,4,0,grain,34872
control,knn,4,grain free puppy treats,0.0,0.75,0.25,4,0,3,1,grain,1999
control,knn,4,grain free purina dog food,0.0,1.0,0.0,4,0,4,0,grain,1470
control,knn,4,grain free purina pro plan,0.0,1.0,0.0,4,0,4,0,grain,1558
control,knn,4,grain free rabbit cat food,0.0,1.0,0.0,4,0,4,0,grain,1266
control,knn,4,grain free rabbit food,0.0,1.0,0.0,4,0,4,0,grain,1121
control,knn,4,grain free salmon,0.5,0.5,0.0,4,2,2,0,grain,1422
control,knn,4,grain free salmon cat food,0.0,1.0,0.0,4,0,4,0,grain,1083
control,knn,4,grain free salmon dog food,0.0,1.0,0.0,4,0,4,0,grain,15202
control,knn,4,grain free salmon dry dog food,0.0,1.0,0.0,4,0,4,0,grain,2485
control,knn,4,grain free senior cat food,0.0,1.0,0.0,4,0,4,0,grain,2261
control,knn,4,grain free senior dog food,0.25,0.75,0.0,4,1,3,0,grain,10021
control,knn,4,grain free sensitive stomach cat food,0.0,1.0,0.0,4,0,4,0,grain,1967
control,knn,4,grain free sensitive stomach dog food,0.0,1.0,0.0,4,0,4,0,grain,1344
control,knn,4,grain free small breed,0.0,1.0,0.0,4,0,4,0,grain,1062
control,knn,4,grain free small breed dry dog food,0.0,1.0,0.0,4,0,4,0,grain,7815
control,knn,4,grain free small dog food,0.0,1.0,0.0,4,0,4,0,grain,1123
control,knn,4,grain free soft dog food,0.25,0.75,0.0,4,1,3,0,grain,1084
control,knn,4,grain free soft dog treats,0.0,1.0,0.0,4,0,4,0,grain,2972
control,knn,4,grain free training treats,0.0,1.0,0.0,4,0,4,0,grain,997
control,knn,4,grain free training treats for dogs,0.0,1.0,0.0,4,0,4,0,grain,2451
control,knn,4,grain free treats,0.0,1.0,0.0,4,0,4,0,grain,9238
control,knn,4,grain free treats for dogs,0.0,1.0,0.0,4,0,4,0,grain,12609
control,knn,4,grain free weight control dog food,0.5,0.5,0.0,4,2,2,0,grain,970
control,knn,4,grain free weight management dog food,0.75,0.0,0.25,4,3,0,1,grain,1758
control,knn,4,grain free wet,0.0,1.0,0.0,4,0,4,0,grain,4438
control,knn,4,grain free wet cat food,0.0,0.5,0.5,4,0,2,2,grain,162972
control,knn,4,grain free wet cat food gravy,0.0,1.0,0.0,4,0,4,0,grain,2407
control,knn,4,grain free wet cat food in gravy,0.0,0.75,0.25,4,0,3,1,grain,1303
control,knn,4,grain free wet cat food pate,0.0,1.0,0.0,4,0,4,0,grain,5664
control,knn,4,grain free wet dog food,0.0,1.0,0.0,4,0,4,0,grain,60526
control,knn,4,grain free wet food,0.0,1.0,0.0,4,0,4,0,grain,2504
control,knn,4,grain free wet food cat,0.0,1.0,0.0,4,0,4,0,grain,1388
control,knn,4,grain free wet kitten food,0.0,1.0,0.0,4,0,4,0,grain,3865
control,knn,4,grain-free cat food,0.0,1.0,0.0,4,0,4,0,grain,11965
control,knn,4,grain-free cat food 5.5 oz,0.25,0.75,0.0,4,1,3,0,grain,1346
control,knn,4,grain-free cat treats,0.0,1.0,0.0,4,0,4,0,grain,4411
control,knn,4,grain-free dog food,0.0,1.0,0.0,4,0,4,0,grain,6389
control,knn,4,grain-free dry cat food,0.0,1.0,0.0,4,0,4,0,grain,2485
control,knn,4,grain-free dry dog food,0.0,1.0,0.0,4,0,4,0,grain,3951
control,knn,4,grain-free kitten food,0.0,1.0,0.0,4,0,4,0,grain,1368
control,knn,4,grain-free puppy food,0.0,1.0,0.0,4,0,4,0,grain,3839
control,knn,4,grainfree,0.0,1.0,0.0,4,0,4,0,grain,1016
control,knn,4,grainfree dog food,0.0,1.0,0.0,4,0,4,0,grain,8254
control,knn,4,grainfree dry,0.0,1.0,0.0,4,0,4,0,grain,4253
control,knn,4,grainfree dry cat food,0.0,1.0,0.0,4,0,4,0,grain,2854
control,knn,4,grainfree wet dog food,0.0,1.0,0.0,4,0,4,0,grain,1120
control,knn,4,greenies grain free,0.0,0.0,1.0,4,0,0,4,grain,2143
control,knn,4,greenies grain free dental treats for dogs,0.25,0.0,0.75,4,1,0,3,grain,3043
control,knn,4,halti no pull harness,0.25,0.75,0.0,4,1,3,0,pull,16145
control,knn,4,halti nylon padded no pull dog headcollar,1.0,0.0,0.0,4,4,0,0,pull,3333
control,knn,4,harness for large dog no pull,0.25,0.75,0.0,4,1,3,0,pull,21244
control,knn,4,harness for medium dog no pull,0.75,0.25,0.0,4,3,1,0,pull,3986
control,knn,4,harness for small dog no pull,0.75,0.25,0.0,4,3,1,0,pull,4085
control,knn,4,harness no pull,0.0,1.0,0.0,4,0,4,0,pull,8042
control,knn,4,hide free,1.0,0.0,0.0,4,4,0,0,hide,3326
control,knn,4,hide free chews,0.75,0.25,0.0,4,3,1,0,hide,2987
control,knn,4,hide free chicken recipe sticks,0.75,0.25,0.0,4,3,1,0,hide,4091
control,knn,4,hide free dog chews,1.0,0.0,0.0,4,4,0,0,hide,7175
control,knn,4,high protein grain free cat food,0.0,1.0,0.0,4,0,4,0,grain,2873
control,knn,4,high protein grain free dog food,0.0,1.0,0.0,4,0,4,0,grain,2240
control,knn,4,hills grain free,1.0,0.0,0.0,4,4,0,0,grain,1934
control,knn,4,hills grain free dog food,1.0,0.0,0.0,4,4,0,0,grain,1614
control,knn,4,hills grain free dog treats,1.0,0.0,0.0,4,4,0,0,grain,1039
control,knn,4,hills grain free soft baked naturals,1.0,0.0,0.0,4,4,0,0,grain,2698
control,knn,4,hills science diet grain free,1.0,0.0,0.0,4,4,0,0,grain,2229
control,knn,4,hills science diet no corn,0.0,1.0,0.0,4,0,4,0,corn,1007
control,knn,4,hills science grain free,0.75,0.25,0.0,4,3,1,0,grain,1458
control,knn,4,honest kitchen beef grain free,1.0,0.0,0.0,4,4,0,0,grain,1152
control,knn,4,honest kitchen dehydrated dog food grain free,0.0,1.0,0.0,4,0,4,0,grain,1269
control,knn,4,honest kitchen grain free,1.0,0.0,0.0,4,4,0,0,grain,3478
control,knn,4,honest kitchen grain free beef,0.5,0.5,0.0,4,2,2,0,grain,6296
control,knn,4,honest kitchen grain free dehydrated dog food,0.0,1.0,0.0,4,0,4,0,grain,1714
control,knn,4,honest kitchen grain free dog food,0.25,0.75,0.0,4,1,3,0,grain,4178
control,knn,4,horse fly mask without ears,0.25,0.75,0.0,4,1,3,0,ears,5781
control,knn,4,iams grain free cat food,0.75,0.25,0.0,4,3,1,0,grain,2047
control,knn,4,instinct grain free,0.0,1.0,0.0,4,0,4,0,grain,1055
control,knn,4,instinct raw meals real beef recipe grain-free adult freeze-dried dog food 25-oz bag,0.0,1.0,0.0,4,0,4,0,grain,1048
control,knn,4,iodine free cat food,0.0,0.0,1.0,4,0,0,4,iodine,3331
control,knn,4,jinx grain free,0.0,1.0,0.0,4,0,4,0,grain,1000
control,knn,4,jinx grain free dog food,0.0,1.0,0.0,4,0,4,0,grain,2938
control,knn,4,kaytee no mess,0.0,1.0,0.0,4,0,4,0,mess,992
control,knn,4,kaytee no mess blend wild bird food,0.0,1.0,0.0,4,0,4,0,mess,2512
control,knn,4,kaytee wild bird food no mess,0.0,1.0,0.0,4,0,4,0,mess,998
control,knn,4,kitten dry food grain free,0.0,1.0,0.0,4,0,4,0,grain,10184
control,knn,4,kitten food grain free,0.25,0.75,0.0,4,1,3,0,grain,6119
control,knn,4,kitten grain free,0.0,1.0,0.0,4,0,4,0,grain,2322
control,knn,4,kitten grain free wet food,0.0,1.0,0.0,4,0,4,0,grain,1749
control,knn,4,kitten wet food grain free,0.0,1.0,0.0,4,0,4,0,grain,7774
control,knn,4,kitten wet grain free food,0.0,1.0,0.0,4,0,4,0,grain,993
control,knn,4,kitty litter non clumping,0.0,1.0,0.0,4,0,4,0,clumping,6396
control,knn,4,lamb grain free dog food,0.0,1.0,0.0,4,0,4,0,grain,2809
control,knn,4,large breed grain free dog food,0.0,1.0,0.0,4,0,4,0,grain,1263
control,knn,4,large breed puppy food grain free,0.0,1.0,0.0,4,0,4,0,grain,1963
control,knn,4,large breed puppy food no chicken,1.0,0.0,0.0,4,4,0,0,chicken,1134
control,knn,4,large dog bones rawhide free,0.5,0.5,0.0,4,2,2,0,rawhide,6861
control,knn,4,large dog harness no pull,0.25,0.5,0.25,4,1,2,1,pull,8655
control,knn,4,legume free dog food,0.75,0.25,0.0,4,3,1,0,legume,7084
control,knn,4,lickable cat treats grain free,0.0,0.25,0.75,4,0,1,3,grain,1128
control,knn,4,licks pill free,1.0,0.0,0.0,4,4,0,0,pill,2506
control,knn,4,limited ingredient grain free dog food,0.0,1.0,0.0,4,0,4,0,grain,2088
control,knn,4,litter dust free,0.0,0.5,0.5,4,0,2,2,dust,3928
control,knn,4,litter no dust,0.25,0.0,0.75,4,1,0,3,dust,2280
control,knn,4,litter non clumping,1.0,0.0,0.0,4,4,0,0,non clumping,4359
control,knn,4,low fat grain free dog food,1.0,0.0,0.0,4,4,0,0,"grain, fat",1870
control,knn,4,merrick grain free,0.0,1.0,0.0,4,0,4,0,grain,4055
control,knn,4,merrick grain free dry dog food,0.0,1.0,0.0,4,0,4,0,grain,6428
control,knn,4,merrick lil plates grain free dog food,0.0,1.0,0.0,4,0,4,0,grain,3343
control,knn,4,merrick real texas beef + sweet potato recipe grain-free chicken-free adult dry dog food,0.0,1.0,0.0,4,0,4,0,"grain, chicken",1424
control,knn,4,mess free bird seed,0.0,1.0,0.0,4,0,4,0,mess,1049
control,knn,4,mess free water bowl,0.0,1.0,0.0,4,0,4,0,mess,4645
control,knn,4,natural farm odor-free bully sticks,0.0,1.0,0.0,4,0,4,0,odor,4570
control,knn,4,nature's recipe grain free,0.0,1.0,0.0,4,0,4,0,grain,2587
control,knn,4,natures logic grain free,0.0,1.0,0.0,4,0,4,0,grain,972
control,knn,4,natures recipe grain free,0.0,1.0,0.0,4,0,4,0,grain,6270
control,knn,4,natures recipe grain free dog food,0.0,1.0,0.0,4,0,4,0,grain,5311
control,knn,4,natures recipe grain free dry dog food,0.0,1.0,0.0,4,0,4,0,grain,12075
control,knn,4,natures recipe grain free wet dog food,0.0,1.0,0.0,4,0,4,0,grain,1012
control,knn,4,no bark,0.5,0.5,0.0,4,2,2,0,bark,10077
control,knn,4,no bark collar,0.0,1.0,0.0,4,0,4,0,pull,20454
control,knn,4,no bark collars,1.0,0.0,0.0,4,4,0,0,no bark,7969
control,knn,4,no cat pee,0.0,1.0,0.0,4,0,4,0,cat pee,1215
control,knn,4,no chew,0.25,0.75,0.0,4,1,3,0,chew,7596
control,knn,4,no chew dog bed,0.0,1.0,0.0,4,0,4,0,chew,3301
control,knn,4,no chew spray for cats,0.0,1.0,0.0,4,0,4,0,chew,4073
control,knn,4,no chew spray for dogs,0.0,1.0,0.0,4,0,4,0,chew,35353
control,knn,4,no chicken,0.75,0.0,0.25,4,3,0,1,chicken,2318
control,knn,4,no chicken cat food,1.0,0.0,0.0,4,4,0,0,chicken,4707
control,knn,4,no chicken dog food,0.75,0.0,0.25,4,3,0,1,chicken,32850
control,knn,4,no chicken dog treats,0.75,0.25,0.0,4,3,1,0,chicken,4769
control,knn,4,no chicken dry dog food,0.25,0.0,0.75,4,1,0,3,chicken,1204
control,knn,4,no chicken puppy food,1.0,0.0,0.0,4,4,0,0,chicken,2040
control,knn,4,no chicken treats,1.0,0.0,0.0,4,4,0,0,chicken,2185
control,knn,4,no chicken wet dog food,0.75,0.25,0.0,4,3,1,0,chicken,5034
control,knn,4,no clump litter,0.0,1.0,0.0,4,0,4,0,clump,3211
control,knn,4,no corn dog food,0.0,1.0,0.0,4,0,4,0,corn,2939
control,knn,4,no dust cat litter,0.25,0.0,0.75,4,1,0,3,dust,9502
control,knn,4,no dust clumping cat litter,0.25,0.0,0.75,4,1,0,3,dust,6710
control,knn,4,no dust litter,0.25,0.0,0.75,4,1,0,3,dust,2340
control,knn,4,no eat poop,1.0,0.0,0.0,4,4,0,0,poop,2705
control,knn,4,no escape dog harness,0.0,1.0,0.0,4,0,4,0,pull,11770
control,knn,4,no escape harness,0.25,0.75,0.0,4,1,3,0,pull,3530
control,knn,4,no fat dog treats,0.0,1.0,0.0,4,0,4,0,fat,2796
control,knn,4,no flap ear wrap,0.0,1.0,0.0,4,0,4,0,pull,18080
control,knn,4,no grain cat food,0.25,0.75,0.0,4,1,3,0,grain,5782
control,knn,4,no grain dog food,0.0,1.0,0.0,4,0,4,0,grain,15780
control,knn,4,no grain dog treats,0.0,0.75,0.25,4,0,3,1,grain,1637
control,knn,4,no grain dry cat food,0.0,1.0,0.0,4,0,4,0,grain,3032
control,knn,4,no grain wet cat food,0.0,1.0,0.0,4,0,4,0,grain,4489
control,knn,4,no grow bird seed,0.0,1.0,0.0,4,0,4,0,grow,2780
control,knn,4,no hide,0.0,1.0,0.0,4,0,4,0,hide,67837
control,knn,4,no hide bone,0.0,1.0,0.0,4,0,4,0,hide,1796
control,knn,4,no hide bones,0.0,1.0,0.0,4,0,4,0,hide,13773
control,knn,4,no hide chew,0.0,1.0,0.0,4,0,4,0,hide,1036
control,knn,4,no hide chews,0.0,1.0,0.0,4,0,4,0,hide,147107
control,knn,4,no hide chews earth animal,0.0,1.0,0.0,4,0,4,0,hide,70100
control,knn,4,no hide chews large,0.0,1.0,0.0,4,0,4,0,hide,3727
control,knn,4,no hide chews medium,0.0,1.0,0.0,4,0,4,0,hide,1253
control,knn,4,no hide chews small,0.0,1.0,0.0,4,0,4,0,hide,1325
control,knn,4,no hide dog chews,0.0,1.0,0.0,4,0,4,0,hide,4859
control,knn,4,no hide dog chews 4 inch,1.0,0.0,0.0,4,4,0,0,hide,1845
control,knn,4,no hide dog chews medium,0.0,1.0,0.0,4,0,4,0,hide,2123
control,knn,4,no hide dog chews small,0.75,0.25,0.0,4,3,1,0,hide,2663
control,knn,4,no hide large,0.0,1.0,0.0,4,0,4,0,hide,3009
control,knn,4,no hide large rolls,0.0,1.0,0.0,4,0,4,0,hide,1346
control,knn,4,no hide medium,0.0,1.0,0.0,4,0,4,0,hide,1886
control,knn,4,no hide medium rolls,0.0,1.0,0.0,4,0,4,0,hide,2357
control,knn,4,no hide peanut butter,0.75,0.25,0.0,4,3,1,0,hide,1187
control,knn,4,no hide pumpkin,0.0,1.0,0.0,4,0,4,0,hide,1310
control,knn,4,no hide raw hide,0.75,0.25,0.0,4,3,1,0,rawhide,2210
control,knn,4,no hide rawhide,0.75,0.25,0.0,4,3,1,0,rawhide,2269
control,knn,4,no hide rolls,0.0,1.0,0.0,4,0,4,0,hide,1612
control,knn,4,no hide salmon,0.0,1.0,0.0,4,0,4,0,hide,2174
control,knn,4,no hide small rolls,0.25,0.75,0.0,4,1,3,0,hide,1257
control,knn,4,no hide sticks,0.0,1.0,0.0,4,0,4,0,hide,2520
control,knn,4,no hide stix,0.0,1.0,0.0,4,0,4,0,hide,7433
control,knn,4,no hide strips,0.0,1.0,0.0,4,0,4,0,hide,3815
control,knn,4,no hide venison,0.0,0.75,0.25,4,0,3,1,hide,1136
control,knn,4,no hides,0.0,1.0,0.0,4,0,4,0,hides,2331
control,knn,4,no holes,0.25,0.75,0.0,4,1,3,0,holes,2104
control,knn,4,no lick,0.75,0.25,0.0,4,3,1,0,lick,1801
control,knn,4,no melt suet,1.0,0.0,0.0,4,4,0,0,no melt,2781
control,knn,4,no melt suet cakes for birds,0.0,1.0,0.0,4,0,4,0,melt,3006
control,knn,4,no melt suet cakes for wild birds,0.0,1.0,0.0,4,0,4,0,melt,1040
control,knn,4,no mess bird feeder,0.0,1.0,0.0,4,0,4,0,mess,2078
control,knn,4,no mess bird food,0.0,1.0,0.0,4,0,4,0,mess,1778
control,knn,4,no mess bird seed,0.0,1.0,0.0,4,0,4,0,mess,10066
control,knn,4,no mess water bowl,0.0,1.0,0.0,4,0,4,0,mess,4197
control,knn,4,no mess wild bird food,0.0,1.0,0.0,4,0,4,0,mess,2594
control,knn,4,no mess wild bird seed,0.0,1.0,0.0,4,0,4,0,mess,22655
control,knn,4,no millet bird seed,1.0,0.0,0.0,4,4,0,0,millet,1078
control,knn,4,no odor bully sticks,0.5,0.5,0.0,4,2,2,0,odor,4474
control,knn,4,no pee,0.75,0.25,0.0,4,3,1,0,pee,2549
control,knn,4,no poo,1.0,0.0,0.0,4,4,0,0,poo,5242
control,knn,4,no poo chews,0.75,0.25,0.0,4,3,1,0,poo,3342
control,knn,4,no poo chews for dogs,0.5,0.5,0.0,4,2,2,0,poo,4691
control,knn,4,no poop,1.0,0.0,0.0,4,4,0,0,poop,3632
control,knn,4,no poop chews,1.0,0.0,0.0,4,4,0,0,poop,31892
control,knn,4,no poop eating,1.0,0.0,0.0,4,4,0,0,poop eating,16984
control,knn,4,no poultry dog food,0.0,0.0,1.0,4,0,0,4,poultry,1345
control,knn,4,no pull,0.25,0.75,0.0,4,1,3,0,pull,9044
control,knn,4,no pull collar,0.75,0.25,0.0,4,3,1,0,pull,20932
control,knn,4,no pull collar for dogs,0.25,0.75,0.0,4,1,3,0,pull,3540
control,knn,4,no pull collars,0.75,0.25,0.0,4,3,1,0,pull,1721
control,knn,4,no pull dog collar,0.0,1.0,0.0,4,0,4,0,pull,5502
control,knn,4,no pull dog harness,0.0,1.0,0.0,4,0,4,0,pull,32134
control,knn,4,no pull dog harnesses,0.0,1.0,0.0,4,0,4,0,pull,211607
control,knn,4,no pull dog leash,0.0,1.0,0.0,4,0,4,0,pull,4200
control,knn,4,no pull harness,0.0,1.0,0.0,4,0,4,0,pull,54525
control,knn,4,no pull harness for dogs,0.0,1.0,0.0,4,0,4,0,pull,114468
control,knn,4,no pull harness for large dog,0.0,1.0,0.0,4,0,4,0,pull,1918
control,knn,4,no pull harness for large dogs,0.0,1.0,0.0,4,0,4,0,pull,24205
control,knn,4,no pull harness for medium dog,0.0,1.0,0.0,4,0,4,0,pull,8720
control,knn,4,no pull harness for small dog,0.0,1.0,0.0,4,0,4,0,pull,13902
control,knn,4,no pull harnesses,0.0,1.0,0.0,4,0,4,0,pull,1272
control,knn,4,no pull head collar,0.0,1.0,0.0,4,0,4,0,pull,2574
control,knn,4,no pull leash,0.25,0.75,0.0,4,1,3,0,pull,21703
control,knn,4,no pull training collar,0.5,0.5,0.0,4,2,2,0,pull,1134
control,knn,4,no rawhide,0.0,1.0,0.0,4,0,4,0,rawhide,2332
control,knn,4,no rawhide bones,1.0,0.0,0.0,4,4,0,0,rawhide,12951
control,knn,4,no rawhide chews,0.25,0.75,0.0,4,1,3,0,rawhide,2715
control,knn,4,no rawhide dog chews,0.5,0.5,0.0,4,2,2,0,rawhide,35562
control,knn,4,no rawhide treats,0.75,0.25,0.0,4,3,1,0,rawhide,4068
control,knn,4,no scoot for dogs,1.0,0.0,0.0,4,4,0,0,scoot,25922
control,knn,4,no scratch,0.75,0.25,0.0,4,3,1,0,scratch,3930
control,knn,4,no scratch spray,0.75,0.25,0.0,4,3,1,0,scratch,7315
control,knn,4,no scratch spray for cats,0.75,0.25,0.0,4,3,1,0,scratch,1019
control,knn,4,no shock bark collar,0.0,0.5,0.5,4,0,2,2,shock,12886
control,knn,4,no shock collar,0.5,0.5,0.0,4,2,2,0,shock,1007
control,knn,4,no shock dog collar,0.75,0.25,0.0,4,3,1,0,shock,1356
control,knn,4,no shock training collar,0.75,0.25,0.0,4,3,1,0,shock,7048
control,knn,4,no slip collar,0.75,0.25,0.0,4,3,1,0,pull,1199
control,knn,4,no slip dog collar,0.0,1.0,0.0,4,0,4,0,pull,2153
control,knn,4,no slip dog socks,0.0,1.0,0.0,4,0,4,0,pull,3399
control,knn,4,no slip harness,1.0,0.0,0.0,4,4,0,0,pull,2053
control,knn,4,no spill dog bowl,0.75,0.25,0.0,4,3,1,0,spill,4573
control,knn,4,no spill dog water bowl,0.25,0.75,0.0,4,1,3,0,spill,28061
control,knn,4,no spill water bowl,0.5,0.5,0.0,4,2,2,0,spill,30994
control,knn,4,no splash water bowl,0.0,1.0,0.0,4,0,4,0,pull,3317
control,knn,4,no spray cat,1.0,0.0,0.0,4,4,0,0,spray,2497
control,knn,4,no squeak dog toy,0.5,0.5,0.0,4,2,2,0,squeak,990
control,knn,4,no squeak dog toys,0.5,0.5,0.0,4,2,2,0,squeak,40129
control,knn,4,no squirrel bird seed,0.25,0.75,0.0,4,1,3,0,squirrel,5398
control,knn,4,no stuffing,0.25,0.75,0.0,4,1,3,0,stuffing,2020
control,knn,4,no stuffing dog toy,0.0,1.0,0.0,4,0,4,0,stuffing,8094
control,knn,4,no stuffing dog toys,0.0,1.0,0.0,4,0,4,0,stuffing,97772
control,knn,4,no stuffing toy,0.0,1.0,0.0,4,0,4,0,stuffing,3277
control,knn,4,no stuffing toys,0.0,1.0,0.0,4,0,4,0,stuffing,5673
control,knn,4,no sugar dog treats,0.0,0.0,1.0,4,0,0,4,sugar,1361
control,knn,4,no sugar horse treats,0.0,0.5,0.5,4,0,2,2,sugar,1315
control,knn,4,no tangle leash,0.25,0.75,0.0,4,1,3,0,pull,1186
control,knn,4,no tip dog bowl,0.0,1.0,0.0,4,0,4,0,pull,1033
control,knn,4,no tip water bowl,0.25,0.75,0.0,4,1,3,0,tip,6005
control,knn,4,no toot,0.75,0.25,0.0,4,3,1,0,toot,1991
control,knn,4,no track cat litter,1.0,0.0,0.0,4,4,0,0,track,1419
control,knn,4,no tracking cat litter,0.5,0.5,0.0,4,2,2,0,tracking,13088
control,knn,4,no tracking litter,0.75,0.25,0.0,4,3,1,0,tracking,1397
control,knn,4,no waste bird food,0.25,0.75,0.0,4,1,3,0,waste,2152
control,knn,4,no waste bird seed,0.0,1.0,0.0,4,0,4,0,waste,9270
control,knn,4,no waste wild bird food,0.0,1.0,0.0,4,0,4,0,waste,2693
control,knn,4,no waste wild bird seed,0.0,1.0,0.0,4,0,4,0,waste,24563
control,knn,4,no zip stroller,0.0,1.0,0.0,4,0,4,0,zip,1518
control,knn,4,non absorbent cat litter,0.25,0.75,0.0,4,1,3,0,non absorbent,1507
control,knn,4,non chew dog bed,0.0,1.0,0.0,4,0,4,0,chew,995
control,knn,4,non chicken dog food,0.0,0.5,0.5,4,0,2,2,chicken,3858
control,knn,4,non chicken dog treats,0.0,0.5,0.5,4,0,2,2,chicken,1718
control,knn,4,non clay cat litter,0.25,0.75,0.0,4,1,3,0,clay,5979
control,knn,4,non clay litter,0.5,0.5,0.0,4,2,2,0,clay,2271
control,knn,4,non clumping,0.0,1.0,0.0,4,0,4,0,clumping,1334
control,knn,4,non clumping cat litter,1.0,0.0,0.0,4,4,0,0,non clumping,121355
control,knn,4,non clumping kitty litter,1.0,0.0,0.0,4,4,0,0,non clumping,1510
control,knn,4,non clumping unscented cat litter,1.0,0.0,0.0,4,4,0,0,"non clumping unscented cat litter

the user is actually looking for cat litter",11479
control,knn,4,non gmo,0.0,1.0,0.0,4,0,4,0,gmo,1156
control,knn,4,non gmo cat food,0.0,1.0,0.0,4,0,4,0,gmo,2288
control,knn,4,non gmo chicken feed,0.0,1.0,0.0,4,0,4,0,gmo,16510
control,knn,4,non gmo dog food,0.0,1.0,0.0,4,0,4,0,gmo,11060
control,knn,4,non gmo dog treats,1.0,0.0,0.0,4,4,0,0,non gmo,994
control,knn,4,non gmo wet dog food,0.0,1.0,0.0,4,0,4,0,gmo,1029
control,knn,4,non grain dog food,0.0,1.0,0.0,4,0,4,0,grain,1089
control,knn,4,non kibble dog food,1.0,0.0,0.0,4,4,0,0,kibble,1761
control,knn,4,non prescription flea medicine,0.25,0.75,0.0,4,1,3,0,non prescription,1077
control,knn,4,non prescription flea meds,1.0,0.0,0.0,4,4,0,0,non prescription,1229
control,knn,4,non prescription pain meds for dogs,0.25,0.75,0.0,4,1,3,0,prescription,3980
control,knn,4,non pull harness,0.0,1.0,0.0,4,0,4,0,pull,5327
control,knn,4,non raw hide,0.5,0.5,0.0,4,2,2,0,rawhide,1225
control,knn,4,non rawhide,0.25,0.75,0.0,4,1,3,0,rawhide,1020
control,knn,4,non rawhide bones,0.25,0.75,0.0,4,1,3,0,rawhide,18977
control,knn,4,non rawhide chews,0.0,1.0,0.0,4,0,4,0,rawhide,10766
control,knn,4,non rawhide dog chews,0.0,1.0,0.0,4,0,4,0,rawhide,70094
control,knn,4,non rawhide dog treats,0.0,1.0,0.0,4,0,4,0,rawhide,2882
control,knn,4,non scented litter,0.5,0.25,0.25,4,2,1,1,scented,1755
control,knn,4,non squeaky dog toys,1.0,0.0,0.0,4,4,0,0,squeaky,17562
control,knn,4,non stuffed dog toys,0.25,0.75,0.0,4,1,3,0,stuffed,6207
control,knn,4,non tip water bowl,0.0,1.0,0.0,4,0,4,0,tip,6861
control,knn,4,non toxic cat litter,0.0,1.0,0.0,4,0,4,0,toxic,1267
control,knn,4,non tracking cat litter,0.5,0.25,0.25,4,2,1,1,tracking,18311
control,knn,4,non tracking litter,0.5,0.5,0.0,4,2,2,0,tracking,3003
control,knn,4,non-gmo dog food,0.0,1.0,0.0,4,0,4,0,gmo,3007
control,knn,4,nulo grain free,0.0,1.0,0.0,4,0,4,0,grain,4152
control,knn,4,nutrish dog food grain free,0.0,1.0,0.0,4,0,4,0,grain,1003
control,knn,4,nutrish grain free dog food,0.0,1.0,0.0,4,0,4,0,grain,4382
control,knn,4,nutro grain free,0.5,0.5,0.0,4,2,2,0,grain,2591
control,knn,4,nutro grain free dog food,0.25,0.75,0.0,4,1,3,0,grain,4841
control,knn,4,odor free bully stick,0.5,0.5,0.0,4,2,2,0,odor,1494
control,knn,4,odor free bully sticks,0.25,0.75,0.0,4,1,3,0,odor,9025
control,knn,4,odor free bully sticks for dogs,0.25,0.75,0.0,4,1,3,0,odor,27702
control,knn,4,open farm grain free,0.25,0.75,0.0,4,1,3,0,grain,1704
control,knn,4,open farm grain free dog food,0.5,0.5,0.0,4,2,2,0,grain,2175
control,knn,4,organic chicken feed soy free,0.0,1.0,0.0,4,0,4,0,soy,1525
control,knn,4,organic grain free cat treats,0.0,0.75,0.25,4,0,3,1,grain,2085
control,knn,4,organic non gmo chicken feed,1.0,0.0,0.0,4,4,0,0,non gmo,1154
control,knn,4,organic soy free chicken feed,0.0,1.0,0.0,4,0,4,0,soy,2338
control,knn,4,origin grain free dog,0.75,0.25,0.0,4,3,1,0,grain,5901
control,knn,4,origin grain free puppy,0.0,1.0,0.0,4,0,4,0,grain,3607
control,knn,4,orijen grain free,0.25,0.75,0.0,4,1,3,0,grain,1665
control,knn,4,orijen grain free cat,0.0,1.0,0.0,4,0,4,0,grain,1533
control,knn,4,orijen grain free dog,0.25,0.75,0.0,4,1,3,0,grain,2373
control,knn,4,orijen grain free dog food,0.5,0.5,0.0,4,2,2,0,grain,2503
control,knn,4,orijen grain free puppy,0.0,1.0,0.0,4,0,4,0,grain,2493
control,knn,4,orijen grain free treats,0.0,1.0,0.0,4,0,4,0,grain,1785
control,knn,4,pate grain free cat food,0.0,1.0,0.0,4,0,4,0,grain,1105
control,knn,4,pea free dog food,1.0,0.0,0.0,4,4,0,0,pea,5939
control,knn,4,pet safe easy walk no pull harness,1.0,0.0,0.0,4,4,0,0,pull,1953
control,knn,4,pigeon feed no corn,0.75,0.25,0.0,4,3,1,0,corn,3687
control,knn,4,pigeon food no corn,0.5,0.5,0.0,4,2,2,0,corn,1756
control,knn,4,pork chomps rawhide free,0.0,1.0,0.0,4,0,4,0,rawhide,129324
control,knn,4,pork chomps rawhide free dog bones,0.0,1.0,0.0,4,0,4,0,rawhide,3737
control,knn,4,poultry free,0.25,0.0,0.75,4,1,0,3,poultry,2348
control,knn,4,poultry free cat food,0.5,0.5,0.0,4,2,2,0,poultry,1975
control,knn,4,poultry free dog food,0.5,0.0,0.5,4,2,0,2,poultry,17789
control,knn,4,poultry free dog treats,1.0,0.0,0.0,4,4,0,0,poultry,1753
control,knn,4,poultry free wet dog food,1.0,0.0,0.0,4,4,0,0,poultry,1701
control,knn,4,pro plan grain free,1.0,0.0,0.0,4,4,0,0,grain,1681
control,knn,4,protein free dog treats,0.75,0.25,0.0,4,3,1,0,protein,5096
control,knn,4,puppy food chicken free,1.0,0.0,0.0,4,4,0,0,chicken,1032
control,knn,4,puppy food grain free,0.0,1.0,0.0,4,0,4,0,grain,7002
control,knn,4,puppy food no chicken,1.0,0.0,0.0,4,4,0,0,chicken,2518
control,knn,4,puppy food with no chicken,1.0,0.0,0.0,4,4,0,0,chicken,1040
control,knn,4,puppy food without chicken,1.0,0.0,0.0,4,4,0,0,chicken,1606
control,knn,4,puppy grain free,0.0,1.0,0.0,4,0,4,0,grain,1298
control,knn,4,puppy grain free food,0.25,0.75,0.0,4,1,3,0,grain,1140
control,knn,4,pure balance grain free,0.25,0.75,0.0,4,1,3,0,grain,11504
control,knn,4,purina beneful grain free,1.0,0.0,0.0,4,4,0,0,grain,1945
control,knn,4,purina beyond grain free cat food,0.75,0.0,0.25,4,3,0,1,grain,8992
control,knn,4,purina beyond grain free dog food,0.0,1.0,0.0,4,0,4,0,grain,3884
control,knn,4,purina beyond grain free dry cat food,0.75,0.25,0.0,4,3,1,0,grain,2080
control,knn,4,purina cat food grain free,0.5,0.5,0.0,4,2,2,0,grain,5440
control,knn,4,purina cat grain free,0.75,0.25,0.0,4,3,1,0,grain,1273
control,knn,4,purina grain free,0.0,1.0,0.0,4,0,4,0,grain,8189
control,knn,4,purina grain free cat food,0.0,1.0,0.0,4,0,4,0,grain,2326
control,knn,4,purina grain free dog food,0.0,1.0,0.0,4,0,4,0,grain,3037
control,knn,4,purina grain free dry cat food,0.0,1.0,0.0,4,0,4,0,grain,19168
control,knn,4,purina grain free dry dog food,0.0,1.0,0.0,4,0,4,0,grain,8138
control,knn,4,purina grain free wet cat food,0.0,0.5,0.5,4,0,2,2,grain,7458
control,knn,4,purina grain free wet dog food,0.0,1.0,0.0,4,0,4,0,grain,2342
control,knn,4,purina one grain free,0.25,0.75,0.0,4,1,3,0,grain,4066
control,knn,4,purina one grain free cat food,0.0,1.0,0.0,4,0,4,0,grain,1649
control,knn,4,purina one grain free dog food,0.25,0.75,0.0,4,1,3,0,grain,5270
control,knn,4,purina one grain free dry cat food,1.0,0.0,0.0,4,4,0,0,grain,5886
control,knn,4,purina one grain free wet cat food,0.0,1.0,0.0,4,0,4,0,grain,17042
control,knn,4,purina one wet cat food grain free,0.0,1.0,0.0,4,0,4,0,grain,1114
control,knn,4,purina pro plan for cats grain free,0.25,0.75,0.0,4,1,3,0,grain,1589
control,knn,4,purina pro plan for dogs grain free,0.75,0.25,0.0,4,3,1,0,grain,975
control,knn,4,purina pro plan grain free,0.75,0.25,0.0,4,3,1,0,grain,7034
control,knn,4,python no spill,0.75,0.25,0.0,4,3,1,0,spill,5465
control,knn,4,rachel ray grain free dog food,0.0,1.0,0.0,4,0,4,0,grain,4812
control,knn,4,raw hide free,0.0,1.0,0.0,4,0,4,0,rawhide,2193
control,knn,4,raw hide free bones,0.0,1.0,0.0,4,0,4,0,rawhide,3187
control,knn,4,raw hide free dog bones,0.0,1.0,0.0,4,0,4,0,rawhide,1011
control,knn,4,raw hide free dog chews,0.0,1.0,0.0,4,0,4,0,rawhide,25587
control,knn,4,raw hide free large dog chews,0.5,0.5,0.0,4,2,2,0,rawhide,1264
control,knn,4,rawhide free,0.0,1.0,0.0,4,0,4,0,rawhide,17055
control,knn,4,rawhide free bones,0.0,1.0,0.0,4,0,4,0,rawhide,6443
control,knn,4,rawhide free chew,0.0,1.0,0.0,4,0,4,0,rawhide,1282
control,knn,4,rawhide free chews,0.0,1.0,0.0,4,0,4,0,rawhide,58043
control,knn,4,rawhide free dog bones,0.0,1.0,0.0,4,0,4,0,rawhide,135517
control,knn,4,rawhide free dog bones & chews,0.0,1.0,0.0,4,0,4,0,rawhide,1390
control,knn,4,rawhide free dog bones & chews for large dogs,0.0,1.0,0.0,4,0,4,0,rawhide,4358
control,knn,4,rawhide free dog bones long lasting,0.0,0.75,0.25,4,0,3,1,rawhide,14868
control,knn,4,rawhide free dog chews,0.0,1.0,0.0,4,0,4,0,rawhide,6526
control,knn,4,rawhide free dog chews long lasting,0.0,1.0,0.0,4,0,4,0,rawhide,4471
control,knn,4,rawhide free dog treats,0.0,1.0,0.0,4,0,4,0,rawhide,29794
control,knn,4,rawhide free sticks,0.0,1.0,0.0,4,0,4,0,rawhide,2264
control,knn,4,rawhide free treats,0.0,1.0,0.0,4,0,4,0,rawhide,1840
control,knn,4,rice free dog food,0.25,0.5,0.25,4,1,2,1,rice,1195
control,knn,4,royal canin grain free,0.25,0.0,0.75,4,1,0,3,grain,2432
control,knn,4,salmon dog food grain free,0.25,0.75,0.0,4,1,3,0,grain,975
control,knn,4,salmon grain free dog food,0.25,0.75,0.0,4,1,3,0,grain,8103
control,knn,4,salt free dog food,0.0,0.0,1.0,4,0,0,4,salt,1015
control,knn,4,scent free cat litter,0.25,0.5,0.25,4,1,2,1,scent,2695
control,knn,4,scent free litter,0.25,0.75,0.0,4,1,3,0,scent,3172
control,knn,4,science diet grain free,1.0,0.0,0.0,4,4,0,0,grain,4491
control,knn,4,senior cat food grain free,0.25,0.75,0.0,4,1,3,0,grain,1110
control,knn,4,senior dog food grain free,0.0,1.0,0.0,4,0,4,0,grain,1394
control,knn,4,senior grain free dog food,0.0,1.0,0.0,4,0,4,0,grain,4724
control,knn,4,sheba grain free,0.0,1.0,0.0,4,0,4,0,grain,1917
control,knn,4,shell free bird seed,0.0,0.75,0.25,4,0,3,1,shell,1278
control,knn,4,small black stroller no zip,0.0,1.0,0.0,4,0,4,0,zip,1046
control,knn,4,small breed grain free,0.0,1.0,0.0,4,0,4,0,grain,1509
control,knn,4,small breed grain free dog food,0.0,1.0,0.0,4,0,4,0,grain,2340
control,knn,4,small breed grain free dry dog food,0.0,1.0,0.0,4,0,4,0,grain,2354
control,knn,4,small dog no pull harness,0.0,1.0,0.0,4,0,4,0,pull,1740
control,knn,4,small no pull harness,0.5,0.5,0.0,4,2,2,0,pull,1148
control,knn,4,soft grain free dog treats,0.25,0.75,0.0,4,1,3,0,grain,2135
control,knn,4,soy and corn free chicken feed,0.25,0.75,0.0,4,1,3,0,soy and corn,1287
control,knn,4,soy free chicken feed,0.0,1.0,0.0,4,0,4,0,soy,11839
control,knn,4,soy free horse feed,0.0,1.0,0.0,4,0,4,0,soy,5431
control,knn,4,soy free layer feed,0.5,0.25,0.25,4,2,1,1,soy,1175
control,knn,4,sporn mesh no pull dog harness,0.75,0.25,0.0,4,3,1,0,pull,7687
control,knn,4,stella and chewy grain free,0.0,1.0,0.0,4,0,4,0,grain,1117
control,knn,4,stink free,0.0,1.0,0.0,4,0,4,0,stink,3161
control,knn,4,stuffing free,0.0,1.0,0.0,4,0,4,0,stuffing,6904
control,knn,4,stuffing free dog toy,0.0,1.0,0.0,4,0,4,0,stuffing,4687
control,knn,4,stuffing free dog toys,0.0,1.0,0.0,4,0,4,0,stuffing,142348
control,knn,4,stuffing free dog toys large,0.0,1.0,0.0,4,0,4,0,stuffing,21225
control,knn,4,stuffing free dog toys small,0.0,1.0,0.0,4,0,4,0,stuffing,6376
control,knn,4,stuffing free toy,0.0,1.0,0.0,4,0,4,0,stuffing,2294
control,knn,4,stuffing free toys,0.0,1.0,0.0,4,0,4,0,stuffing,1123
control,knn,4,stuffing-free,0.0,1.0,0.0,4,0,4,0,stuffing,1079
control,knn,4,suet cakes for wild birds no melt,0.0,0.75,0.25,4,0,3,1,melt,7772
control,knn,4,sugar free,0.75,0.0,0.25,4,3,0,1,sugar,1515
control,knn,4,sugar free dog treats,0.0,0.25,0.75,4,0,1,3,sugar,9955
control,knn,4,sugar free horse treats,0.5,0.0,0.5,4,2,0,2,sugar,8411
control,knn,4,taste of the wild dog food grain free,0.0,1.0,0.0,4,0,4,0,grain,1243
control,knn,4,taste of the wild grain free,0.0,1.0,0.0,4,0,4,0,grain,2805
control,knn,4,taste of the wild grain free dog food,0.0,1.0,0.0,4,0,4,0,grain,8357
control,knn,4,taste of the wild high prairie grain-free dry dog food,0.0,1.0,0.0,4,0,4,0,grain,1435
control,knn,4,tear free dog shampoo,0.5,0.5,0.0,4,2,2,0,tear,7647
control,knn,4,the honest kitchen for dogs grain free,0.25,0.75,0.0,4,1,3,0,grain,1325
control,knn,4,the honest kitchen grain free,1.0,0.0,0.0,4,4,0,0,grain,2403
control,knn,4,tidy cats free,1.0,0.0,0.0,4,4,0,0,free,1197
control,knn,4,tidy cats free & clean unscented,1.0,0.0,0.0,4,4,0,0,unscented,999
control,knn,4,tidy cats free and clean unscented,1.0,0.0,0.0,4,4,0,0,unscented,7587
control,knn,4,tidy cats non clumping litter for cats,1.0,0.0,0.0,4,4,0,0,non clumping,2835
control,knn,4,tiny tiger grain free,0.0,1.0,0.0,4,0,4,0,grain,1318
control,knn,4,toy no stuffing,0.0,1.0,0.0,4,0,4,0,stuffing,1060
control,knn,4,toys no stuffing,0.0,1.0,0.0,4,0,4,0,stuffing,1635
control,knn,4,toys with no stuffing,0.0,1.0,0.0,4,0,4,0,stuffing,4057
control,knn,4,treats for dogs with no teeth,1.0,0.0,0.0,4,4,0,0,teeth,1406
control,knn,4,tuffy no stuff,0.25,0.75,0.0,4,1,3,0,stuff,1489
control,knn,4,turkey grain free,0.0,1.0,0.0,4,0,4,0,grain,1309
control,knn,4,ultra grain free,0.25,0.75,0.0,4,1,3,0,grain,978
control,knn,4,unscented dust free cat litter,0.5,0.25,0.25,4,2,1,1,"dust, scent",1132
control,knn,4,unscented dust free clumping cat litter,1.0,0.0,0.0,4,4,0,0,unscented,972
control,knn,4,unscented dust free litter,0.25,0.75,0.0,4,1,3,0,"unscented
dust",1250
control,knn,4,unscented non clumping cat litter,1.0,0.0,0.0,4,4,0,0,non clumping,7305
control,knn,4,vetivex veterinary dehp free lactated ringers electrolyte injection solution 1000-ml,0.5,0.0,0.5,4,2,0,2,dehp,5570
control,knn,4,victor grain free,0.75,0.25,0.0,4,3,1,0,grain,2601
control,knn,4,victor grain free dog food,0.0,1.0,0.0,4,0,4,0,grain,5635
control,knn,4,victor hi-pro plus 30/20 active sporting high protein gluten-free dry dog food,0.0,1.0,0.0,4,0,4,0,gluten,1151
control,knn,4,wag grain free dog food,1.0,0.0,0.0,4,4,0,0,grain,3193
control,knn,4,waste free bird seed,0.0,1.0,0.0,4,0,4,0,waste,4797
control,knn,4,waste free wild bird seed,0.25,0.75,0.0,4,1,3,0,waste,12115
control,knn,4,water bowl no spill,0.5,0.5,0.0,4,2,2,0,spill,2058
control,knn,4,weight management dog food no chicken,1.0,0.0,0.0,4,4,0,0,chicken,1021
control,knn,4,wellness core grain free,0.25,0.75,0.0,4,1,3,0,grain,1527
control,knn,4,wellness core grain free cat food,0.0,1.0,0.0,4,0,4,0,grain,2510
control,knn,4,wellness core grain free dog food,0.0,1.0,0.0,4,0,4,0,grain,8637
control,knn,4,wellness dry dog food grain free,0.0,1.0,0.0,4,0,4,0,grain,2057
control,knn,4,wellness grain free,0.0,1.0,0.0,4,0,4,0,grain,1617
control,knn,4,wellness grain free cat food,0.25,0.75,0.0,4,1,3,0,grain,2248
control,knn,4,wellness grain free dog food,0.0,1.0,0.0,4,0,4,0,grain,4682
control,knn,4,wet cat food grain free,0.0,0.75,0.25,4,0,3,1,grain,16508
control,knn,4,wet dog food grain free,0.0,1.0,0.0,4,0,4,0,grain,6455
control,knn,4,wet dog food no chicken,0.75,0.25,0.0,4,3,1,0,chicken,1981
control,knn,4,wet dog food without chicken,0.25,0.75,0.0,4,1,3,0,chicken,1194
control,knn,4,wet grain free cat food,0.25,0.75,0.0,4,1,3,0,grain,4900
control,knn,4,wet grain free dog food,0.0,1.0,0.0,4,0,4,0,grain,4103
control,knn,4,wet kitten food grain free,0.25,0.75,0.0,4,1,3,0,grain,2250
control,knn,4,wheat free cat food,0.0,1.0,0.0,4,0,4,0,wheat,5111
control,knn,4,wheat free dog food,0.0,0.5,0.5,4,0,2,2,wheat,6961
control,knn,4,wheat free dog treats,0.25,0.5,0.25,4,1,2,1,wheat,9289
control,knn,4,wheat free puppy food,0.5,0.5,0.0,4,2,2,0,wheat,4122
control,knn,4,whole earth farms grain-free,0.0,1.0,0.0,4,0,4,0,grain,5914
control,knn,4,whole hearted grain free,0.5,0.5,0.0,4,2,2,0,grain,1214
control,knn,4,wholesome grain free,0.0,1.0,0.0,4,0,4,0,grain,2131
control,knn,4,wholesomes grain free dog food,0.0,1.0,0.0,4,0,4,0,grain,2158
control,knn,4,wild bird seed no waste,0.0,0.75,0.25,4,0,3,1,waste,14889
control,knn,4,yeast free dog food,0.25,0.0,0.75,4,1,0,3,yeast,6961
control,knn,10,2 hounds design freedom no pull dog harness,0.8,0.2,0.0,10,8,2,0,pull,13268
control,knn,10,acana grain free,0.3,0.7,0.0,10,3,7,0,grain,1372
control,knn,10,acana grain free cat,0.1,0.7,0.2,10,1,7,2,grain,1699
control,knn,10,acana grain-free food for dogs,0.2,0.8,0.0,10,2,8,0,grain,3087
control,knn,10,adjustable no pull harness,1.0,0.0,0.0,10,10,0,0,pull,974
control,knn,10,aller free,0.5,0.4,0.1,10,5,4,1,aller,974
control,knn,10,allergy free cat food,0.3,0.7,0.0,10,3,7,0,allergy,1923
control,knn,10,allergy free dog food,0.2,0.8,0.0,10,2,8,0,allergy,2462
control,knn,10,allergy free dog treats,0.2,0.6,0.2,10,2,6,2,allergy,4371
control,knn,10,american journey grain free,0.0,1.0,0.0,10,0,10,0,grain,1049
control,knn,10,american journey grain free dog food,0.1,0.9,0.0,10,1,9,0,grain,3336
control,knn,10,audubon park waste free,0.3,0.7,0.0,10,3,7,0,waste free,2251
control,knn,10,bark collar no shock,0.5,0.2,0.3,10,5,2,3,shock,3859
control,knn,10,barkworthies odor free bully sticks,0.1,0.9,0.0,10,1,9,0,odor,3939
control,knn,10,beef dog food grain free,0.0,1.0,0.0,10,0,10,0,grain,1044
control,knn,10,beef grain free dog food,0.0,1.0,0.0,10,0,10,0,grain,2045
control,knn,10,beneful grain free,1.0,0.0,0.0,10,10,0,0,grain,1604
control,knn,10,best bully sticks odor free,0.0,1.0,0.0,10,0,10,0,odor,2943
control,knn,10,best no pull harness,0.4,0.6,0.0,10,4,6,0,pull,1798
control,knn,10,beyond dry cat food grain free,0.3,0.6,0.1,10,3,6,1,grain,5250
control,knn,10,beyond grain free,0.6,0.4,0.0,10,6,4,0,grain,2372
control,knn,10,beyond grain free cat food dry,0.5,0.5,0.0,10,5,5,0,grain,3779
control,knn,10,beyond grain free dry cat food,0.6,0.4,0.0,10,6,4,0,grain,2175
control,knn,10,beyond grain free wet cat food,0.2,0.6,0.2,10,2,6,2,grain,1433
control,knn,10,beyond simply grain free cat food,0.7,0.2,0.1,10,7,2,1,grain,3366
control,knn,10,bird food wild no mess,0.0,1.0,0.0,10,0,10,0,mess,1138
control,knn,10,bird seed no mess,0.0,1.0,0.0,10,0,10,0,mess,1067
control,knn,10,bird seed no waste,0.0,0.9,0.1,10,0,9,1,waste,3357
control,knn,10,bird seed wild no mess,0.0,1.0,0.0,10,0,10,0,mess,3963
control,knn,10,bird seed wild no waste,0.1,0.9,0.0,10,1,9,0,waste,16977
control,knn,10,bird suet cakes no melt,0.0,0.9,0.1,10,0,9,1,melt,3661
control,knn,10,blue buffalo chicken free,0.9,0.1,0.0,10,9,1,0,chicken,3208
control,knn,10,blue buffalo dog food grain free,0.0,1.0,0.0,10,0,10,0,grain,5564
control,knn,10,blue buffalo freedom grain free,0.0,1.0,0.0,10,0,10,0,grain,2312
control,knn,10,blue buffalo grain free,0.0,1.0,0.0,10,0,10,0,grain,6671
control,knn,10,blue buffalo grain free cat food,0.0,1.0,0.0,10,0,10,0,grain,9576
control,knn,10,blue buffalo grain free dog food,0.0,1.0,0.0,10,0,10,0,grain,18964
control,knn,10,blue buffalo grain free dry cat food,0.1,0.9,0.0,10,1,9,0,grain,1161
control,knn,10,blue buffalo grain free dry dog food,0.0,1.0,0.0,10,0,10,0,grain,1574
control,knn,10,blue buffalo grain free wet cat food,0.0,0.9,0.1,10,0,9,1,grain,1737
control,knn,10,blue buffalo grain free wet dog food,0.1,0.8,0.1,10,1,8,1,grain,1694
control,knn,10,blue buffalo no chicken,1.0,0.0,0.0,10,10,0,0,chicken,1087
control,knn,10,blue buffalo wet dog food grain free,0.0,1.0,0.0,10,0,10,0,grain,989
control,knn,10,blue freedom grain free,0.0,1.0,0.0,10,0,10,0,grain,2100
control,knn,10,blue grain free,0.0,1.0,0.0,10,0,10,0,grain,1423
control,knn,10,bones & chews all natural grain-free jerky,0.0,0.4,0.6,10,0,4,6,grain,4977
control,knn,10,bpa free litter box,0.0,0.0,1.0,10,0,0,10,bpa,1302
control,knn,10,bully stick odor free,0.0,1.0,0.0,10,0,10,0,odor,2368
control,knn,10,bully sticks for dogs odor free,0.0,1.0,0.0,10,0,10,0,odor,4428
control,knn,10,bully sticks odor free,0.1,0.9,0.0,10,1,9,0,odor,4104
control,knn,10,calcium without d3,0.2,0.8,0.0,10,2,8,0,d3,1856
control,knn,10,canidae grain free,0.0,1.0,0.0,10,0,10,0,grain,4014
control,knn,10,canidae grain free dog food,0.0,1.0,0.0,10,0,10,0,grain,2888
control,knn,10,canine naturals hide free,0.2,0.8,0.0,10,2,8,0,hide,7376
control,knn,10,canned cat food grain free,0.1,0.9,0.0,10,1,9,0,grain,3121
control,knn,10,canned dog food grain free,0.0,1.0,0.0,10,0,10,0,grain,5595
control,knn,10,canned grain free dog food,0.2,0.8,0.0,10,2,8,0,grain,2676
control,knn,10,cat collar no bell,0.8,0.0,0.2,10,8,0,2,bell,3873
control,knn,10,cat dewormer no prescription,0.1,0.4,0.5,10,1,4,5,prescription,23133
control,knn,10,cat dry food grain free,0.0,1.0,0.0,10,0,10,0,grain,4630
control,knn,10,cat food dry grain free,0.0,1.0,0.0,10,0,10,0,grain,3203
control,knn,10,cat food grain free,0.0,1.0,0.0,10,0,10,0,grain,19117
control,knn,10,cat food no chicken,0.5,0.1,0.4,10,5,1,4,chicken,2783
control,knn,10,cat food organic grain free,0.2,0.8,0.0,10,2,8,0,grain,4534
control,knn,10,cat food pate grain free,0.0,1.0,0.0,10,0,10,0,grain,2011
control,knn,10,cat food wet grain free,0.0,0.8,0.2,10,0,8,2,grain,8309
control,knn,10,cat food with no additives,0.4,0.0,0.6,10,4,0,6,additives,1600
control,knn,10,cat grain free pate,0.0,1.0,0.0,10,0,10,0,grain,1150
control,knn,10,cat kibble grain free,0.0,1.0,0.0,10,0,10,0,grain,2832
control,knn,10,cat litter dust free,0.1,0.3,0.6,10,1,3,6,dust,10997
control,knn,10,cat litter fragrance free,0.5,0.4,0.1,10,5,4,1,fragrance,1351
control,knn,10,cat litter no dust,0.1,0.1,0.8,10,1,1,8,dust,8050
control,knn,10,cat litter no scent,0.6,0.1,0.3,10,6,1,3,scent,2160
control,knn,10,cat litter no tracking,0.5,0.3,0.2,10,5,3,2,tracking,3408
control,knn,10,cat no pee,0.6,0.4,0.0,10,6,4,0,pee,1037
control,knn,10,cat no scratch,0.9,0.1,0.0,10,9,1,0,scratch,1427
control,knn,10,cat toys no catnip,1.0,0.0,0.0,10,10,0,0,catnip,1519
control,knn,10,cat toys without catnip,1.0,0.0,0.0,10,10,0,0,catnip,1579
control,knn,10,cat treats grain free,0.0,1.0,0.0,10,0,10,0,grain,9966
control,knn,10,cat treats no chicken,1.0,0.0,0.0,10,10,0,0,chicken,1187
control,knn,10,cat tree no carpet,1.0,0.0,0.0,10,10,0,0,carpet,1496
control,knn,10,cat wet food grain free,0.0,0.9,0.1,10,0,9,1,grain,9500
control,knn,10,charlee bear grain free crunch,0.4,0.4,0.2,10,4,4,2,grain,4712
control,knn,10,chew bones rawhide free,0.2,0.8,0.0,10,2,8,0,rawhide,1195
control,knn,10,chew no poo,1.0,0.0,0.0,10,10,0,0,poo,2280
control,knn,10,chew no poop,1.0,0.0,0.0,10,10,0,0,poop,2803
control,knn,10,chews no rawhide,0.1,0.9,0.0,10,1,9,0,rawhide,8496
control,knn,10,chick starter feed non medicated,0.3,0.7,0.0,10,3,7,0,medicated,5619
control,knn,10,chicken and grain free dog food,0.2,0.8,0.0,10,2,8,0,grain,1266
control,knn,10,chicken feed non gmo,0.9,0.1,0.0,10,9,1,0,non gmo,2267
control,knn,10,chicken feed soy free,0.0,1.0,0.0,10,0,10,0,soy,1293
control,knn,10,chicken free,0.4,0.3,0.3,10,4,3,3,chicken,4487
control,knn,10,chicken free canned dog food,0.5,0.4,0.1,10,5,4,1,chicken,1444
control,knn,10,chicken free cat food,0.5,0.3,0.2,10,5,3,2,chicken,14097
control,knn,10,chicken free cat treats,0.9,0.0,0.1,10,9,0,1,chicken,6356
control,knn,10,chicken free dog bones,0.7,0.1,0.2,10,7,1,2,chicken,968
control,knn,10,chicken free dog chews,0.2,0.0,0.8,10,2,0,8,chicken,978
control,knn,10,chicken free dog food,0.3,0.3,0.4,10,3,3,4,chicken,38479
control,knn,10,chicken free dog treat,0.2,0.1,0.7,10,2,1,7,chicken,1429
control,knn,10,chicken free dog treats,0.2,0.2,0.6,10,2,2,6,chicken,68590
control,knn,10,chicken free dry cat food,0.7,0.2,0.1,10,7,2,1,chicken,3842
control,knn,10,chicken free dry dog food,0.5,0.3,0.2,10,5,3,2,chicken,124263
control,knn,10,chicken free dry dog food for sensitive skin,0.0,0.7,0.3,10,0,7,3,chicken,1228
control,knn,10,chicken free dry puppy food,1.0,0.0,0.0,10,10,0,0,chicken,1272
control,knn,10,chicken free large breed puppy food,1.0,0.0,0.0,10,10,0,0,chicken,979
control,knn,10,chicken free pill pockets,0.5,0.5,0.0,10,5,5,0,chicken,3116
control,knn,10,chicken free puppy food,1.0,0.0,0.0,10,10,0,0,chicken,5340
control,knn,10,chicken free treat,0.3,0.3,0.4,10,3,3,4,chicken,1329
control,knn,10,chicken free treats,0.3,0.2,0.5,10,3,2,5,chicken,3686
control,knn,10,chicken free weight control,0.7,0.1,0.2,10,7,1,2,chicken,1015
control,knn,10,chicken free wet cat food,1.0,0.0,0.0,10,10,0,0,chicken,3583
control,knn,10,chicken free wet dog food,0.5,0.4,0.1,10,5,4,1,chicken,19833
control,knn,10,chicken-free cat food,0.6,0.2,0.2,10,6,2,2,chicken,6561
control,knn,10,chicken-free dog food,0.3,0.5,0.2,10,3,5,2,chicken,3218
control,knn,10,chicken-free dry dog food,0.4,0.3,0.3,10,4,3,3,chicken,5068
control,knn,10,chicken-free wet dog food,0.6,0.3,0.1,10,6,3,1,chicken,3656
control,knn,10,choke free harness,0.0,1.0,0.0,10,0,10,0,choke,1536
control,knn,10,churu grain free,0.0,1.0,0.0,10,0,10,0,grain,1142
control,knn,10,clumping cat litter dust free,0.0,0.0,1.0,10,0,0,10,dust,7057
control,knn,10,cockatiel food no sunflower seeds,0.3,0.1,0.6,10,3,1,6,sunflower seeds,3792
control,knn,10,corn and soy free chicken feed,0.3,0.7,0.0,10,3,7,0,corn and soy,2593
control,knn,10,corn free chicken feed,0.1,0.8,0.1,10,1,8,1,corn,6014
control,knn,10,corn free chicken scratch,0.6,0.1,0.3,10,6,1,3,corn,2220
control,knn,10,corn free dog food,0.0,1.0,0.0,10,0,10,0,corn,6183
control,knn,10,corn free dry cat food,0.0,1.0,0.0,10,0,10,0,corn,1013
control,knn,10,cough free horse,0.3,0.7,0.0,10,3,7,0,free,6820
control,knn,10,country kitchen rawhide free twists,0.1,0.8,0.1,10,1,8,1,rawhide,1202
control,knn,10,crunchy grain free dog treats,0.4,0.6,0.0,10,4,6,0,grain,1432
control,knn,10,delectables non seafood,0.0,1.0,0.0,10,0,10,0,seafood,1668
control,knn,10,diamond grain free,0.8,0.2,0.0,10,8,2,0,grain,2150
control,knn,10,diamond grain free dog food,0.6,0.4,0.0,10,6,4,0,grain,9975
control,knn,10,diamond natural grain free,0.9,0.1,0.0,10,9,1,0,grain,2679
control,knn,10,diamond naturals grain free,0.1,0.9,0.0,10,1,9,0,grain,4384
control,knn,10,diamond naturals grain free dog food,0.2,0.8,0.0,10,2,8,0,grain,4547
control,knn,10,dog bone rawhide free,0.0,1.0,0.0,10,0,10,0,rawhide,1437
control,knn,10,dog bones no rawhide,1.0,0.0,0.0,10,10,0,0,rawhide,8198
control,knn,10,dog bones rawhide free,0.0,1.0,0.0,10,0,10,0,rawhide,22731
control,knn,10,dog chews rawhide free,0.0,1.0,0.0,10,0,10,0,rawhide,80267
control,knn,10,dog dry food grain free,0.0,1.0,0.0,10,0,10,0,grain,2653
control,knn,10,dog food chicken free,0.6,0.4,0.0,10,6,4,0,chicken,4370
control,knn,10,dog food dry grain free,0.0,1.0,0.0,10,0,10,0,grain,3977
control,knn,10,dog food grain free,0.0,1.0,0.0,10,0,10,0,grain,27813
control,knn,10,dog food grain free large breed,0.0,1.0,0.0,10,0,10,0,grain,5771
control,knn,10,dog food grain free non-gmo,0.0,0.8,0.2,10,0,8,2,grain,988
control,knn,10,dog food no chicken,0.7,0.3,0.0,10,7,3,0,chicken,12053
control,knn,10,dog food no corn,0.0,0.9,0.1,10,0,9,1,corn,1250
control,knn,10,dog food no grain,0.1,0.9,0.0,10,1,9,0,grain,2517
control,knn,10,dog food poultry free,0.4,0.4,0.2,10,4,4,2,poultry,1332
control,knn,10,dog food with no chicken,0.2,0.5,0.3,10,2,5,3,chicken,9753
control,knn,10,dog food without chicken,0.2,0.6,0.2,10,2,6,2,chicken,11590
control,knn,10,dog harness large no pull,1.0,0.0,0.0,10,10,0,0,pull,5076
control,knn,10,dog harness medium no pull,1.0,0.0,0.0,10,10,0,0,pull,3091
control,knn,10,dog harness no escape,1.0,0.0,0.0,10,10,0,0,escape,1062
control,knn,10,dog harness no pull,0.0,1.0,0.0,10,0,10,0,pull,76414
control,knn,10,dog no pull harness,0.0,1.0,0.0,10,0,10,0,pull,9874
control,knn,10,dog non rawhide chews,0.2,0.8,0.0,10,2,8,0,rawhide,1730
control,knn,10,dog rawhide free bones,0.0,1.0,0.0,10,0,10,0,rawhide,1370
control,knn,10,dog rawhide free treats,0.2,0.8,0.0,10,2,8,0,rawhide,2749
control,knn,10,dog stroller no zip,0.0,1.0,0.0,10,0,10,0,zip,1065
control,knn,10,dog toy no squeak,0.6,0.3,0.1,10,6,3,1,squeak,1212
control,knn,10,dog toy no squeaker,0.8,0.0,0.2,10,8,0,2,squeaker,1524
control,knn,10,dog toy no stuffing,0.0,1.0,0.0,10,0,10,0,stuffing,10254
control,knn,10,dog toy stuffing free,0.0,1.0,0.0,10,0,10,0,stuffing,1322
control,knn,10,dog toys for large dogs no stuffing,0.0,1.0,0.0,10,0,10,0,stuffing,7409
control,knn,10,dog toys no squeak,0.8,0.2,0.0,10,8,2,0,squeak,1702
control,knn,10,dog toys no stuffing,0.0,1.0,0.0,10,0,10,0,stuffing,28211
control,knn,10,dog toys small dogs stuffing free,0.0,1.0,0.0,10,0,10,0,stuffing,1156
control,knn,10,dog toys stuffing free,0.0,1.0,0.0,10,0,10,0,stuffing,2442
control,knn,10,dog toys with no stuffing,0.0,1.0,0.0,10,0,10,0,stuffing,7273
control,knn,10,dog treats chicken free,0.6,0.0,0.4,10,6,0,4,chicken,1452
control,knn,10,dog treats for dogs with no teeth,1.0,0.0,0.0,10,10,0,0,teeth,3257
control,knn,10,dog treats for large dogs grain free,0.2,0.8,0.0,10,2,8,0,grain,1206
control,knn,10,dog treats grain free,0.0,1.0,0.0,10,0,10,0,grain,13152
control,knn,10,dog treats no chicken,0.7,0.3,0.0,10,7,3,0,chicken,4753
control,knn,10,dog treats no rawhide,0.6,0.4,0.0,10,6,4,0,rawhide,2246
control,knn,10,dog treats rawhide free,0.2,0.8,0.0,10,2,8,0,rawhide,3261
control,knn,10,dog treats with no chicken,0.6,0.1,0.3,10,6,1,3,chicken,1095
control,knn,10,dog treats without chicken,0.3,0.4,0.3,10,3,4,3,chicken,4721
control,knn,10,dog water bowl no spill,0.8,0.2,0.0,10,8,2,0,spill,23089
control,knn,10,dog wet food grain free,0.0,1.0,0.0,10,0,10,0,grain,1300
control,knn,10,dry cat food grain free,0.0,1.0,0.0,10,0,10,0,grain,10528
control,knn,10,dry cat food no chicken,0.8,0.2,0.0,10,8,2,0,chicken,999
control,knn,10,dry cat food no grain,0.2,0.8,0.0,10,2,8,0,grain,974
control,knn,10,dry dog food chicken free,0.5,0.3,0.2,10,5,3,2,chicken,1536
control,knn,10,dry dog food grain free,0.0,1.0,0.0,10,0,10,0,grain,7777
control,knn,10,dry dog food no chicken,0.7,0.3,0.0,10,7,3,0,chicken,2481
control,knn,10,dry dog food without chicken,0.4,0.6,0.0,10,4,6,0,chicken,1892
control,knn,10,dry grain free cat food,0.0,1.0,0.0,10,0,10,0,grain,5998
control,knn,10,dry grain free dog food,0.3,0.7,0.0,10,3,7,0,grain,4159
control,knn,10,dust free cat litter,0.0,0.3,0.7,10,0,3,7,dust,68627
control,knn,10,dust free clumping cat litter,0.0,0.0,1.0,10,0,0,10,dust,33448
control,knn,10,dust free clumping litter,0.1,0.0,0.9,10,1,0,9,dust,1145
control,knn,10,dust free litter,0.0,0.5,0.5,10,0,5,5,dust,8568
control,knn,10,dust free unscented clumping cat litter,0.1,0.0,0.9,10,1,0,9,dust,6504
control,knn,10,earth animal no hide,0.0,1.0,0.0,10,0,10,0,hide,7495
control,knn,10,earth animal no hide chews,0.0,1.0,0.0,10,0,10,0,hide,2188
control,knn,10,earth animal no hide chews large,0.0,1.0,0.0,10,0,10,0,hide,972
control,knn,10,earth animal no hide medium,0.0,1.0,0.0,10,0,10,0,hide,1153
control,knn,10,earth animal no hide rolls,0.0,1.0,0.0,10,0,10,0,hide,1258
control,knn,10,easy walk no pull harness,0.0,1.0,0.0,10,0,10,0,pull,4342
control,knn,10,fancy feast grain free,0.6,0.4,0.0,10,6,4,0,grain,2313
control,knn,10,fancy feast grain free pate,0.1,0.8,0.1,10,1,8,1,grain,1036
control,knn,10,fancy feast grain free wet cat food,0.0,0.2,0.8,10,0,2,8,grain,12994
control,knn,10,farmina grain free,0.6,0.4,0.0,10,6,4,0,grain,2750
control,knn,10,farmina grain free dog food,0.2,0.8,0.0,10,2,8,0,grain,3081
control,knn,10,fat free dog treats,0.4,0.0,0.6,10,4,0,6,fat,7786
control,knn,10,fish free cat food,1.0,0.0,0.0,10,10,0,0,fish,1456
control,knn,10,fly mask without ears,0.3,0.7,0.0,10,3,7,0,ears,3567
control,knn,10,food grain free,0.0,1.0,0.0,10,0,10,0,grain,4785
control,knn,10,fragrance free cat litter,0.5,0.4,0.1,10,5,4,1,fragrance,8207
control,knn,10,fragrance free dog shampoo,0.1,0.2,0.7,10,1,2,7,fragrance,3644
control,knn,10,freedom grain free cat food,0.0,1.0,0.0,10,0,10,0,grain,2773
control,knn,10,freedom grain free dog food,0.0,1.0,0.0,10,0,10,0,grain,8393
control,knn,10,freedom no pull harness,0.8,0.2,0.0,10,8,2,0,pull,17745
control,knn,10,fresh pet grain free,0.0,1.0,0.0,10,0,10,0,grain,3969
control,knn,10,fresh pet grain free dog food,0.0,0.9,0.1,10,0,9,1,grain,1711
control,knn,10,fresh step cat litter non clumping,0.7,0.3,0.0,10,7,3,0,non clumping,7310
control,knn,10,fresh step dust free,0.2,0.0,0.8,10,2,0,8,dust,1279
control,knn,10,fresh step non clumping cat litter,1.0,0.0,0.0,10,10,0,0,non clumping,30486
control,knn,10,frisco no pull harness,0.0,1.0,0.0,10,0,10,0,pull,1291
control,knn,10,frisco padded no pull dog harness,0.8,0.2,0.0,10,8,2,0,pull,1101
control,knn,10,frisco stuffing free,0.0,1.0,0.0,10,0,10,0,stuffing,2257
control,knn,10,fromm grain free,0.5,0.5,0.0,10,5,5,0,grain,1032
control,knn,10,front clip no pull harness,0.3,0.7,0.0,10,3,7,0,pull,1120
control,knn,10,gain free dog food,0.0,1.0,0.0,10,0,10,0,gain,977
control,knn,10,gluten free,0.0,0.6,0.4,10,0,6,4,gluten,2039
control,knn,10,gluten free cat food,0.0,0.8,0.2,10,0,8,2,gluten,8910
control,knn,10,gluten free cat treats,0.0,0.4,0.6,10,0,4,6,gluten,1113
control,knn,10,gluten free dog food,0.0,0.7,0.3,10,0,7,3,gluten,32569
control,knn,10,gluten free dog treats,0.0,0.8,0.2,10,0,8,2,gluten,14910
control,knn,10,gluten free dry dog food,0.0,0.8,0.2,10,0,8,2,gluten,1196
control,knn,10,gluten free puppy food,0.2,0.8,0.0,10,2,8,0,gluten,1459
control,knn,10,gluten free wet cat food,0.0,0.7,0.3,10,0,7,3,gluten,1955
control,knn,10,gluten free wet dog food,0.0,1.0,0.0,10,0,10,0,gluten,1696
control,knn,10,gmo free dog food,0.0,1.0,0.0,10,0,10,0,gmo,7978
control,knn,10,good lovin no rawhide,0.6,0.0,0.4,10,6,0,4,rawhide,1165
control,knn,10,grain and chicken free dog food,0.8,0.2,0.0,10,8,2,0,"grain, chicken",1316
control,knn,10,grain free,0.0,0.9,0.1,10,0,9,1,grain,27310
control,knn,10,grain free adult dog food,0.0,1.0,0.0,10,0,10,0,grain,6444
control,knn,10,grain free air dried dog food,0.0,0.9,0.1,10,0,9,1,grain,1151
control,knn,10,grain free beef dog food,0.0,1.0,0.0,10,0,10,0,grain,3945
control,knn,10,grain free beef dry dog food,0.0,1.0,0.0,10,0,10,0,grain,1022
control,knn,10,grain free biscuits,0.0,1.0,0.0,10,0,10,0,grain,1010
control,knn,10,grain free blue buffalo dog food,0.0,1.0,0.0,10,0,10,0,grain,1932
control,knn,10,grain free canned cat food,0.0,1.0,0.0,10,0,10,0,grain,11102
control,knn,10,grain free canned dog food,0.0,1.0,0.0,10,0,10,0,grain,12390
control,knn,10,grain free cat,0.0,1.0,0.0,10,0,10,0,grain,6488
control,knn,10,grain free cat dry food,0.0,1.0,0.0,10,0,10,0,grain,2783
control,knn,10,grain free cat food,0.0,1.0,0.0,10,0,10,0,grain,76423
control,knn,10,grain free cat food dry,0.0,1.0,0.0,10,0,10,0,grain,14537
control,knn,10,grain free cat food wet,0.0,0.7,0.3,10,0,7,3,grain,11361
control,knn,10,grain free cat pate,0.0,1.0,0.0,10,0,10,0,grain,1210
control,knn,10,grain free cat treat,0.0,1.0,0.0,10,0,10,0,grain,6878
control,knn,10,grain free cat treats,0.0,1.0,0.0,10,0,10,0,grain,40628
control,knn,10,grain free cat wet food,0.0,0.5,0.5,10,0,5,5,grain,5735
control,knn,10,grain free chicken cat food,0.1,0.9,0.0,10,1,9,0,grain,1128
control,knn,10,grain free chicken dog food,0.1,0.9,0.0,10,1,9,0,grain,1250
control,knn,10,grain free chicken dog treats,0.0,1.0,0.0,10,0,10,0,grain,1542
control,knn,10,grain free chicken free dog food,0.8,0.2,0.0,10,8,2,0,"grain, chicken",8785
control,knn,10,grain free chicken free dog treats,0.3,0.6,0.1,10,3,6,1,"grain, chicken",4078
control,knn,10,grain free chicken pate cat food,0.0,1.0,0.0,10,0,10,0,grain,1418
control,knn,10,grain free dental chews,0.0,0.5,0.5,10,0,5,5,grain,5153
control,knn,10,grain free diet dog food,0.0,1.0,0.0,10,0,10,0,grain,4566
control,knn,10,grain free dog,0.0,1.0,0.0,10,0,10,0,grain,7358
control,knn,10,grain free dog biscuits,0.0,1.0,0.0,10,0,10,0,grain,7074
control,knn,10,grain free dog bones,0.3,0.5,0.2,10,3,5,2,grain,2681
control,knn,10,grain free dog chews,0.0,0.8,0.2,10,0,8,2,grain,1598
control,knn,10,grain free dog food,0.0,1.0,0.0,10,0,10,0,grain,611730
control,knn,10,grain free dog food 40 lb bag,0.2,0.8,0.0,10,2,8,0,grain,4206
control,knn,10,grain free dog food 40lbs,0.2,0.8,0.0,10,2,8,0,grain,5458
control,knn,10,grain free dog food dry,0.0,1.0,0.0,10,0,10,0,grain,3723
control,knn,10,grain free dog food large breed,0.0,1.0,0.0,10,0,10,0,grain,18579
control,knn,10,grain free dog food salmon,0.2,0.8,0.0,10,2,8,0,grain,1725
control,knn,10,grain free dog food small breed,0.0,1.0,0.0,10,0,10,0,grain,16175
control,knn,10,grain free dog food wet,0.0,1.0,0.0,10,0,10,0,grain,7838
control,knn,10,grain free dog kibble,0.0,1.0,0.0,10,0,10,0,grain,1556
control,knn,10,grain free dog training treats,0.0,0.8,0.2,10,0,8,2,grain,2820
control,knn,10,grain free dog treat,0.0,1.0,0.0,10,0,10,0,grain,10410
control,knn,10,grain free dog treats,0.0,1.0,0.0,10,0,10,0,grain,138329
control,knn,10,grain free dog treats for large dogs,0.1,0.9,0.0,10,1,9,0,grain,997
control,knn,10,grain free dog treats for medium dogs,0.0,1.0,0.0,10,0,10,0,grain,5358
control,knn,10,grain free dog treats small breed,0.0,1.0,0.0,10,0,10,0,grain,4076
control,knn,10,grain free dog wet food,0.0,1.0,0.0,10,0,10,0,grain,1019
control,knn,10,grain free dogfood no probiotic,0.0,0.0,1.0,10,0,0,10,probiotic,982
control,knn,10,grain free dry,0.0,1.0,0.0,10,0,10,0,grain,4891
control,knn,10,grain free dry adult dog food,0.0,1.0,0.0,10,0,10,0,grain,1350
control,knn,10,grain free dry cat food,0.0,1.0,0.0,10,0,10,0,grain,197068
control,knn,10,grain free dry dog food,0.0,1.0,0.0,10,0,10,0,grain,56421
control,knn,10,grain free dry kitten food,0.0,1.0,0.0,10,0,10,0,grain,6226
control,knn,10,grain free duck dog food,0.2,0.8,0.0,10,2,8,0,grain,1431
control,knn,10,grain free fancy feast,0.2,0.5,0.3,10,2,5,3,grain,1914
control,knn,10,grain free fish dog food,0.2,0.8,0.0,10,2,8,0,grain,2293
control,knn,10,grain free food,0.0,1.0,0.0,10,0,10,0,grain,1420
control,knn,10,grain free freeze dried dog food,0.0,1.0,0.0,10,0,10,0,grain,1795
control,knn,10,grain free fresh dog food,0.0,0.8,0.2,10,0,8,2,grain,1289
control,knn,10,grain free fruit dog treats,0.2,0.2,0.6,10,2,2,6,grain,1411
control,knn,10,grain free greenies,0.0,0.0,1.0,10,0,0,10,grain,2564
control,knn,10,grain free high protein cat food,0.0,1.0,0.0,10,0,10,0,grain,2937
control,knn,10,grain free high protein dog food,0.4,0.6,0.0,10,4,6,0,grain,1843
control,knn,10,grain free high protein dry cat food,0.0,1.0,0.0,10,0,10,0,grain,1029
control,knn,10,grain free honest kitchen,0.5,0.5,0.0,10,5,5,0,grain,1122
control,knn,10,grain free jerky,0.0,1.0,0.0,10,0,10,0,grain,1571
control,knn,10,grain free kibble,0.0,1.0,0.0,10,0,10,0,grain,1409
control,knn,10,grain free kitten dry food,0.0,1.0,0.0,10,0,10,0,grain,5861
control,knn,10,grain free kitten food,0.0,1.0,0.0,10,0,10,0,grain,16286
control,knn,10,grain free kitten wet food,0.0,0.7,0.3,10,0,7,3,grain,4500
control,knn,10,grain free lamb dog food,0.0,1.0,0.0,10,0,10,0,grain,3771
control,knn,10,grain free large breed dog food,0.0,1.0,0.0,10,0,10,0,grain,2530
control,knn,10,grain free limited ingredient cat food,0.0,1.0,0.0,10,0,10,0,grain,1729
control,knn,10,grain free limited ingredient dog food,0.0,1.0,0.0,10,0,10,0,grain,3438
control,knn,10,grain free low fat dog food,0.5,0.4,0.1,10,5,4,1,grain,2100
control,knn,10,grain free organic dog food,0.4,0.6,0.0,10,4,6,0,grain,1002
control,knn,10,grain free pate,0.0,1.0,0.0,10,0,10,0,grain,1578
control,knn,10,grain free pate cat food,0.0,1.0,0.0,10,0,10,0,grain,8858
control,knn,10,grain free peanut butter dog treats,0.0,0.6,0.4,10,0,6,4,grain,1000
control,knn,10,grain free puppy,0.1,0.9,0.0,10,1,9,0,grain,1472
control,knn,10,grain free puppy food,0.0,1.0,0.0,10,0,10,0,grain,34872
control,knn,10,grain free puppy treats,0.2,0.5,0.3,10,2,5,3,grain,1999
control,knn,10,grain free purina dog food,0.1,0.9,0.0,10,1,9,0,grain,1470
control,knn,10,grain free purina pro plan,0.5,0.5,0.0,10,5,5,0,grain,1558
control,knn,10,grain free rabbit cat food,0.0,1.0,0.0,10,0,10,0,grain,1266
control,knn,10,grain free rabbit food,0.0,1.0,0.0,10,0,10,0,grain,1121
control,knn,10,grain free salmon,0.3,0.7,0.0,10,3,7,0,grain,1422
control,knn,10,grain free salmon cat food,0.0,1.0,0.0,10,0,10,0,grain,1083
control,knn,10,grain free salmon dog food,0.0,1.0,0.0,10,0,10,0,grain,15202
control,knn,10,grain free salmon dry dog food,0.1,0.9,0.0,10,1,9,0,grain,2485
control,knn,10,grain free senior cat food,0.2,0.8,0.0,10,2,8,0,grain,2261
control,knn,10,grain free senior dog food,0.2,0.8,0.0,10,2,8,0,grain,10021
control,knn,10,grain free sensitive stomach cat food,0.1,0.9,0.0,10,1,9,0,grain,1967
control,knn,10,grain free sensitive stomach dog food,0.0,1.0,0.0,10,0,10,0,grain,1344
control,knn,10,grain free small breed,0.0,1.0,0.0,10,0,10,0,grain,1062
control,knn,10,grain free small breed dry dog food,0.1,0.9,0.0,10,1,9,0,grain,7815
control,knn,10,grain free small dog food,0.0,1.0,0.0,10,0,10,0,grain,1123
control,knn,10,grain free soft dog food,0.1,0.9,0.0,10,1,9,0,grain,1084
control,knn,10,grain free soft dog treats,0.0,0.9,0.1,10,0,9,1,grain,2972
control,knn,10,grain free training treats,0.0,0.7,0.3,10,0,7,3,grain,997
control,knn,10,grain free training treats for dogs,0.0,0.9,0.1,10,0,9,1,grain,2451
control,knn,10,grain free treats,0.0,1.0,0.0,10,0,10,0,grain,9238
control,knn,10,grain free treats for dogs,0.0,1.0,0.0,10,0,10,0,grain,12609
control,knn,10,grain free weight control dog food,0.2,0.8,0.0,10,2,8,0,grain,970
control,knn,10,grain free weight management dog food,0.5,0.4,0.1,10,5,4,1,grain,1758
control,knn,10,grain free wet,0.1,0.8,0.1,10,1,8,1,grain,4438
control,knn,10,grain free wet cat food,0.0,0.7,0.3,10,0,7,3,grain,162972
control,knn,10,grain free wet cat food gravy,0.0,1.0,0.0,10,0,10,0,grain,2407
control,knn,10,grain free wet cat food in gravy,0.0,0.8,0.2,10,0,8,2,grain,1303
control,knn,10,grain free wet cat food pate,0.0,1.0,0.0,10,0,10,0,grain,5664
control,knn,10,grain free wet dog food,0.0,1.0,0.0,10,0,10,0,grain,60526
control,knn,10,grain free wet food,0.1,0.9,0.0,10,1,9,0,grain,2504
control,knn,10,grain free wet food cat,0.0,0.8,0.2,10,0,8,2,grain,1388
control,knn,10,grain free wet kitten food,0.0,0.9,0.1,10,0,9,1,grain,3865
control,knn,10,grain-free cat food,0.0,1.0,0.0,10,0,10,0,grain,11965
control,knn,10,grain-free cat food 5.5 oz,0.3,0.7,0.0,10,3,7,0,grain,1346
control,knn,10,grain-free cat treats,0.0,1.0,0.0,10,0,10,0,grain,4411
control,knn,10,grain-free dog food,0.0,1.0,0.0,10,0,10,0,grain,6389
control,knn,10,grain-free dry cat food,0.0,1.0,0.0,10,0,10,0,grain,2485
control,knn,10,grain-free dry dog food,0.0,1.0,0.0,10,0,10,0,grain,3951
control,knn,10,grain-free kitten food,0.0,1.0,0.0,10,0,10,0,grain,1368
control,knn,10,grain-free puppy food,0.0,1.0,0.0,10,0,10,0,grain,3839
control,knn,10,grainfree,0.0,1.0,0.0,10,0,10,0,grain,1016
control,knn,10,grainfree dog food,0.0,1.0,0.0,10,0,10,0,grain,8254
control,knn,10,grainfree dry,0.0,1.0,0.0,10,0,10,0,grain,4253
control,knn,10,grainfree dry cat food,0.0,1.0,0.0,10,0,10,0,grain,2854
control,knn,10,grainfree wet dog food,0.0,1.0,0.0,10,0,10,0,grain,1120
control,knn,10,greenies grain free,0.1,0.0,0.9,10,1,0,9,grain,2143
control,knn,10,greenies grain free dental treats for dogs,0.5,0.0,0.5,10,5,0,5,grain,3043
control,knn,10,halti no pull harness,0.5,0.5,0.0,10,5,5,0,pull,16145
control,knn,10,halti nylon padded no pull dog headcollar,1.0,0.0,0.0,10,10,0,0,pull,3333
control,knn,10,harness for large dog no pull,0.4,0.6,0.0,10,4,6,0,pull,21244
control,knn,10,harness for medium dog no pull,0.8,0.2,0.0,10,8,2,0,pull,3986
control,knn,10,harness for small dog no pull,0.7,0.3,0.0,10,7,3,0,pull,4085
control,knn,10,harness no pull,0.0,1.0,0.0,10,0,10,0,pull,8042
control,knn,10,hide free,1.0,0.0,0.0,10,10,0,0,hide,3326
control,knn,10,hide free chews,0.7,0.3,0.0,10,7,3,0,hide,2987
control,knn,10,hide free chicken recipe sticks,0.9,0.1,0.0,10,9,1,0,hide,4091
control,knn,10,hide free dog chews,0.8,0.2,0.0,10,8,2,0,hide,7175
control,knn,10,high protein grain free cat food,0.0,1.0,0.0,10,0,10,0,grain,2873
control,knn,10,high protein grain free dog food,0.0,1.0,0.0,10,0,10,0,grain,2240
control,knn,10,hills grain free,1.0,0.0,0.0,10,10,0,0,grain,1934
control,knn,10,hills grain free dog food,0.9,0.1,0.0,10,9,1,0,grain,1614
control,knn,10,hills grain free dog treats,0.9,0.0,0.1,10,9,0,1,grain,1039
control,knn,10,hills grain free soft baked naturals,0.6,0.3,0.1,10,6,3,1,grain,2698
control,knn,10,hills science diet grain free,1.0,0.0,0.0,10,10,0,0,grain,2229
control,knn,10,hills science diet no corn,0.0,1.0,0.0,10,0,10,0,corn,1007
control,knn,10,hills science grain free,0.9,0.1,0.0,10,9,1,0,grain,1458
control,knn,10,honest kitchen beef grain free,0.4,0.5,0.1,10,4,5,1,grain,1152
control,knn,10,honest kitchen dehydrated dog food grain free,0.0,1.0,0.0,10,0,10,0,grain,1269
control,knn,10,honest kitchen grain free,1.0,0.0,0.0,10,10,0,0,grain,3478
control,knn,10,honest kitchen grain free beef,0.4,0.6,0.0,10,4,6,0,grain,6296
control,knn,10,honest kitchen grain free dehydrated dog food,0.1,0.9,0.0,10,1,9,0,grain,1714
control,knn,10,honest kitchen grain free dog food,0.1,0.9,0.0,10,1,9,0,grain,4178
control,knn,10,horse fly mask without ears,0.2,0.8,0.0,10,2,8,0,ears,5781
control,knn,10,iams grain free cat food,0.5,0.5,0.0,10,5,5,0,grain,2047
control,knn,10,instinct grain free,0.0,1.0,0.0,10,0,10,0,grain,1055
control,knn,10,instinct raw meals real beef recipe grain-free adult freeze-dried dog food 25-oz bag,0.2,0.8,0.0,10,2,8,0,grain,1048
control,knn,10,iodine free cat food,0.0,0.0,1.0,10,0,0,10,iodine,3331
control,knn,10,jinx grain free,0.0,1.0,0.0,10,0,10,0,grain,1000
control,knn,10,jinx grain free dog food,0.2,0.8,0.0,10,2,8,0,grain,2938
control,knn,10,kaytee no mess,0.0,1.0,0.0,10,0,10,0,mess,992
control,knn,10,kaytee no mess blend wild bird food,0.1,0.9,0.0,10,1,9,0,mess,2512
control,knn,10,kaytee wild bird food no mess,0.0,1.0,0.0,10,0,10,0,mess,998
control,knn,10,kitten dry food grain free,0.0,1.0,0.0,10,0,10,0,grain,10184
control,knn,10,kitten food grain free,0.1,0.9,0.0,10,1,9,0,grain,6119
control,knn,10,kitten grain free,0.0,1.0,0.0,10,0,10,0,grain,2322
control,knn,10,kitten grain free wet food,0.0,0.9,0.1,10,0,9,1,grain,1749
control,knn,10,kitten wet food grain free,0.0,1.0,0.0,10,0,10,0,grain,7774
control,knn,10,kitten wet grain free food,0.0,0.9,0.1,10,0,9,1,grain,993
control,knn,10,kitty litter non clumping,0.0,1.0,0.0,10,0,10,0,clumping,6396
control,knn,10,lamb grain free dog food,0.0,1.0,0.0,10,0,10,0,grain,2809
control,knn,10,large breed grain free dog food,0.1,0.9,0.0,10,1,9,0,grain,1263
control,knn,10,large breed puppy food grain free,0.1,0.9,0.0,10,1,9,0,grain,1963
control,knn,10,large breed puppy food no chicken,1.0,0.0,0.0,10,10,0,0,chicken,1134
control,knn,10,large dog bones rawhide free,0.2,0.7,0.1,10,2,7,1,rawhide,6861
control,knn,10,large dog harness no pull,0.6,0.3,0.1,10,6,3,1,pull,8655
control,knn,10,legume free dog food,0.8,0.2,0.0,10,8,2,0,legume,7084
control,knn,10,lickable cat treats grain free,0.0,0.3,0.7,10,0,3,7,grain,1128
control,knn,10,licks pill free,1.0,0.0,0.0,10,10,0,0,pill,2506
control,knn,10,limited ingredient grain free dog food,0.0,1.0,0.0,10,0,10,0,grain,2088
control,knn,10,litter dust free,0.0,0.4,0.6,10,0,4,6,dust,3928
control,knn,10,litter no dust,0.1,0.3,0.6,10,1,3,6,dust,2280
control,knn,10,litter non clumping,1.0,0.0,0.0,10,10,0,0,non clumping,4359
control,knn,10,low fat grain free dog food,1.0,0.0,0.0,10,10,0,0,"grain, fat",1870
control,knn,10,merrick grain free,0.0,1.0,0.0,10,0,10,0,grain,4055
control,knn,10,merrick grain free dry dog food,0.0,1.0,0.0,10,0,10,0,grain,6428
control,knn,10,merrick lil plates grain free dog food,0.0,1.0,0.0,10,0,10,0,grain,3343
control,knn,10,merrick real texas beef + sweet potato recipe grain-free chicken-free adult dry dog food,0.4,0.6,0.0,10,4,6,0,"grain, chicken",1424
control,knn,10,mess free bird seed,0.0,1.0,0.0,10,0,10,0,mess,1049
control,knn,10,mess free water bowl,0.0,1.0,0.0,10,0,10,0,mess,4645
control,knn,10,natural farm odor-free bully sticks,0.0,0.7,0.3,10,0,7,3,odor,4570
control,knn,10,nature's recipe grain free,0.0,1.0,0.0,10,0,10,0,grain,2587
control,knn,10,natures logic grain free,0.4,0.6,0.0,10,4,6,0,grain,972
control,knn,10,natures recipe grain free,0.0,1.0,0.0,10,0,10,0,grain,6270
control,knn,10,natures recipe grain free dog food,0.0,1.0,0.0,10,0,10,0,grain,5311
control,knn,10,natures recipe grain free dry dog food,0.0,1.0,0.0,10,0,10,0,grain,12075
control,knn,10,natures recipe grain free wet dog food,0.0,1.0,0.0,10,0,10,0,grain,1012
control,knn,10,no bark,0.8,0.2,0.0,10,8,2,0,bark,10077
control,knn,10,no bark collar,0.0,1.0,0.0,10,0,10,0,pull,20454
control,knn,10,no bark collars,1.0,0.0,0.0,10,10,0,0,no bark,7969
control,knn,10,no cat pee,0.0,1.0,0.0,10,0,10,0,cat pee,1215
control,knn,10,no chew,0.6,0.4,0.0,10,6,4,0,chew,7596
control,knn,10,no chew dog bed,0.0,0.9,0.1,10,0,9,1,chew,3301
control,knn,10,no chew spray for cats,0.2,0.8,0.0,10,2,8,0,chew,4073
control,knn,10,no chew spray for dogs,0.0,1.0,0.0,10,0,10,0,chew,35353
control,knn,10,no chicken,0.8,0.0,0.2,10,8,0,2,chicken,2318
control,knn,10,no chicken cat food,0.7,0.2,0.1,10,7,2,1,chicken,4707
control,knn,10,no chicken dog food,0.5,0.2,0.3,10,5,2,3,chicken,32850
control,knn,10,no chicken dog treats,0.9,0.1,0.0,10,9,1,0,chicken,4769
control,knn,10,no chicken dry dog food,0.5,0.2,0.3,10,5,2,3,chicken,1204
control,knn,10,no chicken puppy food,1.0,0.0,0.0,10,10,0,0,chicken,2040
control,knn,10,no chicken treats,1.0,0.0,0.0,10,10,0,0,chicken,2185
control,knn,10,no chicken wet dog food,0.8,0.2,0.0,10,8,2,0,chicken,5034
control,knn,10,no clump litter,0.4,0.6,0.0,10,4,6,0,clump,3211
control,knn,10,no corn dog food,0.0,1.0,0.0,10,0,10,0,corn,2939
control,knn,10,no dust cat litter,0.1,0.2,0.7,10,1,2,7,dust,9502
control,knn,10,no dust clumping cat litter,0.2,0.0,0.8,10,2,0,8,dust,6710
control,knn,10,no dust litter,0.1,0.5,0.4,10,1,5,4,dust,2340
control,knn,10,no eat poop,0.7,0.3,0.0,10,7,3,0,poop,2705
control,knn,10,no escape dog harness,0.1,0.9,0.0,10,1,9,0,pull,11770
control,knn,10,no escape harness,0.2,0.8,0.0,10,2,8,0,pull,3530
control,knn,10,no fat dog treats,0.0,0.7,0.3,10,0,7,3,fat,2796
control,knn,10,no flap ear wrap,0.0,1.0,0.0,10,0,10,0,pull,18080
control,knn,10,no grain cat food,0.4,0.6,0.0,10,4,6,0,grain,5782
control,knn,10,no grain dog food,0.1,0.9,0.0,10,1,9,0,grain,15780
control,knn,10,no grain dog treats,0.0,0.7,0.3,10,0,7,3,grain,1637
control,knn,10,no grain dry cat food,0.1,0.8,0.1,10,1,8,1,grain,3032
control,knn,10,no grain wet cat food,0.0,1.0,0.0,10,0,10,0,grain,4489
control,knn,10,no grow bird seed,0.0,1.0,0.0,10,0,10,0,grow,2780
control,knn,10,no hide,0.0,1.0,0.0,10,0,10,0,hide,67837
control,knn,10,no hide bone,0.0,1.0,0.0,10,0,10,0,hide,1796
control,knn,10,no hide bones,0.1,0.9,0.0,10,1,9,0,hide,13773
control,knn,10,no hide chew,0.0,1.0,0.0,10,0,10,0,hide,1036
control,knn,10,no hide chews,0.0,1.0,0.0,10,0,10,0,hide,147107
control,knn,10,no hide chews earth animal,0.0,1.0,0.0,10,0,10,0,hide,70100
control,knn,10,no hide chews large,0.0,1.0,0.0,10,0,10,0,hide,3727
control,knn,10,no hide chews medium,0.0,1.0,0.0,10,0,10,0,hide,1253
control,knn,10,no hide chews small,0.1,0.9,0.0,10,1,9,0,hide,1325
control,knn,10,no hide dog chews,0.0,1.0,0.0,10,0,10,0,hide,4859
control,knn,10,no hide dog chews 4 inch,0.9,0.1,0.0,10,9,1,0,hide,1845
control,knn,10,no hide dog chews medium,0.0,1.0,0.0,10,0,10,0,hide,2123
control,knn,10,no hide dog chews small,0.5,0.5,0.0,10,5,5,0,hide,2663
control,knn,10,no hide large,0.1,0.9,0.0,10,1,9,0,hide,3009
control,knn,10,no hide large rolls,0.1,0.9,0.0,10,1,9,0,hide,1346
control,knn,10,no hide medium,0.0,1.0,0.0,10,0,10,0,hide,1886
control,knn,10,no hide medium rolls,0.0,1.0,0.0,10,0,10,0,hide,2357
control,knn,10,no hide peanut butter,0.6,0.4,0.0,10,6,4,0,hide,1187
control,knn,10,no hide pumpkin,0.2,0.8,0.0,10,2,8,0,hide,1310
control,knn,10,no hide raw hide,0.6,0.4,0.0,10,6,4,0,rawhide,2210
control,knn,10,no hide rawhide,0.8,0.2,0.0,10,8,2,0,rawhide,2269
control,knn,10,no hide rolls,0.0,1.0,0.0,10,0,10,0,hide,1612
control,knn,10,no hide salmon,0.0,1.0,0.0,10,0,10,0,hide,2174
control,knn,10,no hide small rolls,0.4,0.6,0.0,10,4,6,0,hide,1257
control,knn,10,no hide sticks,0.0,1.0,0.0,10,0,10,0,hide,2520
control,knn,10,no hide stix,0.0,1.0,0.0,10,0,10,0,hide,7433
control,knn,10,no hide strips,0.0,1.0,0.0,10,0,10,0,hide,3815
control,knn,10,no hide venison,0.0,0.9,0.1,10,0,9,1,hide,1136
control,knn,10,no hides,0.0,1.0,0.0,10,0,10,0,hides,2331
control,knn,10,no holes,0.1111111111111111,0.8888888888888888,0.0,9,1,8,0,holes,2104
control,knn,10,no lick,0.6,0.4,0.0,10,6,4,0,lick,1801
control,knn,10,no melt suet,1.0,0.0,0.0,10,10,0,0,no melt,2781
control,knn,10,no melt suet cakes for birds,0.0,1.0,0.0,10,0,10,0,melt,3006
control,knn,10,no melt suet cakes for wild birds,0.0,0.9,0.1,10,0,9,1,melt,1040
control,knn,10,no mess bird feeder,0.0,1.0,0.0,10,0,10,0,mess,2078
control,knn,10,no mess bird food,0.0,1.0,0.0,10,0,10,0,mess,1778
control,knn,10,no mess bird seed,0.0,1.0,0.0,10,0,10,0,mess,10066
control,knn,10,no mess water bowl,0.0,1.0,0.0,10,0,10,0,mess,4197
control,knn,10,no mess wild bird food,0.0,1.0,0.0,10,0,10,0,mess,2594
control,knn,10,no mess wild bird seed,0.0,1.0,0.0,10,0,10,0,mess,22655
control,knn,10,no millet bird seed,0.6,0.1,0.3,10,6,1,3,millet,1078
control,knn,10,no odor bully sticks,0.2,0.8,0.0,10,2,8,0,odor,4474
control,knn,10,no pee,0.9,0.1,0.0,10,9,1,0,pee,2549
control,knn,10,no poo,0.7,0.3,0.0,10,7,3,0,poo,5242
control,knn,10,no poo chews,0.7,0.3,0.0,10,7,3,0,poo,3342
control,knn,10,no poo chews for dogs,0.6,0.3,0.1,10,6,3,1,poo,4691
control,knn,10,no poop,0.7,0.3,0.0,10,7,3,0,poop,3632
control,knn,10,no poop chews,0.9,0.1,0.0,10,9,1,0,poop,31892
control,knn,10,no poop eating,0.6,0.4,0.0,10,6,4,0,poop eating,16984
control,knn,10,no poultry dog food,0.3,0.2,0.5,10,3,2,5,poultry,1345
control,knn,10,no pull,0.1,0.9,0.0,10,1,9,0,pull,9044
control,knn,10,no pull collar,0.5,0.5,0.0,10,5,5,0,pull,20932
control,knn,10,no pull collar for dogs,0.2,0.8,0.0,10,2,8,0,pull,3540
control,knn,10,no pull collars,0.6,0.4,0.0,10,6,4,0,pull,1721
control,knn,10,no pull dog collar,0.1,0.9,0.0,10,1,9,0,pull,5502
control,knn,10,no pull dog harness,0.0,1.0,0.0,10,0,10,0,pull,32134
control,knn,10,no pull dog harnesses,0.0,1.0,0.0,10,0,10,0,pull,211607
control,knn,10,no pull dog leash,0.0,1.0,0.0,10,0,10,0,pull,4200
control,knn,10,no pull harness,0.0,1.0,0.0,10,0,10,0,pull,54525
control,knn,10,no pull harness for dogs,0.0,1.0,0.0,10,0,10,0,pull,114468
control,knn,10,no pull harness for large dog,0.0,1.0,0.0,10,0,10,0,pull,1918
control,knn,10,no pull harness for large dogs,0.0,1.0,0.0,10,0,10,0,pull,24205
control,knn,10,no pull harness for medium dog,0.2,0.8,0.0,10,2,8,0,pull,8720
control,knn,10,no pull harness for small dog,0.0,1.0,0.0,10,0,10,0,pull,13902
control,knn,10,no pull harnesses,0.0,1.0,0.0,10,0,10,0,pull,1272
control,knn,10,no pull head collar,0.0,1.0,0.0,10,0,10,0,pull,2574
control,knn,10,no pull leash,0.1,0.9,0.0,10,1,9,0,pull,21703
control,knn,10,no pull training collar,0.8,0.2,0.0,10,8,2,0,pull,1134
control,knn,10,no rawhide,0.2,0.8,0.0,10,2,8,0,rawhide,2332
control,knn,10,no rawhide bones,1.0,0.0,0.0,10,10,0,0,rawhide,12951
control,knn,10,no rawhide chews,0.3,0.7,0.0,10,3,7,0,rawhide,2715
control,knn,10,no rawhide dog chews,0.3,0.7,0.0,10,3,7,0,rawhide,35562
control,knn,10,no rawhide treats,0.3,0.7,0.0,10,3,7,0,rawhide,4068
control,knn,10,no scoot for dogs,1.0,0.0,0.0,10,10,0,0,scoot,25922
control,knn,10,no scratch,0.9,0.1,0.0,10,9,1,0,scratch,3930
control,knn,10,no scratch spray,0.8,0.2,0.0,10,8,2,0,scratch,7315
control,knn,10,no scratch spray for cats,0.7,0.3,0.0,10,7,3,0,scratch,1019
control,knn,10,no shock bark collar,0.3,0.2,0.5,10,3,2,5,shock,12886
control,knn,10,no shock collar,0.4,0.4,0.2,10,4,4,2,shock,1007
control,knn,10,no shock dog collar,0.6,0.2,0.2,10,6,2,2,shock,1356
control,knn,10,no shock training collar,0.3,0.2,0.5,10,3,2,5,shock,7048
control,knn,10,no slip collar,0.3,0.7,0.0,10,3,7,0,pull,1199
control,knn,10,no slip dog collar,0.1,0.9,0.0,10,1,9,0,pull,2153
control,knn,10,no slip dog socks,0.0,1.0,0.0,10,0,10,0,pull,3399
control,knn,10,no slip harness,1.0,0.0,0.0,10,10,0,0,pull,2053
control,knn,10,no spill dog bowl,0.4,0.6,0.0,10,4,6,0,spill,4573
control,knn,10,no spill dog water bowl,0.4,0.6,0.0,10,4,6,0,spill,28061
control,knn,10,no spill water bowl,0.6,0.4,0.0,10,6,4,0,spill,30994
control,knn,10,no splash water bowl,0.0,1.0,0.0,10,0,10,0,pull,3317
control,knn,10,no spray cat,1.0,0.0,0.0,10,10,0,0,spray,2497
control,knn,10,no squeak dog toy,0.7,0.3,0.0,10,7,3,0,squeak,990
control,knn,10,no squeak dog toys,0.6,0.3,0.1,10,6,3,1,squeak,40129
control,knn,10,no squirrel bird seed,0.6,0.4,0.0,10,6,4,0,squirrel,5398
control,knn,10,no stuffing,0.1,0.9,0.0,10,1,9,0,stuffing,2020
control,knn,10,no stuffing dog toy,0.0,1.0,0.0,10,0,10,0,stuffing,8094
control,knn,10,no stuffing dog toys,0.0,1.0,0.0,10,0,10,0,stuffing,97772
control,knn,10,no stuffing toy,0.0,1.0,0.0,10,0,10,0,stuffing,3277
control,knn,10,no stuffing toys,0.0,1.0,0.0,10,0,10,0,stuffing,5673
control,knn,10,no sugar dog treats,0.0,0.0,1.0,10,0,0,10,sugar,1361
control,knn,10,no sugar horse treats,0.4,0.3,0.3,10,4,3,3,sugar,1315
control,knn,10,no tangle leash,0.1,0.9,0.0,10,1,9,0,pull,1186
control,knn,10,no tip dog bowl,0.0,1.0,0.0,10,0,10,0,pull,1033
control,knn,10,no tip water bowl,0.1,0.9,0.0,10,1,9,0,tip,6005
control,knn,10,no toot,0.6666666666666666,0.3333333333333333,0.0,9,6,3,0,toot,1991
control,knn,10,no track cat litter,0.8,0.1,0.1,10,8,1,1,track,1419
control,knn,10,no tracking cat litter,0.8,0.2,0.0,10,8,2,0,tracking,13088
control,knn,10,no tracking litter,0.8,0.2,0.0,10,8,2,0,tracking,1397
control,knn,10,no waste bird food,0.1,0.9,0.0,10,1,9,0,waste,2152
control,knn,10,no waste bird seed,0.0,1.0,0.0,10,0,10,0,waste,9270
control,knn,10,no waste wild bird food,0.1,0.9,0.0,10,1,9,0,waste,2693
control,knn,10,no waste wild bird seed,0.1,0.9,0.0,10,1,9,0,waste,24563
control,knn,10,no zip stroller,0.0,1.0,0.0,10,0,10,0,zip,1518
control,knn,10,non absorbent cat litter,0.5,0.5,0.0,10,5,5,0,non absorbent,1507
control,knn,10,non chew dog bed,0.0,1.0,0.0,10,0,10,0,chew,995
control,knn,10,non chicken dog food,0.0,0.4,0.6,10,0,4,6,chicken,3858
control,knn,10,non chicken dog treats,0.1,0.6,0.3,10,1,6,3,chicken,1718
control,knn,10,non clay cat litter,0.5,0.5,0.0,10,5,5,0,clay,5979
control,knn,10,non clay litter,0.5,0.5,0.0,10,5,5,0,clay,2271
control,knn,10,non clumping,0.0,1.0,0.0,10,0,10,0,clumping,1334
control,knn,10,non clumping cat litter,1.0,0.0,0.0,10,10,0,0,non clumping,121355
control,knn,10,non clumping kitty litter,1.0,0.0,0.0,10,10,0,0,non clumping,1510
control,knn,10,non clumping unscented cat litter,0.9,0.1,0.0,10,9,1,0,"non clumping unscented cat litter

the user is actually looking for cat litter",11479
control,knn,10,non gmo,0.0,1.0,0.0,10,0,10,0,gmo,1156
control,knn,10,non gmo cat food,0.0,1.0,0.0,10,0,10,0,gmo,2288
control,knn,10,non gmo chicken feed,0.0,1.0,0.0,10,0,10,0,gmo,16510
control,knn,10,non gmo dog food,0.0,1.0,0.0,10,0,10,0,gmo,11060
control,knn,10,non gmo dog treats,0.9,0.1,0.0,10,9,1,0,non gmo,994
control,knn,10,non gmo wet dog food,0.0,1.0,0.0,10,0,10,0,gmo,1029
control,knn,10,non grain dog food,0.3,0.7,0.0,10,3,7,0,grain,1089
control,knn,10,non kibble dog food,1.0,0.0,0.0,10,10,0,0,kibble,1761
control,knn,10,non prescription flea medicine,0.4,0.4,0.2,10,4,4,2,non prescription,1077
control,knn,10,non prescription flea meds,0.8,0.2,0.0,10,8,2,0,non prescription,1229
control,knn,10,non prescription pain meds for dogs,0.6,0.3,0.1,10,6,3,1,prescription,3980
control,knn,10,non pull harness,0.0,1.0,0.0,10,0,10,0,pull,5327
control,knn,10,non raw hide,0.6,0.4,0.0,10,6,4,0,rawhide,1225
control,knn,10,non rawhide,0.1,0.9,0.0,10,1,9,0,rawhide,1020
control,knn,10,non rawhide bones,0.4,0.6,0.0,10,4,6,0,rawhide,18977
control,knn,10,non rawhide chews,0.0,1.0,0.0,10,0,10,0,rawhide,10766
control,knn,10,non rawhide dog chews,0.0,1.0,0.0,10,0,10,0,rawhide,70094
control,knn,10,non rawhide dog treats,0.1,0.9,0.0,10,1,9,0,rawhide,2882
control,knn,10,non scented litter,0.5,0.3,0.2,10,5,3,2,scented,1755
control,knn,10,non squeaky dog toys,1.0,0.0,0.0,10,10,0,0,squeaky,17562
control,knn,10,non stuffed dog toys,0.1,0.9,0.0,10,1,9,0,stuffed,6207
control,knn,10,non tip water bowl,0.0,0.9,0.1,10,0,9,1,tip,6861
control,knn,10,non toxic cat litter,0.0,1.0,0.0,10,0,10,0,toxic,1267
control,knn,10,non tracking cat litter,0.5,0.3,0.2,10,5,3,2,tracking,18311
control,knn,10,non tracking litter,0.4,0.4,0.2,10,4,4,2,tracking,3003
control,knn,10,non-gmo dog food,0.0,1.0,0.0,10,0,10,0,gmo,3007
control,knn,10,nulo grain free,0.0,1.0,0.0,10,0,10,0,grain,4152
control,knn,10,nutrish dog food grain free,0.4,0.6,0.0,10,4,6,0,grain,1003
control,knn,10,nutrish grain free dog food,0.4,0.6,0.0,10,4,6,0,grain,4382
control,knn,10,nutro grain free,0.3,0.7,0.0,10,3,7,0,grain,2591
control,knn,10,nutro grain free dog food,0.4,0.6,0.0,10,4,6,0,grain,4841
control,knn,10,odor free bully stick,0.3,0.7,0.0,10,3,7,0,odor,1494
control,knn,10,odor free bully sticks,0.3,0.6,0.1,10,3,6,1,odor,9025
control,knn,10,odor free bully sticks for dogs,0.1,0.9,0.0,10,1,9,0,odor,27702
control,knn,10,open farm grain free,0.5,0.5,0.0,10,5,5,0,grain,1704
control,knn,10,open farm grain free dog food,0.6,0.4,0.0,10,6,4,0,grain,2175
control,knn,10,organic chicken feed soy free,0.0,1.0,0.0,10,0,10,0,soy,1525
control,knn,10,organic grain free cat treats,0.0,0.7,0.3,10,0,7,3,grain,2085
control,knn,10,organic non gmo chicken feed,0.8,0.1,0.1,10,8,1,1,non gmo,1154
control,knn,10,organic soy free chicken feed,0.0,1.0,0.0,10,0,10,0,soy,2338
control,knn,10,origin grain free dog,0.7,0.3,0.0,10,7,3,0,grain,5901
control,knn,10,origin grain free puppy,0.1,0.9,0.0,10,1,9,0,grain,3607
control,knn,10,orijen grain free,0.1,0.9,0.0,10,1,9,0,grain,1665
control,knn,10,orijen grain free cat,0.0,1.0,0.0,10,0,10,0,grain,1533
control,knn,10,orijen grain free dog,0.2,0.8,0.0,10,2,8,0,grain,2373
control,knn,10,orijen grain free dog food,0.2,0.8,0.0,10,2,8,0,grain,2503
control,knn,10,orijen grain free puppy,0.4,0.6,0.0,10,4,6,0,grain,2493
control,knn,10,orijen grain free treats,0.0,1.0,0.0,10,0,10,0,grain,1785
control,knn,10,pate grain free cat food,0.0,1.0,0.0,10,0,10,0,grain,1105
control,knn,10,pea free dog food,0.9,0.0,0.1,10,9,0,1,pea,5939
control,knn,10,pet safe easy walk no pull harness,0.9,0.1,0.0,10,9,1,0,pull,1953
control,knn,10,pigeon feed no corn,0.7,0.2,0.1,10,7,2,1,corn,3687
control,knn,10,pigeon food no corn,0.7,0.3,0.0,10,7,3,0,corn,1756
control,knn,10,pork chomps rawhide free,0.0,1.0,0.0,10,0,10,0,rawhide,129324
control,knn,10,pork chomps rawhide free dog bones,0.0,1.0,0.0,10,0,10,0,rawhide,3737
control,knn,10,poultry free,0.7,0.0,0.3,10,7,0,3,poultry,2348
control,knn,10,poultry free cat food,0.8,0.2,0.0,10,8,2,0,poultry,1975
control,knn,10,poultry free dog food,0.4,0.3,0.3,10,4,3,3,poultry,17789
control,knn,10,poultry free dog treats,0.8,0.0,0.2,10,8,0,2,poultry,1753
control,knn,10,poultry free wet dog food,0.7,0.2,0.1,10,7,2,1,poultry,1701
control,knn,10,pro plan grain free,0.6,0.4,0.0,10,6,4,0,grain,1681
control,knn,10,protein free dog treats,0.9,0.1,0.0,10,9,1,0,protein,5096
control,knn,10,puppy food chicken free,1.0,0.0,0.0,10,10,0,0,chicken,1032
control,knn,10,puppy food grain free,0.1,0.9,0.0,10,1,9,0,grain,7002
control,knn,10,puppy food no chicken,1.0,0.0,0.0,10,10,0,0,chicken,2518
control,knn,10,puppy food with no chicken,0.8,0.2,0.0,10,8,2,0,chicken,1040
control,knn,10,puppy food without chicken,0.8,0.0,0.2,10,8,0,2,chicken,1606
control,knn,10,puppy grain free,0.0,1.0,0.0,10,0,10,0,grain,1298
control,knn,10,puppy grain free food,0.2,0.8,0.0,10,2,8,0,grain,1140
control,knn,10,pure balance grain free,0.5,0.5,0.0,10,5,5,0,grain,11504
control,knn,10,purina beneful grain free,1.0,0.0,0.0,10,10,0,0,grain,1945
control,knn,10,purina beyond grain free cat food,0.6,0.3,0.1,10,6,3,1,grain,8992
control,knn,10,purina beyond grain free dog food,0.1,0.8,0.1,10,1,8,1,grain,3884
control,knn,10,purina beyond grain free dry cat food,0.5,0.5,0.0,10,5,5,0,grain,2080
control,knn,10,purina cat food grain free,0.7,0.3,0.0,10,7,3,0,grain,5440
control,knn,10,purina cat grain free,0.8,0.2,0.0,10,8,2,0,grain,1273
control,knn,10,purina grain free,0.3,0.7,0.0,10,3,7,0,grain,8189
control,knn,10,purina grain free cat food,0.0,1.0,0.0,10,0,10,0,grain,2326
control,knn,10,purina grain free dog food,0.1,0.9,0.0,10,1,9,0,grain,3037
control,knn,10,purina grain free dry cat food,0.0,1.0,0.0,10,0,10,0,grain,19168
control,knn,10,purina grain free dry dog food,0.2,0.8,0.0,10,2,8,0,grain,8138
control,knn,10,purina grain free wet cat food,0.0,0.5,0.5,10,0,5,5,grain,7458
control,knn,10,purina grain free wet dog food,0.0,1.0,0.0,10,0,10,0,grain,2342
control,knn,10,purina one grain free,0.5,0.5,0.0,10,5,5,0,grain,4066
control,knn,10,purina one grain free cat food,0.5,0.5,0.0,10,5,5,0,grain,1649
control,knn,10,purina one grain free dog food,0.5,0.4,0.1,10,5,4,1,grain,5270
control,knn,10,purina one grain free dry cat food,0.9,0.0,0.1,10,9,0,1,grain,5886
control,knn,10,purina one grain free wet cat food,0.1,0.5,0.4,10,1,5,4,grain,17042
control,knn,10,purina one wet cat food grain free,0.1,0.7,0.2,10,1,7,2,grain,1114
control,knn,10,purina pro plan for cats grain free,0.6,0.4,0.0,10,6,4,0,grain,1589
control,knn,10,purina pro plan for dogs grain free,0.3,0.7,0.0,10,3,7,0,grain,975
control,knn,10,purina pro plan grain free,0.5,0.5,0.0,10,5,5,0,grain,7034
control,knn,10,python no spill,0.8,0.2,0.0,10,8,2,0,spill,5465
control,knn,10,rachel ray grain free dog food,0.1,0.9,0.0,10,1,9,0,grain,4812
control,knn,10,raw hide free,0.0,1.0,0.0,10,0,10,0,rawhide,2193
control,knn,10,raw hide free bones,0.1,0.9,0.0,10,1,9,0,rawhide,3187
control,knn,10,raw hide free dog bones,0.0,1.0,0.0,10,0,10,0,rawhide,1011
control,knn,10,raw hide free dog chews,0.0,1.0,0.0,10,0,10,0,rawhide,25587
control,knn,10,raw hide free large dog chews,0.4,0.6,0.0,10,4,6,0,rawhide,1264
control,knn,10,rawhide free,0.0,1.0,0.0,10,0,10,0,rawhide,17055
control,knn,10,rawhide free bones,0.0,1.0,0.0,10,0,10,0,rawhide,6443
control,knn,10,rawhide free chew,0.0,0.9,0.1,10,0,9,1,rawhide,1282
control,knn,10,rawhide free chews,0.0,1.0,0.0,10,0,10,0,rawhide,58043
control,knn,10,rawhide free dog bones,0.0,0.9,0.1,10,0,9,1,rawhide,135517
control,knn,10,rawhide free dog bones & chews,0.0,0.8,0.2,10,0,8,2,rawhide,1390
control,knn,10,rawhide free dog bones & chews for large dogs,0.0,0.7,0.3,10,0,7,3,rawhide,4358
control,knn,10,rawhide free dog bones long lasting,0.1,0.8,0.1,10,1,8,1,rawhide,14868
control,knn,10,rawhide free dog chews,0.0,1.0,0.0,10,0,10,0,rawhide,6526
control,knn,10,rawhide free dog chews long lasting,0.0,1.0,0.0,10,0,10,0,rawhide,4471
control,knn,10,rawhide free dog treats,0.0,1.0,0.0,10,0,10,0,rawhide,29794
control,knn,10,rawhide free sticks,0.0,1.0,0.0,10,0,10,0,rawhide,2264
control,knn,10,rawhide free treats,0.0,1.0,0.0,10,0,10,0,rawhide,1840
control,knn,10,rice free dog food,0.1,0.6,0.3,10,1,6,3,rice,1195
control,knn,10,royal canin grain free,0.2,0.2,0.6,10,2,2,6,grain,2432
control,knn,10,salmon dog food grain free,0.1,0.9,0.0,10,1,9,0,grain,975
control,knn,10,salmon grain free dog food,0.2,0.8,0.0,10,2,8,0,grain,8103
control,knn,10,salt free dog food,0.0,0.0,1.0,10,0,0,10,salt,1015
control,knn,10,scent free cat litter,0.2,0.5,0.3,10,2,5,3,scent,2695
control,knn,10,scent free litter,0.3,0.7,0.0,10,3,7,0,scent,3172
control,knn,10,science diet grain free,1.0,0.0,0.0,10,10,0,0,grain,4491
control,knn,10,senior cat food grain free,0.2,0.8,0.0,10,2,8,0,grain,1110
control,knn,10,senior dog food grain free,0.1,0.9,0.0,10,1,9,0,grain,1394
control,knn,10,senior grain free dog food,0.2,0.8,0.0,10,2,8,0,grain,4724
control,knn,10,sheba grain free,0.0,1.0,0.0,10,0,10,0,grain,1917
control,knn,10,shell free bird seed,0.0,0.6,0.4,10,0,6,4,shell,1278
control,knn,10,small black stroller no zip,0.1,0.7,0.2,10,1,7,2,zip,1046
control,knn,10,small breed grain free,0.0,1.0,0.0,10,0,10,0,grain,1509
control,knn,10,small breed grain free dog food,0.0,1.0,0.0,10,0,10,0,grain,2340
control,knn,10,small breed grain free dry dog food,0.0,1.0,0.0,10,0,10,0,grain,2354
control,knn,10,small dog no pull harness,0.0,1.0,0.0,10,0,10,0,pull,1740
control,knn,10,small no pull harness,0.6,0.4,0.0,10,6,4,0,pull,1148
control,knn,10,soft grain free dog treats,0.1,0.7,0.2,10,1,7,2,grain,2135
control,knn,10,soy and corn free chicken feed,0.4,0.6,0.0,10,4,6,0,soy and corn,1287
control,knn,10,soy free chicken feed,0.0,1.0,0.0,10,0,10,0,soy,11839
control,knn,10,soy free horse feed,0.0,0.9,0.1,10,0,9,1,soy,5431
control,knn,10,soy free layer feed,0.3,0.6,0.1,10,3,6,1,soy,1175
control,knn,10,sporn mesh no pull dog harness,0.8,0.2,0.0,10,8,2,0,pull,7687
control,knn,10,stella and chewy grain free,0.0,1.0,0.0,10,0,10,0,grain,1117
control,knn,10,stink free,0.1,0.9,0.0,10,1,9,0,stink,3161
control,knn,10,stuffing free,0.0,1.0,0.0,10,0,10,0,stuffing,6904
control,knn,10,stuffing free dog toy,0.0,1.0,0.0,10,0,10,0,stuffing,4687
control,knn,10,stuffing free dog toys,0.0,1.0,0.0,10,0,10,0,stuffing,142348
control,knn,10,stuffing free dog toys large,0.0,1.0,0.0,10,0,10,0,stuffing,21225
control,knn,10,stuffing free dog toys small,0.0,1.0,0.0,10,0,10,0,stuffing,6376
control,knn,10,stuffing free toy,0.0,1.0,0.0,10,0,10,0,stuffing,2294
control,knn,10,stuffing free toys,0.0,1.0,0.0,10,0,10,0,stuffing,1123
control,knn,10,stuffing-free,0.0,1.0,0.0,10,0,10,0,stuffing,1079
control,knn,10,suet cakes for wild birds no melt,0.0,0.9,0.1,10,0,9,1,melt,7772
control,knn,10,sugar free,0.5,0.0,0.5,10,5,0,5,sugar,1515
control,knn,10,sugar free dog treats,0.2,0.2,0.6,10,2,2,6,sugar,9955
control,knn,10,sugar free horse treats,0.3,0.1,0.6,10,3,1,6,sugar,8411
control,knn,10,taste of the wild dog food grain free,0.0,1.0,0.0,10,0,10,0,grain,1243
control,knn,10,taste of the wild grain free,0.0,1.0,0.0,10,0,10,0,grain,2805
control,knn,10,taste of the wild grain free dog food,0.2,0.8,0.0,10,2,8,0,grain,8357
control,knn,10,taste of the wild high prairie grain-free dry dog food,0.3,0.7,0.0,10,3,7,0,grain,1435
control,knn,10,tear free dog shampoo,0.5,0.5,0.0,10,5,5,0,tear,7647
control,knn,10,the honest kitchen for dogs grain free,0.1,0.9,0.0,10,1,9,0,grain,1325
control,knn,10,the honest kitchen grain free,1.0,0.0,0.0,10,10,0,0,grain,2403
control,knn,10,tidy cats free,0.7,0.3,0.0,10,7,3,0,free,1197
control,knn,10,tidy cats free & clean unscented,1.0,0.0,0.0,10,10,0,0,unscented,999
control,knn,10,tidy cats free and clean unscented,1.0,0.0,0.0,10,10,0,0,unscented,7587
control,knn,10,tidy cats non clumping litter for cats,0.9,0.1,0.0,10,9,1,0,non clumping,2835
control,knn,10,tiny tiger grain free,0.0,1.0,0.0,10,0,10,0,grain,1318
control,knn,10,toy no stuffing,0.0,1.0,0.0,10,0,10,0,stuffing,1060
control,knn,10,toys no stuffing,0.0,1.0,0.0,10,0,10,0,stuffing,1635
control,knn,10,toys with no stuffing,0.0,1.0,0.0,10,0,10,0,stuffing,4057
control,knn,10,treats for dogs with no teeth,1.0,0.0,0.0,10,10,0,0,teeth,1406
control,knn,10,tuffy no stuff,0.6,0.4,0.0,10,6,4,0,stuff,1489
control,knn,10,turkey grain free,0.0,1.0,0.0,10,0,10,0,grain,1309
control,knn,10,ultra grain free,0.3,0.7,0.0,10,3,7,0,grain,978
control,knn,10,unscented dust free cat litter,0.5,0.1,0.4,10,5,1,4,"dust, scent",1132
control,knn,10,unscented dust free clumping cat litter,1.0,0.0,0.0,10,10,0,0,unscented,972
control,knn,10,unscented dust free litter,0.2,0.8,0.0,10,2,8,0,"unscented
dust",1250
control,knn,10,unscented non clumping cat litter,0.7,0.3,0.0,10,7,3,0,non clumping,7305
control,knn,10,vetivex veterinary dehp free lactated ringers electrolyte injection solution 1000-ml,0.2,0.2,0.6,10,2,2,6,dehp,5570
control,knn,10,victor grain free,0.4,0.6,0.0,10,4,6,0,grain,2601
control,knn,10,victor grain free dog food,0.1,0.9,0.0,10,1,9,0,grain,5635
control,knn,10,victor hi-pro plus 30/20 active sporting high protein gluten-free dry dog food,0.1,0.6,0.3,10,1,6,3,gluten,1151
control,knn,10,wag grain free dog food,0.5,0.5,0.0,10,5,5,0,grain,3193
control,knn,10,waste free bird seed,0.0,1.0,0.0,10,0,10,0,waste,4797
control,knn,10,waste free wild bird seed,0.2,0.8,0.0,10,2,8,0,waste,12115
control,knn,10,water bowl no spill,0.6,0.4,0.0,10,6,4,0,spill,2058
control,knn,10,weight management dog food no chicken,0.8,0.0,0.2,10,8,0,2,chicken,1021
control,knn,10,wellness core grain free,0.1,0.9,0.0,10,1,9,0,grain,1527
control,knn,10,wellness core grain free cat food,0.0,1.0,0.0,10,0,10,0,grain,2510
control,knn,10,wellness core grain free dog food,0.2,0.8,0.0,10,2,8,0,grain,8637
control,knn,10,wellness dry dog food grain free,0.1,0.9,0.0,10,1,9,0,grain,2057
control,knn,10,wellness grain free,0.0,1.0,0.0,10,0,10,0,grain,1617
control,knn,10,wellness grain free cat food,0.1,0.9,0.0,10,1,9,0,grain,2248
control,knn,10,wellness grain free dog food,0.0,1.0,0.0,10,0,10,0,grain,4682
control,knn,10,wet cat food grain free,0.0,0.7,0.3,10,0,7,3,grain,16508
control,knn,10,wet dog food grain free,0.0,1.0,0.0,10,0,10,0,grain,6455
control,knn,10,wet dog food no chicken,0.9,0.1,0.0,10,9,1,0,chicken,1981
control,knn,10,wet dog food without chicken,0.6,0.4,0.0,10,6,4,0,chicken,1194
control,knn,10,wet grain free cat food,0.1,0.9,0.0,10,1,9,0,grain,4900
control,knn,10,wet grain free dog food,0.0,0.9,0.1,10,0,9,1,grain,4103
control,knn,10,wet kitten food grain free,0.3,0.7,0.0,10,3,7,0,grain,2250
control,knn,10,wheat free cat food,0.0,0.6,0.4,10,0,6,4,wheat,5111
control,knn,10,wheat free dog food,0.0,0.6,0.4,10,0,6,4,wheat,6961
control,knn,10,wheat free dog treats,0.1,0.6,0.3,10,1,6,3,wheat,9289
control,knn,10,wheat free puppy food,0.2,0.8,0.0,10,2,8,0,wheat,4122
control,knn,10,whole earth farms grain-free,0.2,0.8,0.0,10,2,8,0,grain,5914
control,knn,10,whole hearted grain free,0.6,0.3,0.1,10,6,3,1,grain,1214
control,knn,10,wholesome grain free,0.3,0.6,0.1,10,3,6,1,grain,2131
control,knn,10,wholesomes grain free dog food,0.4,0.5,0.1,10,4,5,1,grain,2158
control,knn,10,wild bird seed no waste,0.0,0.9,0.1,10,0,9,1,waste,14889
control,knn,10,yeast free dog food,0.3,0.0,0.7,10,3,0,7,yeast,6961
control,knn,36,2 hounds design freedom no pull dog harness,0.8888888888888888,0.1111111111111111,0.0,36,32,4,0,pull,13268
control,knn,36,acana grain free,0.25,0.75,0.0,36,9,27,0,grain,1372
control,knn,36,acana grain free cat,0.08333333333333333,0.5555555555555556,0.3611111111111111,36,3,20,13,grain,1699
control,knn,36,acana grain-free food for dogs,0.4166666666666667,0.5833333333333334,0.0,36,15,21,0,grain,3087
control,knn,36,adjustable no pull harness,1.0,0.0,0.0,36,36,0,0,pull,974
control,knn,36,aller free,0.3888888888888889,0.5277777777777778,0.08333333333333333,36,14,19,3,aller,974
control,knn,36,allergy free cat food,0.2222222222222222,0.7777777777777778,0.0,36,8,28,0,allergy,1923
control,knn,36,allergy free dog food,0.05555555555555555,0.9166666666666666,0.027777777777777776,36,2,33,1,allergy,2462
control,knn,36,allergy free dog treats,0.08333333333333333,0.8055555555555556,0.1111111111111111,36,3,29,4,allergy,4371
control,knn,36,american journey grain free,0.0,1.0,0.0,36,0,36,0,grain,1049
control,knn,36,american journey grain free dog food,0.1388888888888889,0.8055555555555556,0.05555555555555555,36,5,29,2,grain,3336
control,knn,36,audubon park waste free,0.3611111111111111,0.6388888888888888,0.0,36,13,23,0,waste free,2251
control,knn,36,bark collar no shock,0.4444444444444444,0.05555555555555555,0.5,36,16,2,18,shock,3859
control,knn,36,barkworthies odor free bully sticks,0.4444444444444444,0.3611111111111111,0.19444444444444445,36,16,13,7,odor,3939
control,knn,36,beef dog food grain free,0.027777777777777776,0.9722222222222222,0.0,36,1,35,0,grain,1044
control,knn,36,beef grain free dog food,0.25,0.75,0.0,36,9,27,0,grain,2045
control,knn,36,beneful grain free,0.6944444444444444,0.05555555555555555,0.25,36,25,2,9,grain,1604
control,knn,36,best bully sticks odor free,0.0,1.0,0.0,36,0,36,0,odor,2943
control,knn,36,best no pull harness,0.6111111111111112,0.3888888888888889,0.0,36,22,14,0,pull,1798
control,knn,36,beyond dry cat food grain free,0.2222222222222222,0.75,0.027777777777777776,36,8,27,1,grain,5250
control,knn,36,beyond grain free,0.5833333333333334,0.4166666666666667,0.0,36,21,15,0,grain,2372
control,knn,36,beyond grain free cat food dry,0.3888888888888889,0.6111111111111112,0.0,36,14,22,0,grain,3779
control,knn,36,beyond grain free dry cat food,0.3333333333333333,0.6666666666666666,0.0,36,12,24,0,grain,2175
control,knn,36,beyond grain free wet cat food,0.25,0.6111111111111112,0.1388888888888889,36,9,22,5,grain,1433
control,knn,36,beyond simply grain free cat food,0.4444444444444444,0.5277777777777778,0.027777777777777776,36,16,19,1,grain,3366
control,knn,36,bird food wild no mess,0.0,0.8333333333333334,0.16666666666666666,36,0,30,6,mess,1138
control,knn,36,bird seed no mess,0.0,0.8888888888888888,0.1111111111111111,36,0,32,4,mess,1067
control,knn,36,bird seed no waste,0.0,0.8055555555555556,0.19444444444444445,36,0,29,7,waste,3357
control,knn,36,bird seed wild no mess,0.027777777777777776,0.8611111111111112,0.1111111111111111,36,1,31,4,mess,3963
control,knn,36,bird seed wild no waste,0.08333333333333333,0.8611111111111112,0.05555555555555555,36,3,31,2,waste,16977
control,knn,36,bird suet cakes no melt,0.05555555555555555,0.3611111111111111,0.5833333333333334,36,2,13,21,melt,3661
control,knn,36,blue buffalo chicken free,0.6944444444444444,0.2777777777777778,0.027777777777777776,36,25,10,1,chicken,3208
control,knn,36,blue buffalo dog food grain free,0.0,1.0,0.0,36,0,36,0,grain,5564
control,knn,36,blue buffalo freedom grain free,0.0,1.0,0.0,36,0,36,0,grain,2312
control,knn,36,blue buffalo grain free,0.0,1.0,0.0,36,0,36,0,grain,6671
control,knn,36,blue buffalo grain free cat food,0.19444444444444445,0.7777777777777778,0.027777777777777776,36,7,28,1,grain,9576
control,knn,36,blue buffalo grain free dog food,0.0,1.0,0.0,36,0,36,0,grain,18964
control,knn,36,blue buffalo grain free dry cat food,0.4722222222222222,0.4444444444444444,0.08333333333333333,36,17,16,3,grain,1161
control,knn,36,blue buffalo grain free dry dog food,0.08333333333333333,0.9166666666666666,0.0,36,3,33,0,grain,1574
control,knn,36,blue buffalo grain free wet cat food,0.08333333333333333,0.8888888888888888,0.027777777777777776,36,3,32,1,grain,1737
control,knn,36,blue buffalo grain free wet dog food,0.08333333333333333,0.75,0.16666666666666666,36,3,27,6,grain,1694
control,knn,36,blue buffalo no chicken,0.9722222222222222,0.027777777777777776,0.0,36,35,1,0,chicken,1087
control,knn,36,blue buffalo wet dog food grain free,0.05555555555555555,0.8333333333333334,0.1111111111111111,36,2,30,4,grain,989
control,knn,36,blue freedom grain free,0.0,1.0,0.0,36,0,36,0,grain,2100
control,knn,36,blue grain free,0.0,1.0,0.0,36,0,36,0,grain,1423
control,knn,36,bones & chews all natural grain-free jerky,0.0,0.3333333333333333,0.6666666666666666,36,0,12,24,grain,4977
control,knn,36,bpa free litter box,0.0,0.0,1.0,36,0,0,36,bpa,1302
control,knn,36,bully stick odor free,0.08333333333333333,0.9166666666666666,0.0,36,3,33,0,odor,2368
control,knn,36,bully sticks for dogs odor free,0.027777777777777776,0.9722222222222222,0.0,36,1,35,0,odor,4428
control,knn,36,bully sticks odor free,0.08333333333333333,0.9166666666666666,0.0,36,3,33,0,odor,4104
control,knn,36,calcium without d3,0.4444444444444444,0.3333333333333333,0.2222222222222222,36,16,12,8,d3,1856
control,knn,36,canidae grain free,0.1388888888888889,0.8611111111111112,0.0,36,5,31,0,grain,4014
control,knn,36,canidae grain free dog food,0.25,0.7222222222222222,0.027777777777777776,36,9,26,1,grain,2888
control,knn,36,canine naturals hide free,0.3611111111111111,0.4722222222222222,0.16666666666666666,36,13,17,6,hide,7376
control,knn,36,canned cat food grain free,0.027777777777777776,0.9722222222222222,0.0,36,1,35,0,grain,3121
control,knn,36,canned dog food grain free,0.0,1.0,0.0,36,0,36,0,grain,5595
control,knn,36,canned grain free dog food,0.1111111111111111,0.8888888888888888,0.0,36,4,32,0,grain,2676
control,knn,36,cat collar no bell,0.9166666666666666,0.0,0.08333333333333333,36,33,0,3,bell,3873
control,knn,36,cat dewormer no prescription,0.3055555555555556,0.2777777777777778,0.4166666666666667,36,11,10,15,prescription,23133
control,knn,36,cat dry food grain free,0.0,1.0,0.0,36,0,36,0,grain,4630
control,knn,36,cat food dry grain free,0.08333333333333333,0.9166666666666666,0.0,36,3,33,0,grain,3203
control,knn,36,cat food grain free,0.0,1.0,0.0,36,0,36,0,grain,19117
control,knn,36,cat food no chicken,0.7777777777777778,0.1111111111111111,0.1111111111111111,36,28,4,4,chicken,2783
control,knn,36,cat food organic grain free,0.1111111111111111,0.8055555555555556,0.08333333333333333,36,4,29,3,grain,4534
control,knn,36,cat food pate grain free,0.05555555555555555,0.9444444444444444,0.0,36,2,34,0,grain,2011
control,knn,36,cat food wet grain free,0.0,0.8888888888888888,0.1111111111111111,36,0,32,4,grain,8309
control,knn,36,cat food with no additives,0.16666666666666666,0.0,0.8333333333333334,36,6,0,30,additives,1600
control,knn,36,cat grain free pate,0.027777777777777776,0.9444444444444444,0.027777777777777776,36,1,34,1,grain,1150
control,knn,36,cat kibble grain free,0.027777777777777776,0.9722222222222222,0.0,36,1,35,0,grain,2832
control,knn,36,cat litter dust free,0.1388888888888889,0.16666666666666666,0.6944444444444444,36,5,6,25,dust,10997
control,knn,36,cat litter fragrance free,0.5,0.4166666666666667,0.08333333333333333,36,18,15,3,fragrance,1351
control,knn,36,cat litter no dust,0.027777777777777776,0.16666666666666666,0.8055555555555556,36,1,6,29,dust,8050
control,knn,36,cat litter no scent,0.3611111111111111,0.5277777777777778,0.1111111111111111,36,13,19,4,scent,2160
control,knn,36,cat litter no tracking,0.3888888888888889,0.16666666666666666,0.4444444444444444,36,14,6,16,tracking,3408
control,knn,36,cat no pee,0.5,0.5,0.0,36,18,18,0,pee,1037
control,knn,36,cat no scratch,0.8611111111111112,0.1388888888888889,0.0,36,31,5,0,scratch,1427
control,knn,36,cat toys no catnip,0.9444444444444444,0.0,0.05555555555555555,36,34,0,2,catnip,1519
control,knn,36,cat toys without catnip,0.9166666666666666,0.0,0.08333333333333333,36,33,0,3,catnip,1579
control,knn,36,cat treats grain free,0.0,0.8611111111111112,0.1388888888888889,36,0,31,5,grain,9966
control,knn,36,cat treats no chicken,0.9722222222222222,0.027777777777777776,0.0,36,35,1,0,chicken,1187
control,knn,36,cat tree no carpet,0.5,0.027777777777777776,0.4722222222222222,36,18,1,17,carpet,1496
control,knn,36,cat wet food grain free,0.08333333333333333,0.8888888888888888,0.027777777777777776,36,3,32,1,grain,9500
control,knn,36,charlee bear grain free crunch,0.3611111111111111,0.3333333333333333,0.3055555555555556,36,13,12,11,grain,4712
control,knn,36,chew bones rawhide free,0.25,0.6666666666666666,0.08333333333333333,36,9,24,3,rawhide,1195
control,knn,36,chew no poo,0.8611111111111112,0.1388888888888889,0.0,36,31,5,0,poo,2280
control,knn,36,chew no poop,0.9444444444444444,0.05555555555555555,0.0,36,34,2,0,poop,2803
control,knn,36,chews no rawhide,0.2222222222222222,0.7777777777777778,0.0,36,8,28,0,rawhide,8496
control,knn,36,chick starter feed non medicated,0.2777777777777778,0.6111111111111112,0.1111111111111111,36,10,22,4,medicated,5619
control,knn,36,chicken and grain free dog food,0.3888888888888889,0.6111111111111112,0.0,36,14,22,0,grain,1266
control,knn,36,chicken feed non gmo,0.8055555555555556,0.05555555555555555,0.1388888888888889,36,29,2,5,non gmo,2267
control,knn,36,chicken feed soy free,0.0,0.6944444444444444,0.3055555555555556,36,0,25,11,soy,1293
control,knn,36,chicken free,0.19444444444444445,0.2222222222222222,0.5833333333333334,36,7,8,21,chicken,4487
control,knn,36,chicken free canned dog food,0.5277777777777778,0.4444444444444444,0.027777777777777776,36,19,16,1,chicken,1444
control,knn,36,chicken free cat food,0.6111111111111112,0.2222222222222222,0.16666666666666666,36,22,8,6,chicken,14097
control,knn,36,chicken free cat treats,0.8055555555555556,0.05555555555555555,0.1388888888888889,36,29,2,5,chicken,6356
control,knn,36,chicken free dog bones,0.6388888888888888,0.08333333333333333,0.2777777777777778,36,23,3,10,chicken,968
control,knn,36,chicken free dog chews,0.5555555555555556,0.08333333333333333,0.3611111111111111,36,20,3,13,chicken,978
control,knn,36,chicken free dog food,0.3888888888888889,0.3333333333333333,0.2777777777777778,36,14,12,10,chicken,38479
control,knn,36,chicken free dog treat,0.25,0.3333333333333333,0.4166666666666667,36,9,12,15,chicken,1429
control,knn,36,chicken free dog treats,0.25,0.3611111111111111,0.3888888888888889,36,9,13,14,chicken,68590
control,knn,36,chicken free dry cat food,0.6666666666666666,0.19444444444444445,0.1388888888888889,36,24,7,5,chicken,3842
control,knn,36,chicken free dry dog food,0.4166666666666667,0.2222222222222222,0.3611111111111111,36,15,8,13,chicken,124263
control,knn,36,chicken free dry dog food for sensitive skin,0.0,0.5833333333333334,0.4166666666666667,36,0,21,15,chicken,1228
control,knn,36,chicken free dry puppy food,0.8333333333333334,0.0,0.16666666666666666,36,30,0,6,chicken,1272
control,knn,36,chicken free large breed puppy food,0.8333333333333334,0.0,0.16666666666666666,36,30,0,6,chicken,979
control,knn,36,chicken free pill pockets,0.4722222222222222,0.2222222222222222,0.3055555555555556,36,17,8,11,chicken,3116
control,knn,36,chicken free puppy food,0.8611111111111112,0.0,0.1388888888888889,36,31,0,5,chicken,5340
control,knn,36,chicken free treat,0.25,0.2222222222222222,0.5277777777777778,36,9,8,19,chicken,1329
control,knn,36,chicken free treats,0.2222222222222222,0.3055555555555556,0.4722222222222222,36,8,11,17,chicken,3686
control,knn,36,chicken free weight control,0.8611111111111112,0.027777777777777776,0.1111111111111111,36,31,1,4,chicken,1015
control,knn,36,chicken free wet cat food,1.0,0.0,0.0,36,36,0,0,chicken,3583
control,knn,36,chicken free wet dog food,0.75,0.2222222222222222,0.027777777777777776,36,27,8,1,chicken,19833
control,knn,36,chicken-free cat food,0.5555555555555556,0.19444444444444445,0.25,36,20,7,9,chicken,6561
control,knn,36,chicken-free dog food,0.25,0.4722222222222222,0.2777777777777778,36,9,17,10,chicken,3218
control,knn,36,chicken-free dry dog food,0.3333333333333333,0.2777777777777778,0.3888888888888889,36,12,10,14,chicken,5068
control,knn,36,chicken-free wet dog food,0.75,0.19444444444444445,0.05555555555555555,36,27,7,2,chicken,3656
control,knn,36,choke free harness,0.0,1.0,0.0,36,0,36,0,choke,1536
control,knn,36,churu grain free,0.0,1.0,0.0,36,0,36,0,grain,1142
control,knn,36,clumping cat litter dust free,0.08333333333333333,0.027777777777777776,0.8888888888888888,36,3,1,32,dust,7057
control,knn,36,cockatiel food no sunflower seeds,0.3611111111111111,0.05555555555555555,0.5833333333333334,36,13,2,21,sunflower seeds,3792
control,knn,36,corn and soy free chicken feed,0.2777777777777778,0.4444444444444444,0.2777777777777778,36,10,16,10,corn and soy,2593
control,knn,36,corn free chicken feed,0.027777777777777776,0.6111111111111112,0.3611111111111111,36,1,22,13,corn,6014
control,knn,36,corn free chicken scratch,0.2777777777777778,0.2222222222222222,0.5,36,10,8,18,corn,2220
control,knn,36,corn free dog food,0.0,0.9166666666666666,0.08333333333333333,36,0,33,3,corn,6183
control,knn,36,corn free dry cat food,0.0,1.0,0.0,36,0,36,0,corn,1013
control,knn,36,cough free horse,0.08571428571428572,0.9142857142857143,0.0,35,3,32,0,free,6820
control,knn,36,country kitchen rawhide free twists,0.3333333333333333,0.5,0.16666666666666666,36,12,18,6,rawhide,1202
control,knn,36,crunchy grain free dog treats,0.1388888888888889,0.75,0.1111111111111111,36,5,27,4,grain,1432
control,knn,36,delectables non seafood,0.4444444444444444,0.5,0.05555555555555555,36,16,18,2,seafood,1668
control,knn,36,diamond grain free,0.75,0.25,0.0,36,27,9,0,grain,2150
control,knn,36,diamond grain free dog food,0.75,0.25,0.0,36,27,9,0,grain,9975
control,knn,36,diamond natural grain free,0.8611111111111112,0.1388888888888889,0.0,36,31,5,0,grain,2679
control,knn,36,diamond naturals grain free,0.6666666666666666,0.2777777777777778,0.05555555555555555,36,24,10,2,grain,4384
control,knn,36,diamond naturals grain free dog food,0.6944444444444444,0.2777777777777778,0.027777777777777776,36,25,10,1,grain,4547
control,knn,36,dog bone rawhide free,0.19444444444444445,0.8055555555555556,0.0,36,7,29,0,rawhide,1437
control,knn,36,dog bones no rawhide,0.7777777777777778,0.19444444444444445,0.027777777777777776,36,28,7,1,rawhide,8198
control,knn,36,dog bones rawhide free,0.2777777777777778,0.6666666666666666,0.05555555555555555,36,10,24,2,rawhide,22731
control,knn,36,dog chews rawhide free,0.08333333333333333,0.8611111111111112,0.05555555555555555,36,3,31,2,rawhide,80267
control,knn,36,dog dry food grain free,0.0,1.0,0.0,36,0,36,0,grain,2653
control,knn,36,dog food chicken free,0.3888888888888889,0.5,0.1111111111111111,36,14,18,4,chicken,4370
control,knn,36,dog food dry grain free,0.027777777777777776,0.9722222222222222,0.0,36,1,35,0,grain,3977
control,knn,36,dog food grain free,0.0,1.0,0.0,36,0,36,0,grain,27813
control,knn,36,dog food grain free large breed,0.1111111111111111,0.8888888888888888,0.0,36,4,32,0,grain,5771
control,knn,36,dog food grain free non-gmo,0.1111111111111111,0.8333333333333334,0.05555555555555555,36,4,30,2,grain,988
control,knn,36,dog food no chicken,0.4722222222222222,0.4444444444444444,0.08333333333333333,36,17,16,3,chicken,12053
control,knn,36,dog food no corn,0.0,0.8611111111111112,0.1388888888888889,36,0,31,5,corn,1250
control,knn,36,dog food no grain,0.3333333333333333,0.6666666666666666,0.0,36,12,24,0,grain,2517
control,knn,36,dog food poultry free,0.4444444444444444,0.3888888888888889,0.16666666666666666,36,16,14,6,poultry,1332
control,knn,36,dog food with no chicken,0.3611111111111111,0.4444444444444444,0.19444444444444445,36,13,16,7,chicken,9753
control,knn,36,dog food without chicken,0.3055555555555556,0.5,0.19444444444444445,36,11,18,7,chicken,11590
control,knn,36,dog harness large no pull,0.8055555555555556,0.19444444444444445,0.0,36,29,7,0,pull,5076
control,knn,36,dog harness medium no pull,0.8888888888888888,0.1111111111111111,0.0,36,32,4,0,pull,3091
control,knn,36,dog harness no escape,1.0,0.0,0.0,36,36,0,0,escape,1062
control,knn,36,dog harness no pull,0.1388888888888889,0.8611111111111112,0.0,36,5,31,0,pull,76414
control,knn,36,dog no pull harness,0.0,1.0,0.0,36,0,36,0,pull,9874
control,knn,36,dog non rawhide chews,0.2777777777777778,0.6944444444444444,0.027777777777777776,36,10,25,1,rawhide,1730
control,knn,36,dog rawhide free bones,0.1111111111111111,0.8611111111111112,0.027777777777777776,36,4,31,1,rawhide,1370
control,knn,36,dog rawhide free treats,0.16666666666666666,0.8333333333333334,0.0,36,6,30,0,rawhide,2749
control,knn,36,dog stroller no zip,0.0,0.5833333333333334,0.4166666666666667,36,0,21,15,zip,1065
control,knn,36,dog toy no squeak,0.8055555555555556,0.08333333333333333,0.1111111111111111,36,29,3,4,squeak,1212
control,knn,36,dog toy no squeaker,0.8333333333333334,0.027777777777777776,0.1388888888888889,36,30,1,5,squeaker,1524
control,knn,36,dog toy no stuffing,0.0,0.9166666666666666,0.08333333333333333,36,0,33,3,stuffing,10254
control,knn,36,dog toy stuffing free,0.0,1.0,0.0,36,0,36,0,stuffing,1322
control,knn,36,dog toys for large dogs no stuffing,0.1111111111111111,0.8055555555555556,0.08333333333333333,36,4,29,3,stuffing,7409
control,knn,36,dog toys no squeak,0.7222222222222222,0.1388888888888889,0.1388888888888889,36,26,5,5,squeak,1702
control,knn,36,dog toys no stuffing,0.027777777777777776,0.9166666666666666,0.05555555555555555,36,1,33,2,stuffing,28211
control,knn,36,dog toys small dogs stuffing free,0.0,0.9166666666666666,0.08333333333333333,36,0,33,3,stuffing,1156
control,knn,36,dog toys stuffing free,0.0,0.9722222222222222,0.027777777777777776,36,0,35,1,stuffing,2442
control,knn,36,dog toys with no stuffing,0.05555555555555555,0.8888888888888888,0.05555555555555555,36,2,32,2,stuffing,7273
control,knn,36,dog treats chicken free,0.7222222222222222,0.05555555555555555,0.2222222222222222,36,26,2,8,chicken,1452
control,knn,36,dog treats for dogs with no teeth,0.9166666666666666,0.08333333333333333,0.0,36,33,3,0,teeth,3257
control,knn,36,dog treats for large dogs grain free,0.08333333333333333,0.5833333333333334,0.3333333333333333,36,3,21,12,grain,1206
control,knn,36,dog treats grain free,0.027777777777777776,0.9722222222222222,0.0,36,1,35,0,grain,13152
control,knn,36,dog treats no chicken,0.6111111111111112,0.3333333333333333,0.05555555555555555,36,22,12,2,chicken,4753
control,knn,36,dog treats no rawhide,0.5277777777777778,0.3333333333333333,0.1388888888888889,36,19,12,5,rawhide,2246
control,knn,36,dog treats rawhide free,0.16666666666666666,0.8333333333333334,0.0,36,6,30,0,rawhide,3261
control,knn,36,dog treats with no chicken,0.6388888888888888,0.1111111111111111,0.25,36,23,4,9,chicken,1095
control,knn,36,dog treats without chicken,0.4722222222222222,0.25,0.2777777777777778,36,17,9,10,chicken,4721
control,knn,36,dog water bowl no spill,0.3888888888888889,0.3055555555555556,0.3055555555555556,36,14,11,11,spill,23089
control,knn,36,dog wet food grain free,0.027777777777777776,0.9722222222222222,0.0,36,1,35,0,grain,1300
control,knn,36,dry cat food grain free,0.0,1.0,0.0,36,0,36,0,grain,10528
control,knn,36,dry cat food no chicken,0.7777777777777778,0.1111111111111111,0.1111111111111111,36,28,4,4,chicken,999
control,knn,36,dry cat food no grain,0.1388888888888889,0.8055555555555556,0.05555555555555555,36,5,29,2,grain,974
control,knn,36,dry dog food chicken free,0.5833333333333334,0.3055555555555556,0.1111111111111111,36,21,11,4,chicken,1536
control,knn,36,dry dog food grain free,0.0,1.0,0.0,36,0,36,0,grain,7777
control,knn,36,dry dog food no chicken,0.5833333333333334,0.3611111111111111,0.05555555555555555,36,21,13,2,chicken,2481
control,knn,36,dry dog food without chicken,0.3611111111111111,0.3888888888888889,0.25,36,13,14,9,chicken,1892
control,knn,36,dry grain free cat food,0.0,1.0,0.0,36,0,36,0,grain,5998
control,knn,36,dry grain free dog food,0.25,0.75,0.0,36,9,27,0,grain,4159
control,knn,36,dust free cat litter,0.027777777777777776,0.2222222222222222,0.75,36,1,8,27,dust,68627
control,knn,36,dust free clumping cat litter,0.027777777777777776,0.027777777777777776,0.9444444444444444,36,1,1,34,dust,33448
control,knn,36,dust free clumping litter,0.08333333333333333,0.027777777777777776,0.8888888888888888,36,3,1,32,dust,1145
control,knn,36,dust free litter,0.0,0.4166666666666667,0.5833333333333334,36,0,15,21,dust,8568
control,knn,36,dust free unscented clumping cat litter,0.027777777777777776,0.08333333333333333,0.8888888888888888,36,1,3,32,dust,6504
control,knn,36,earth animal no hide,0.0,1.0,0.0,36,0,36,0,hide,7495
control,knn,36,earth animal no hide chews,0.0,1.0,0.0,36,0,36,0,hide,2188
control,knn,36,earth animal no hide chews large,0.0,1.0,0.0,36,0,36,0,hide,972
control,knn,36,earth animal no hide medium,0.0,1.0,0.0,36,0,36,0,hide,1153
control,knn,36,earth animal no hide rolls,0.0,1.0,0.0,36,0,36,0,hide,1258
control,knn,36,easy walk no pull harness,0.1111111111111111,0.8888888888888888,0.0,36,4,32,0,pull,4342
control,knn,36,fancy feast grain free,0.5277777777777778,0.4444444444444444,0.027777777777777776,36,19,16,1,grain,2313
control,knn,36,fancy feast grain free pate,0.08333333333333333,0.6111111111111112,0.3055555555555556,36,3,22,11,grain,1036
control,knn,36,fancy feast grain free wet cat food,0.08333333333333333,0.25,0.6666666666666666,36,3,9,24,grain,12994
control,knn,36,farmina grain free,0.4444444444444444,0.5,0.05555555555555555,36,16,18,2,grain,2750
control,knn,36,farmina grain free dog food,0.4166666666666667,0.4722222222222222,0.1111111111111111,36,15,17,4,grain,3081
control,knn,36,fat free dog treats,0.4166666666666667,0.05555555555555555,0.5277777777777778,36,15,2,19,fat,7786
control,knn,36,fish free cat food,0.8611111111111112,0.027777777777777776,0.1111111111111111,36,31,1,4,fish,1456
control,knn,36,fly mask without ears,0.5555555555555556,0.3611111111111111,0.08333333333333333,36,20,13,3,ears,3567
control,knn,36,food grain free,0.0,1.0,0.0,36,0,36,0,grain,4785
control,knn,36,fragrance free cat litter,0.3888888888888889,0.4722222222222222,0.1388888888888889,36,14,17,5,fragrance,8207
control,knn,36,fragrance free dog shampoo,0.19444444444444445,0.19444444444444445,0.6111111111111112,36,7,7,22,fragrance,3644
control,knn,36,freedom grain free cat food,0.08333333333333333,0.9166666666666666,0.0,36,3,33,0,grain,2773
control,knn,36,freedom grain free dog food,0.05555555555555555,0.9444444444444444,0.0,36,2,34,0,grain,8393
control,knn,36,freedom no pull harness,0.8611111111111112,0.1388888888888889,0.0,36,31,5,0,pull,17745
control,knn,36,fresh pet grain free,0.05555555555555555,0.8055555555555556,0.1388888888888889,36,2,29,5,grain,3969
control,knn,36,fresh pet grain free dog food,0.08333333333333333,0.8055555555555556,0.1111111111111111,36,3,29,4,grain,1711
control,knn,36,fresh step cat litter non clumping,0.6111111111111112,0.3888888888888889,0.0,36,22,14,0,non clumping,7310
control,knn,36,fresh step dust free,0.08333333333333333,0.05555555555555555,0.8611111111111112,36,3,2,31,dust,1279
control,knn,36,fresh step non clumping cat litter,0.6666666666666666,0.3333333333333333,0.0,36,24,12,0,non clumping,30486
control,knn,36,frisco no pull harness,0.3055555555555556,0.6944444444444444,0.0,36,11,25,0,pull,1291
control,knn,36,frisco padded no pull dog harness,0.7222222222222222,0.2777777777777778,0.0,36,26,10,0,pull,1101
control,knn,36,frisco stuffing free,0.0,0.9722222222222222,0.027777777777777776,36,0,35,1,stuffing,2257
control,knn,36,fromm grain free,0.4444444444444444,0.5277777777777778,0.027777777777777776,36,16,19,1,grain,1032
control,knn,36,front clip no pull harness,0.2777777777777778,0.7222222222222222,0.0,36,10,26,0,pull,1120
control,knn,36,gain free dog food,0.027777777777777776,0.9722222222222222,0.0,36,1,35,0,gain,977
control,knn,36,gluten free,0.0,0.6111111111111112,0.3888888888888889,36,0,22,14,gluten,2039
control,knn,36,gluten free cat food,0.0,0.7777777777777778,0.2222222222222222,36,0,28,8,gluten,8910
control,knn,36,gluten free cat treats,0.0,0.4722222222222222,0.5277777777777778,36,0,17,19,gluten,1113
control,knn,36,gluten free dog food,0.1111111111111111,0.6111111111111112,0.2777777777777778,36,4,22,10,gluten,32569
control,knn,36,gluten free dog treats,0.027777777777777776,0.6944444444444444,0.2777777777777778,36,1,25,10,gluten,14910
control,knn,36,gluten free dry dog food,0.16666666666666666,0.7222222222222222,0.1111111111111111,36,6,26,4,gluten,1196
control,knn,36,gluten free puppy food,0.2777777777777778,0.7222222222222222,0.0,36,10,26,0,gluten,1459
control,knn,36,gluten free wet cat food,0.0,0.8055555555555556,0.19444444444444445,36,0,29,7,gluten,1955
control,knn,36,gluten free wet dog food,0.08333333333333333,0.8333333333333334,0.08333333333333333,36,3,30,3,gluten,1696
control,knn,36,gmo free dog food,0.0,0.7777777777777778,0.2222222222222222,36,0,28,8,gmo,7978
control,knn,36,good lovin no rawhide,0.4166666666666667,0.027777777777777776,0.5555555555555556,36,15,1,20,rawhide,1165
control,knn,36,grain and chicken free dog food,0.6388888888888888,0.3611111111111111,0.0,36,23,13,0,"grain, chicken",1316
control,knn,36,grain free,0.08333333333333333,0.8888888888888888,0.027777777777777776,36,3,32,1,grain,27310
control,knn,36,grain free adult dog food,0.027777777777777776,0.9722222222222222,0.0,36,1,35,0,grain,6444
control,knn,36,grain free air dried dog food,0.0,0.8888888888888888,0.1111111111111111,36,0,32,4,grain,1151
control,knn,36,grain free beef dog food,0.05555555555555555,0.9444444444444444,0.0,36,2,34,0,grain,3945
control,knn,36,grain free beef dry dog food,0.1388888888888889,0.8611111111111112,0.0,36,5,31,0,grain,1022
control,knn,36,grain free biscuits,0.1111111111111111,0.8333333333333334,0.05555555555555555,36,4,30,2,grain,1010
control,knn,36,grain free blue buffalo dog food,0.0,1.0,0.0,36,0,36,0,grain,1932
control,knn,36,grain free canned cat food,0.027777777777777776,0.9166666666666666,0.05555555555555555,36,1,33,2,grain,11102
control,knn,36,grain free canned dog food,0.0,1.0,0.0,36,0,36,0,grain,12390
control,knn,36,grain free cat,0.0,1.0,0.0,36,0,36,0,grain,6488
control,knn,36,grain free cat dry food,0.0,1.0,0.0,36,0,36,0,grain,2783
control,knn,36,grain free cat food,0.0,1.0,0.0,36,0,36,0,grain,76423
control,knn,36,grain free cat food dry,0.0,1.0,0.0,36,0,36,0,grain,14537
control,knn,36,grain free cat food wet,0.0,0.8055555555555556,0.19444444444444445,36,0,29,7,grain,11361
control,knn,36,grain free cat pate,0.027777777777777776,0.9722222222222222,0.0,36,1,35,0,grain,1210
control,knn,36,grain free cat treat,0.0,1.0,0.0,36,0,36,0,grain,6878
control,knn,36,grain free cat treats,0.0,1.0,0.0,36,0,36,0,grain,40628
control,knn,36,grain free cat wet food,0.027777777777777776,0.75,0.2222222222222222,36,1,27,8,grain,5735
control,knn,36,grain free chicken cat food,0.027777777777777776,0.9722222222222222,0.0,36,1,35,0,grain,1128
control,knn,36,grain free chicken dog food,0.2222222222222222,0.7777777777777778,0.0,36,8,28,0,grain,1250
control,knn,36,grain free chicken dog treats,0.0,1.0,0.0,36,0,36,0,grain,1542
control,knn,36,grain free chicken free dog food,0.5833333333333334,0.3611111111111111,0.05555555555555555,36,21,13,2,"grain, chicken",8785
control,knn,36,grain free chicken free dog treats,0.25,0.6388888888888888,0.1111111111111111,36,9,23,4,"grain, chicken",4078
control,knn,36,grain free chicken pate cat food,0.0,0.8611111111111112,0.1388888888888889,36,0,31,5,grain,1418
control,knn,36,grain free dental chews,0.0,0.75,0.25,36,0,27,9,grain,5153
control,knn,36,grain free diet dog food,0.05555555555555555,0.9444444444444444,0.0,36,2,34,0,grain,4566
control,knn,36,grain free dog,0.0,1.0,0.0,36,0,36,0,grain,7358
control,knn,36,grain free dog biscuits,0.027777777777777776,0.9444444444444444,0.027777777777777776,36,1,34,1,grain,7074
control,knn,36,grain free dog bones,0.16666666666666666,0.6388888888888888,0.19444444444444445,36,6,23,7,grain,2681
control,knn,36,grain free dog chews,0.08333333333333333,0.6666666666666666,0.25,36,3,24,9,grain,1598
control,knn,36,grain free dog food,0.0,1.0,0.0,36,0,36,0,grain,611730
control,knn,36,grain free dog food 40 lb bag,0.1111111111111111,0.8888888888888888,0.0,36,4,32,0,grain,4206
control,knn,36,grain free dog food 40lbs,0.16666666666666666,0.8333333333333334,0.0,36,6,30,0,grain,5458
control,knn,36,grain free dog food dry,0.027777777777777776,0.9722222222222222,0.0,36,1,35,0,grain,3723
control,knn,36,grain free dog food large breed,0.1388888888888889,0.8611111111111112,0.0,36,5,31,0,grain,18579
control,knn,36,grain free dog food salmon,0.05555555555555555,0.9444444444444444,0.0,36,2,34,0,grain,1725
control,knn,36,grain free dog food small breed,0.05555555555555555,0.9444444444444444,0.0,36,2,34,0,grain,16175
control,knn,36,grain free dog food wet,0.0,1.0,0.0,36,0,36,0,grain,7838
control,knn,36,grain free dog kibble,0.0,1.0,0.0,36,0,36,0,grain,1556
control,knn,36,grain free dog training treats,0.0,0.7777777777777778,0.2222222222222222,36,0,28,8,grain,2820
control,knn,36,grain free dog treat,0.05555555555555555,0.9444444444444444,0.0,36,2,34,0,grain,10410
control,knn,36,grain free dog treats,0.027777777777777776,0.9722222222222222,0.0,36,1,35,0,grain,138329
control,knn,36,grain free dog treats for large dogs,0.08333333333333333,0.8333333333333334,0.08333333333333333,36,3,30,3,grain,997
control,knn,36,grain free dog treats for medium dogs,0.027777777777777776,0.9444444444444444,0.027777777777777776,36,1,34,1,grain,5358
control,knn,36,grain free dog treats small breed,0.08333333333333333,0.9166666666666666,0.0,36,3,33,0,grain,4076
control,knn,36,grain free dog wet food,0.027777777777777776,0.9722222222222222,0.0,36,1,35,0,grain,1019
control,knn,36,grain free dogfood no probiotic,0.0,0.0,1.0,36,0,0,36,probiotic,982
control,knn,36,grain free dry,0.027777777777777776,0.9722222222222222,0.0,36,1,35,0,grain,4891
control,knn,36,grain free dry adult dog food,0.027777777777777776,0.9722222222222222,0.0,36,1,35,0,grain,1350
control,knn,36,grain free dry cat food,0.0,1.0,0.0,36,0,36,0,grain,197068
control,knn,36,grain free dry dog food,0.0,1.0,0.0,36,0,36,0,grain,56421
control,knn,36,grain free dry kitten food,0.1111111111111111,0.8888888888888888,0.0,36,4,32,0,grain,6226
control,knn,36,grain free duck dog food,0.1111111111111111,0.8888888888888888,0.0,36,4,32,0,grain,1431
control,knn,36,grain free fancy feast,0.3333333333333333,0.4722222222222222,0.19444444444444445,36,12,17,7,grain,1914
control,knn,36,grain free fish dog food,0.16666666666666666,0.8333333333333334,0.0,36,6,30,0,grain,2293
control,knn,36,grain free food,0.0,1.0,0.0,36,0,36,0,grain,1420
control,knn,36,grain free freeze dried dog food,0.027777777777777776,0.9722222222222222,0.0,36,1,35,0,grain,1795
control,knn,36,grain free fresh dog food,0.08333333333333333,0.7777777777777778,0.1388888888888889,36,3,28,5,grain,1289
control,knn,36,grain free fruit dog treats,0.1111111111111111,0.3611111111111111,0.5277777777777778,36,4,13,19,grain,1411
control,knn,36,grain free greenies,0.1388888888888889,0.027777777777777776,0.8333333333333334,36,5,1,30,grain,2564
control,knn,36,grain free high protein cat food,0.027777777777777776,0.9444444444444444,0.027777777777777776,36,1,34,1,grain,2937
control,knn,36,grain free high protein dog food,0.25,0.75,0.0,36,9,27,0,grain,1843
control,knn,36,grain free high protein dry cat food,0.0,1.0,0.0,36,0,36,0,grain,1029
control,knn,36,grain free honest kitchen,0.2777777777777778,0.6944444444444444,0.027777777777777776,36,10,25,1,grain,1122
control,knn,36,grain free jerky,0.08333333333333333,0.9166666666666666,0.0,36,3,33,0,grain,1571
control,knn,36,grain free kibble,0.0,1.0,0.0,36,0,36,0,grain,1409
control,knn,36,grain free kitten dry food,0.1388888888888889,0.7777777777777778,0.08333333333333333,36,5,28,3,grain,5861
control,knn,36,grain free kitten food,0.05555555555555555,0.9166666666666666,0.027777777777777776,36,2,33,1,grain,16286
control,knn,36,grain free kitten wet food,0.0,0.75,0.25,36,0,27,9,grain,4500
control,knn,36,grain free lamb dog food,0.1111111111111111,0.8888888888888888,0.0,36,4,32,0,grain,3771
control,knn,36,grain free large breed dog food,0.05555555555555555,0.9444444444444444,0.0,36,2,34,0,grain,2530
control,knn,36,grain free limited ingredient cat food,0.0,0.9722222222222222,0.027777777777777776,36,0,35,1,grain,1729
control,knn,36,grain free limited ingredient dog food,0.027777777777777776,0.9722222222222222,0.0,36,1,35,0,grain,3438
control,knn,36,grain free low fat dog food,0.3055555555555556,0.4444444444444444,0.25,36,11,16,9,grain,2100
control,knn,36,grain free organic dog food,0.16666666666666666,0.8333333333333334,0.0,36,6,30,0,grain,1002
control,knn,36,grain free pate,0.08333333333333333,0.9166666666666666,0.0,36,3,33,0,grain,1578
control,knn,36,grain free pate cat food,0.027777777777777776,0.9722222222222222,0.0,36,1,35,0,grain,8858
control,knn,36,grain free peanut butter dog treats,0.05555555555555555,0.5,0.4444444444444444,36,2,18,16,grain,1000
control,knn,36,grain free puppy,0.16666666666666666,0.8055555555555556,0.027777777777777776,36,6,29,1,grain,1472
control,knn,36,grain free puppy food,0.08333333333333333,0.8888888888888888,0.027777777777777776,36,3,32,1,grain,34872
control,knn,36,grain free puppy treats,0.2777777777777778,0.4722222222222222,0.25,36,10,17,9,grain,1999
control,knn,36,grain free purina dog food,0.1388888888888889,0.8611111111111112,0.0,36,5,31,0,grain,1470
control,knn,36,grain free purina pro plan,0.5277777777777778,0.4722222222222222,0.0,36,19,17,0,grain,1558
control,knn,36,grain free rabbit cat food,0.027777777777777776,0.8611111111111112,0.1111111111111111,36,1,31,4,grain,1266
control,knn,36,grain free rabbit food,0.1388888888888889,0.8333333333333334,0.027777777777777776,36,5,30,1,grain,1121
control,knn,36,grain free salmon,0.1388888888888889,0.8611111111111112,0.0,36,5,31,0,grain,1422
control,knn,36,grain free salmon cat food,0.027777777777777776,0.9722222222222222,0.0,36,1,35,0,grain,1083
control,knn,36,grain free salmon dog food,0.0,1.0,0.0,36,0,36,0,grain,15202
control,knn,36,grain free salmon dry dog food,0.027777777777777776,0.9444444444444444,0.027777777777777776,36,1,34,1,grain,2485
control,knn,36,grain free senior cat food,0.3333333333333333,0.5833333333333334,0.08333333333333333,36,12,21,3,grain,2261
control,knn,36,grain free senior dog food,0.3055555555555556,0.6666666666666666,0.027777777777777776,36,11,24,1,grain,10021
control,knn,36,grain free sensitive stomach cat food,0.3333333333333333,0.5833333333333334,0.08333333333333333,36,12,21,3,grain,1967
control,knn,36,grain free sensitive stomach dog food,0.0,1.0,0.0,36,0,36,0,grain,1344
control,knn,36,grain free small breed,0.19444444444444445,0.8055555555555556,0.0,36,7,29,0,grain,1062
control,knn,36,grain free small breed dry dog food,0.08333333333333333,0.9166666666666666,0.0,36,3,33,0,grain,7815
control,knn,36,grain free small dog food,0.0,1.0,0.0,36,0,36,0,grain,1123
control,knn,36,grain free soft dog food,0.1388888888888889,0.8333333333333334,0.027777777777777776,36,5,30,1,grain,1084
control,knn,36,grain free soft dog treats,0.1111111111111111,0.7222222222222222,0.16666666666666666,36,4,26,6,grain,2972
control,knn,36,grain free training treats,0.0,0.7777777777777778,0.2222222222222222,36,0,28,8,grain,997
control,knn,36,grain free training treats for dogs,0.0,0.7222222222222222,0.2777777777777778,36,0,26,10,grain,2451
control,knn,36,grain free treats,0.05555555555555555,0.9166666666666666,0.027777777777777776,36,2,33,1,grain,9238
control,knn,36,grain free treats for dogs,0.05555555555555555,0.9166666666666666,0.027777777777777776,36,2,33,1,grain,12609
control,knn,36,grain free weight control dog food,0.3333333333333333,0.5833333333333334,0.08333333333333333,36,12,21,3,grain,970
control,knn,36,grain free weight management dog food,0.3888888888888889,0.5833333333333334,0.027777777777777776,36,14,21,1,grain,1758
control,knn,36,grain free wet,0.1111111111111111,0.8611111111111112,0.027777777777777776,36,4,31,1,grain,4438
control,knn,36,grain free wet cat food,0.0,0.8888888888888888,0.1111111111111111,36,0,32,4,grain,162972
control,knn,36,grain free wet cat food gravy,0.0,0.8888888888888888,0.1111111111111111,36,0,32,4,grain,2407
control,knn,36,grain free wet cat food in gravy,0.027777777777777776,0.7777777777777778,0.19444444444444445,36,1,28,7,grain,1303
control,knn,36,grain free wet cat food pate,0.027777777777777776,0.9444444444444444,0.027777777777777776,36,1,34,1,grain,5664
control,knn,36,grain free wet dog food,0.0,1.0,0.0,36,0,36,0,grain,60526
control,knn,36,grain free wet food,0.08333333333333333,0.9166666666666666,0.0,36,3,33,0,grain,2504
control,knn,36,grain free wet food cat,0.0,0.8611111111111112,0.1388888888888889,36,0,31,5,grain,1388
control,knn,36,grain free wet kitten food,0.05555555555555555,0.75,0.19444444444444445,36,2,27,7,grain,3865
control,knn,36,grain-free cat food,0.0,1.0,0.0,36,0,36,0,grain,11965
control,knn,36,grain-free cat food 5.5 oz,0.25,0.6944444444444444,0.05555555555555555,36,9,25,2,grain,1346
control,knn,36,grain-free cat treats,0.0,0.9722222222222222,0.027777777777777776,36,0,35,1,grain,4411
control,knn,36,grain-free dog food,0.0,1.0,0.0,36,0,36,0,grain,6389
control,knn,36,grain-free dry cat food,0.0,1.0,0.0,36,0,36,0,grain,2485
control,knn,36,grain-free dry dog food,0.0,1.0,0.0,36,0,36,0,grain,3951
control,knn,36,grain-free kitten food,0.1388888888888889,0.8055555555555556,0.05555555555555555,36,5,29,2,grain,1368
control,knn,36,grain-free puppy food,0.1388888888888889,0.8611111111111112,0.0,36,5,31,0,grain,3839
control,knn,36,grainfree,0.0,1.0,0.0,36,0,36,0,grain,1016
control,knn,36,grainfree dog food,0.0,1.0,0.0,36,0,36,0,grain,8254
control,knn,36,grainfree dry,0.0,1.0,0.0,36,0,36,0,grain,4253
control,knn,36,grainfree dry cat food,0.0,1.0,0.0,36,0,36,0,grain,2854
control,knn,36,grainfree wet dog food,0.05555555555555555,0.9444444444444444,0.0,36,2,34,0,grain,1120
control,knn,36,greenies grain free,0.3055555555555556,0.05555555555555555,0.6388888888888888,36,11,2,23,grain,2143
control,knn,36,greenies grain free dental treats for dogs,0.5277777777777778,0.027777777777777776,0.4444444444444444,36,19,1,16,grain,3043
control,knn,36,halti no pull harness,0.7222222222222222,0.2777777777777778,0.0,36,26,10,0,pull,16145
control,knn,36,halti nylon padded no pull dog headcollar,0.8611111111111112,0.05555555555555555,0.08333333333333333,36,31,2,3,pull,3333
control,knn,36,harness for large dog no pull,0.5,0.5,0.0,36,18,18,0,pull,21244
control,knn,36,harness for medium dog no pull,0.7777777777777778,0.2222222222222222,0.0,36,28,8,0,pull,3986
control,knn,36,harness for small dog no pull,0.5277777777777778,0.4722222222222222,0.0,36,19,17,0,pull,4085
control,knn,36,harness no pull,0.16666666666666666,0.8333333333333334,0.0,36,6,30,0,pull,8042
control,knn,36,hide free,0.8888888888888888,0.1111111111111111,0.0,36,32,4,0,hide,3326
control,knn,36,hide free chews,0.8611111111111112,0.1388888888888889,0.0,36,31,5,0,hide,2987
control,knn,36,hide free chicken recipe sticks,0.6388888888888888,0.3611111111111111,0.0,36,23,13,0,hide,4091
control,knn,36,hide free dog chews,0.8333333333333334,0.16666666666666666,0.0,36,30,6,0,hide,7175
control,knn,36,high protein grain free cat food,0.0,0.9722222222222222,0.027777777777777776,36,0,35,1,grain,2873
control,knn,36,high protein grain free dog food,0.05555555555555555,0.9444444444444444,0.0,36,2,34,0,grain,2240
control,knn,36,hills grain free,0.5555555555555556,0.4444444444444444,0.0,36,20,16,0,grain,1934
control,knn,36,hills grain free dog food,0.5555555555555556,0.4444444444444444,0.0,36,20,16,0,grain,1614
control,knn,36,hills grain free dog treats,0.3888888888888889,0.1111111111111111,0.5,36,14,4,18,grain,1039
control,knn,36,hills grain free soft baked naturals,0.19444444444444445,0.5833333333333334,0.2222222222222222,36,7,21,8,grain,2698
control,knn,36,hills science diet grain free,0.8888888888888888,0.1111111111111111,0.0,36,32,4,0,grain,2229
control,knn,36,hills science diet no corn,0.05555555555555555,0.4722222222222222,0.4722222222222222,36,2,17,17,corn,1007
control,knn,36,hills science grain free,0.75,0.25,0.0,36,27,9,0,grain,1458
control,knn,36,honest kitchen beef grain free,0.5277777777777778,0.4444444444444444,0.027777777777777776,36,19,16,1,grain,1152
control,knn,36,honest kitchen dehydrated dog food grain free,0.1388888888888889,0.8333333333333334,0.027777777777777776,36,5,30,1,grain,1269
control,knn,36,honest kitchen grain free,0.3888888888888889,0.5833333333333334,0.027777777777777776,36,14,21,1,grain,3478
control,knn,36,honest kitchen grain free beef,0.5,0.4722222222222222,0.027777777777777776,36,18,17,1,grain,6296
control,knn,36,honest kitchen grain free dehydrated dog food,0.25,0.75,0.0,36,9,27,0,grain,1714
control,knn,36,honest kitchen grain free dog food,0.25,0.75,0.0,36,9,27,0,grain,4178
control,knn,36,horse fly mask without ears,0.3333333333333333,0.3888888888888889,0.2777777777777778,36,12,14,10,ears,5781
control,knn,36,iams grain free cat food,0.7777777777777778,0.2222222222222222,0.0,36,28,8,0,grain,2047
control,knn,36,instinct grain free,0.0,1.0,0.0,36,0,36,0,grain,1055
control,knn,36,instinct raw meals real beef recipe grain-free adult freeze-dried dog food 25-oz bag,0.2222222222222222,0.75,0.027777777777777776,36,8,27,1,grain,1048
control,knn,36,iodine free cat food,0.0,0.0,1.0,36,0,0,36,iodine,3331
control,knn,36,jinx grain free,0.2777777777777778,0.7222222222222222,0.0,36,10,26,0,grain,1000
control,knn,36,jinx grain free dog food,0.2777777777777778,0.6111111111111112,0.1111111111111111,36,10,22,4,grain,2938
control,knn,36,kaytee no mess,0.08333333333333333,0.7777777777777778,0.1388888888888889,36,3,28,5,mess,992
control,knn,36,kaytee no mess blend wild bird food,0.05555555555555555,0.7222222222222222,0.2222222222222222,36,2,26,8,mess,2512
control,knn,36,kaytee wild bird food no mess,0.08333333333333333,0.5277777777777778,0.3888888888888889,36,3,19,14,mess,998
control,knn,36,kitten dry food grain free,0.1111111111111111,0.7777777777777778,0.1111111111111111,36,4,28,4,grain,10184
control,knn,36,kitten food grain free,0.1388888888888889,0.7777777777777778,0.08333333333333333,36,5,28,3,grain,6119
control,knn,36,kitten grain free,0.027777777777777776,0.9444444444444444,0.027777777777777776,36,1,34,1,grain,2322
control,knn,36,kitten grain free wet food,0.0,0.8888888888888888,0.1111111111111111,36,0,32,4,grain,1749
control,knn,36,kitten wet food grain free,0.1388888888888889,0.7777777777777778,0.08333333333333333,36,5,28,3,grain,7774
control,knn,36,kitten wet grain free food,0.1111111111111111,0.7222222222222222,0.16666666666666666,36,4,26,6,grain,993
control,knn,36,kitty litter non clumping,0.08333333333333333,0.9166666666666666,0.0,36,3,33,0,clumping,6396
control,knn,36,lamb grain free dog food,0.08333333333333333,0.8888888888888888,0.027777777777777776,36,3,32,1,grain,2809
control,knn,36,large breed grain free dog food,0.16666666666666666,0.8333333333333334,0.0,36,6,30,0,grain,1263
control,knn,36,large breed puppy food grain free,0.3888888888888889,0.6111111111111112,0.0,36,14,22,0,grain,1963
control,knn,36,large breed puppy food no chicken,0.9166666666666666,0.0,0.08333333333333333,36,33,0,3,chicken,1134
control,knn,36,large dog bones rawhide free,0.3055555555555556,0.5833333333333334,0.1111111111111111,36,11,21,4,rawhide,6861
control,knn,36,large dog harness no pull,0.6944444444444444,0.2777777777777778,0.027777777777777776,36,25,10,1,pull,8655
control,knn,36,legume free dog food,0.75,0.05555555555555555,0.19444444444444445,36,27,2,7,legume,7084
control,knn,36,lickable cat treats grain free,0.0,0.25,0.75,36,0,9,27,grain,1128
control,knn,36,licks pill free,1.0,0.0,0.0,36,36,0,0,pill,2506
control,knn,36,limited ingredient grain free dog food,0.0,1.0,0.0,36,0,36,0,grain,2088
control,knn,36,litter dust free,0.027777777777777776,0.3055555555555556,0.6666666666666666,36,1,11,24,dust,3928
control,knn,36,litter no dust,0.027777777777777776,0.3055555555555556,0.6666666666666666,36,1,11,24,dust,2280
control,knn,36,litter non clumping,0.9444444444444444,0.05555555555555555,0.0,36,34,2,0,non clumping,4359
control,knn,36,low fat grain free dog food,1.0,0.0,0.0,36,36,0,0,"grain, fat",1870
control,knn,36,merrick grain free,0.1111111111111111,0.8611111111111112,0.027777777777777776,36,4,31,1,grain,4055
control,knn,36,merrick grain free dry dog food,0.0,1.0,0.0,36,0,36,0,grain,6428
control,knn,36,merrick lil plates grain free dog food,0.0,1.0,0.0,36,0,36,0,grain,3343
control,knn,36,merrick real texas beef + sweet potato recipe grain-free chicken-free adult dry dog food,0.4444444444444444,0.4722222222222222,0.08333333333333333,36,16,17,3,"grain, chicken",1424
control,knn,36,mess free bird seed,0.05555555555555555,0.8055555555555556,0.1388888888888889,36,2,29,5,mess,1049
control,knn,36,mess free water bowl,0.05555555555555555,0.9444444444444444,0.0,36,2,34,0,mess,4645
control,knn,36,natural farm odor-free bully sticks,0.16666666666666666,0.3055555555555556,0.5277777777777778,36,6,11,19,odor,4570
control,knn,36,nature's recipe grain free,0.05555555555555555,0.9444444444444444,0.0,36,2,34,0,grain,2587
control,knn,36,natures logic grain free,0.6111111111111112,0.2777777777777778,0.1111111111111111,36,22,10,4,grain,972
control,knn,36,natures recipe grain free,0.1111111111111111,0.8888888888888888,0.0,36,4,32,0,grain,6270
control,knn,36,natures recipe grain free dog food,0.08333333333333333,0.9166666666666666,0.0,36,3,33,0,grain,5311
control,knn,36,natures recipe grain free dry dog food,0.2222222222222222,0.7777777777777778,0.0,36,8,28,0,grain,12075
control,knn,36,natures recipe grain free wet dog food,0.19444444444444445,0.7222222222222222,0.08333333333333333,36,7,26,3,grain,1012
control,knn,36,no bark,0.6666666666666666,0.3333333333333333,0.0,36,24,12,0,bark,10077
control,knn,36,no bark collar,0.0,1.0,0.0,36,0,36,0,pull,20454
control,knn,36,no bark collars,1.0,0.0,0.0,36,36,0,0,no bark,7969
control,knn,36,no cat pee,0.027777777777777776,0.9722222222222222,0.0,36,1,35,0,cat pee,1215
control,knn,36,no chew,0.8333333333333334,0.16666666666666666,0.0,36,30,6,0,chew,7596
control,knn,36,no chew dog bed,0.1388888888888889,0.8055555555555556,0.05555555555555555,36,5,29,2,chew,3301
control,knn,36,no chew spray for cats,0.25,0.7222222222222222,0.027777777777777776,36,9,26,1,chew,4073
control,knn,36,no chew spray for dogs,0.2222222222222222,0.7777777777777778,0.0,36,8,28,0,chew,35353
control,knn,36,no chicken,0.5833333333333334,0.3055555555555556,0.1111111111111111,36,21,11,4,chicken,2318
control,knn,36,no chicken cat food,0.75,0.16666666666666666,0.08333333333333333,36,27,6,3,chicken,4707
control,knn,36,no chicken dog food,0.4166666666666667,0.4166666666666667,0.16666666666666666,36,15,15,6,chicken,32850
control,knn,36,no chicken dog treats,0.6111111111111112,0.25,0.1388888888888889,36,22,9,5,chicken,4769
control,knn,36,no chicken dry dog food,0.4722222222222222,0.3611111111111111,0.16666666666666666,36,17,13,6,chicken,1204
control,knn,36,no chicken puppy food,1.0,0.0,0.0,36,36,0,0,chicken,2040
control,knn,36,no chicken treats,0.8888888888888888,0.08333333333333333,0.027777777777777776,36,32,3,1,chicken,2185
control,knn,36,no chicken wet dog food,0.8888888888888888,0.1111111111111111,0.0,36,32,4,0,chicken,5034
control,knn,36,no clump litter,0.4166666666666667,0.5833333333333334,0.0,36,15,21,0,clump,3211
control,knn,36,no corn dog food,0.0,0.9444444444444444,0.05555555555555555,36,0,34,2,corn,2939
control,knn,36,no dust cat litter,0.05555555555555555,0.3333333333333333,0.6111111111111112,36,2,12,22,dust,9502
control,knn,36,no dust clumping cat litter,0.1388888888888889,0.1111111111111111,0.75,36,5,4,27,dust,6710
control,knn,36,no dust litter,0.05555555555555555,0.4166666666666667,0.5277777777777778,36,2,15,19,dust,2340
control,knn,36,no eat poop,0.5277777777777778,0.4444444444444444,0.027777777777777776,36,19,16,1,poop,2705
control,knn,36,no escape dog harness,0.1111111111111111,0.8888888888888888,0.0,36,4,32,0,pull,11770
control,knn,36,no escape harness,0.25,0.75,0.0,36,9,27,0,pull,3530
control,knn,36,no fat dog treats,0.027777777777777776,0.5833333333333334,0.3888888888888889,36,1,21,14,fat,2796
control,knn,36,no flap ear wrap,0.0,0.9722222222222222,0.027777777777777776,36,0,35,1,pull,18080
control,knn,36,no grain cat food,0.2222222222222222,0.7222222222222222,0.05555555555555555,36,8,26,2,grain,5782
control,knn,36,no grain dog food,0.25,0.75,0.0,36,9,27,0,grain,15780
control,knn,36,no grain dog treats,0.027777777777777776,0.8055555555555556,0.16666666666666666,36,1,29,6,grain,1637
control,knn,36,no grain dry cat food,0.1111111111111111,0.8333333333333334,0.05555555555555555,36,4,30,2,grain,3032
control,knn,36,no grain wet cat food,0.027777777777777776,0.9444444444444444,0.027777777777777776,36,1,34,1,grain,4489
control,knn,36,no grow bird seed,0.027777777777777776,0.4166666666666667,0.5555555555555556,36,1,15,20,grow,2780
control,knn,36,no hide,0.0,1.0,0.0,36,0,36,0,hide,67837
control,knn,36,no hide bone,0.0,1.0,0.0,36,0,36,0,hide,1796
control,knn,36,no hide bones,0.08333333333333333,0.9166666666666666,0.0,36,3,33,0,hide,13773
control,knn,36,no hide chew,0.0,1.0,0.0,36,0,36,0,hide,1036
control,knn,36,no hide chews,0.0,1.0,0.0,36,0,36,0,hide,147107
control,knn,36,no hide chews earth animal,0.0,1.0,0.0,36,0,36,0,hide,70100
control,knn,36,no hide chews large,0.16666666666666666,0.8055555555555556,0.027777777777777776,36,6,29,1,hide,3727
control,knn,36,no hide chews medium,0.08333333333333333,0.8888888888888888,0.027777777777777776,36,3,32,1,hide,1253
control,knn,36,no hide chews small,0.1111111111111111,0.8888888888888888,0.0,36,4,32,0,hide,1325
control,knn,36,no hide dog chews,0.1388888888888889,0.8611111111111112,0.0,36,5,31,0,hide,4859
control,knn,36,no hide dog chews 4 inch,0.75,0.25,0.0,36,27,9,0,hide,1845
control,knn,36,no hide dog chews medium,0.1111111111111111,0.8888888888888888,0.0,36,4,32,0,hide,2123
control,knn,36,no hide dog chews small,0.2777777777777778,0.7222222222222222,0.0,36,10,26,0,hide,2663
control,knn,36,no hide large,0.3611111111111111,0.6388888888888888,0.0,36,13,23,0,hide,3009
control,knn,36,no hide large rolls,0.2222222222222222,0.7777777777777778,0.0,36,8,28,0,hide,1346
control,knn,36,no hide medium,0.0,1.0,0.0,36,0,36,0,hide,1886
control,knn,36,no hide medium rolls,0.0,1.0,0.0,36,0,36,0,hide,2357
control,knn,36,no hide peanut butter,0.3611111111111111,0.6388888888888888,0.0,36,13,23,0,hide,1187
control,knn,36,no hide pumpkin,0.3333333333333333,0.6666666666666666,0.0,36,12,24,0,hide,1310
control,knn,36,no hide raw hide,0.6666666666666666,0.3333333333333333,0.0,36,24,12,0,rawhide,2210
control,knn,36,no hide rawhide,0.8055555555555556,0.19444444444444445,0.0,36,29,7,0,rawhide,2269
control,knn,36,no hide rolls,0.0,1.0,0.0,36,0,36,0,hide,1612
control,knn,36,no hide salmon,0.1111111111111111,0.8888888888888888,0.0,36,4,32,0,hide,2174
control,knn,36,no hide small rolls,0.2222222222222222,0.7777777777777778,0.0,36,8,28,0,hide,1257
control,knn,36,no hide sticks,0.027777777777777776,0.9722222222222222,0.0,36,1,35,0,hide,2520
control,knn,36,no hide stix,0.027777777777777776,0.9722222222222222,0.0,36,1,35,0,hide,7433
control,knn,36,no hide strips,0.0,1.0,0.0,36,0,36,0,hide,3815
control,knn,36,no hide venison,0.027777777777777776,0.9444444444444444,0.027777777777777776,36,1,34,1,hide,1136
control,knn,36,no hides,0.05555555555555555,0.9444444444444444,0.0,36,2,34,0,hides,2331
control,knn,36,no holes,0.08823529411764706,0.8823529411764706,0.029411764705882353,34,3,30,1,holes,2104
control,knn,36,no lick,0.5,0.5,0.0,36,18,18,0,lick,1801
control,knn,36,no melt suet,0.4444444444444444,0.2222222222222222,0.3333333333333333,36,16,8,12,no melt,2781
control,knn,36,no melt suet cakes for birds,0.0,0.4166666666666667,0.5833333333333334,36,0,15,21,melt,3006
control,knn,36,no melt suet cakes for wild birds,0.0,0.3611111111111111,0.6388888888888888,36,0,13,23,melt,1040
control,knn,36,no mess bird feeder,0.0,0.6944444444444444,0.3055555555555556,36,0,25,11,mess,2078
control,knn,36,no mess bird food,0.0,0.8333333333333334,0.16666666666666666,36,0,30,6,mess,1778
control,knn,36,no mess bird seed,0.0,0.9166666666666666,0.08333333333333333,36,0,33,3,mess,10066
control,knn,36,no mess water bowl,0.05555555555555555,0.9166666666666666,0.027777777777777776,36,2,33,1,mess,4197
control,knn,36,no mess wild bird food,0.0,0.9444444444444444,0.05555555555555555,36,0,34,2,mess,2594
control,knn,36,no mess wild bird seed,0.0,0.8611111111111112,0.1388888888888889,36,0,31,5,mess,22655
control,knn,36,no millet bird seed,0.5,0.027777777777777776,0.4722222222222222,36,18,1,17,millet,1078
control,knn,36,no odor bully sticks,0.05555555555555555,0.9444444444444444,0.0,36,2,34,0,odor,4474
control,knn,36,no pee,0.8055555555555556,0.19444444444444445,0.0,36,29,7,0,pee,2549
control,knn,36,no poo,0.6111111111111112,0.3888888888888889,0.0,36,22,14,0,poo,5242
control,knn,36,no poo chews,0.3055555555555556,0.6944444444444444,0.0,36,11,25,0,poo,3342
control,knn,36,no poo chews for dogs,0.5277777777777778,0.4444444444444444,0.027777777777777776,36,19,16,1,poo,4691
control,knn,36,no poop,0.6666666666666666,0.3333333333333333,0.0,36,24,12,0,poop,3632
control,knn,36,no poop chews,0.3333333333333333,0.6666666666666666,0.0,36,12,24,0,poop,31892
control,knn,36,no poop eating,0.3611111111111111,0.6111111111111112,0.027777777777777776,36,13,22,1,poop eating,16984
control,knn,36,no poultry dog food,0.6666666666666666,0.08333333333333333,0.25,36,24,3,9,poultry,1345
control,knn,36,no pull,0.027777777777777776,0.9722222222222222,0.0,36,1,35,0,pull,9044
control,knn,36,no pull collar,0.6944444444444444,0.3055555555555556,0.0,36,25,11,0,pull,20932
control,knn,36,no pull collar for dogs,0.2222222222222222,0.7777777777777778,0.0,36,8,28,0,pull,3540
control,knn,36,no pull collars,0.3888888888888889,0.6111111111111112,0.0,36,14,22,0,pull,1721
control,knn,36,no pull dog collar,0.2222222222222222,0.75,0.027777777777777776,36,8,27,1,pull,5502
control,knn,36,no pull dog harness,0.05555555555555555,0.9444444444444444,0.0,36,2,34,0,pull,32134
control,knn,36,no pull dog harnesses,0.05555555555555555,0.9444444444444444,0.0,36,2,34,0,pull,211607
control,knn,36,no pull dog leash,0.1111111111111111,0.8888888888888888,0.0,36,4,32,0,pull,4200
control,knn,36,no pull harness,0.0,1.0,0.0,36,0,36,0,pull,54525
control,knn,36,no pull harness for dogs,0.027777777777777776,0.9722222222222222,0.0,36,1,35,0,pull,114468
control,knn,36,no pull harness for large dog,0.05555555555555555,0.9444444444444444,0.0,36,2,34,0,pull,1918
control,knn,36,no pull harness for large dogs,0.027777777777777776,0.9722222222222222,0.0,36,1,35,0,pull,24205
control,knn,36,no pull harness for medium dog,0.1111111111111111,0.8888888888888888,0.0,36,4,32,0,pull,8720
control,knn,36,no pull harness for small dog,0.1388888888888889,0.8611111111111112,0.0,36,5,31,0,pull,13902
control,knn,36,no pull harnesses,0.1111111111111111,0.8888888888888888,0.0,36,4,32,0,pull,1272
control,knn,36,no pull head collar,0.1388888888888889,0.8333333333333334,0.027777777777777776,36,5,30,1,pull,2574
control,knn,36,no pull leash,0.05555555555555555,0.9444444444444444,0.0,36,2,34,0,pull,21703
control,knn,36,no pull training collar,0.8055555555555556,0.19444444444444445,0.0,36,29,7,0,pull,1134
control,knn,36,no rawhide,0.4166666666666667,0.5833333333333334,0.0,36,15,21,0,rawhide,2332
control,knn,36,no rawhide bones,0.8333333333333334,0.1388888888888889,0.027777777777777776,36,30,5,1,rawhide,12951
control,knn,36,no rawhide chews,0.3055555555555556,0.6666666666666666,0.027777777777777776,36,11,24,1,rawhide,2715
control,knn,36,no rawhide dog chews,0.4166666666666667,0.5833333333333334,0.0,36,15,21,0,rawhide,35562
control,knn,36,no rawhide treats,0.3888888888888889,0.5277777777777778,0.08333333333333333,36,14,19,3,rawhide,4068
control,knn,36,no scoot for dogs,0.75,0.2222222222222222,0.027777777777777776,36,27,8,1,scoot,25922
control,knn,36,no scratch,0.9722222222222222,0.027777777777777776,0.0,36,35,1,0,scratch,3930
control,knn,36,no scratch spray,0.6111111111111112,0.3611111111111111,0.027777777777777776,36,22,13,1,scratch,7315
control,knn,36,no scratch spray for cats,0.4166666666666667,0.5555555555555556,0.027777777777777776,36,15,20,1,scratch,1019
control,knn,36,no shock bark collar,0.4166666666666667,0.1111111111111111,0.4722222222222222,36,15,4,17,shock,12886
control,knn,36,no shock collar,0.6388888888888888,0.2222222222222222,0.1388888888888889,36,23,8,5,shock,1007
control,knn,36,no shock dog collar,0.5555555555555556,0.16666666666666666,0.2777777777777778,36,20,6,10,shock,1356
control,knn,36,no shock training collar,0.4444444444444444,0.19444444444444445,0.3611111111111111,36,16,7,13,shock,7048
control,knn,36,no slip collar,0.1111111111111111,0.8888888888888888,0.0,36,4,32,0,pull,1199
control,knn,36,no slip dog collar,0.19444444444444445,0.8055555555555556,0.0,36,7,29,0,pull,2153
control,knn,36,no slip dog socks,0.0,1.0,0.0,36,0,36,0,pull,3399
control,knn,36,no slip harness,0.9722222222222222,0.027777777777777776,0.0,36,35,1,0,pull,2053
control,knn,36,no spill dog bowl,0.2777777777777778,0.7222222222222222,0.0,36,10,26,0,spill,4573
control,knn,36,no spill dog water bowl,0.2777777777777778,0.6111111111111112,0.1111111111111111,36,10,22,4,spill,28061
control,knn,36,no spill water bowl,0.4166666666666667,0.5833333333333334,0.0,36,15,21,0,spill,30994
control,knn,36,no splash water bowl,0.0,1.0,0.0,36,0,36,0,pull,3317
control,knn,36,no spray cat,0.9722222222222222,0.027777777777777776,0.0,36,35,1,0,spray,2497
control,knn,36,no squeak dog toy,0.5277777777777778,0.3055555555555556,0.16666666666666666,36,19,11,6,squeak,990
control,knn,36,no squeak dog toys,0.5277777777777778,0.19444444444444445,0.2777777777777778,36,19,7,10,squeak,40129
control,knn,36,no squirrel bird seed,0.3611111111111111,0.6388888888888888,0.0,36,13,23,0,squirrel,5398
control,knn,36,no stuffing,0.05555555555555555,0.9444444444444444,0.0,36,2,34,0,stuffing,2020
control,knn,36,no stuffing dog toy,0.027777777777777776,0.9444444444444444,0.027777777777777776,36,1,34,1,stuffing,8094
control,knn,36,no stuffing dog toys,0.027777777777777776,0.8888888888888888,0.08333333333333333,36,1,32,3,stuffing,97772
control,knn,36,no stuffing toy,0.027777777777777776,0.8611111111111112,0.1111111111111111,36,1,31,4,stuffing,3277
control,knn,36,no stuffing toys,0.08333333333333333,0.8333333333333334,0.08333333333333333,36,3,30,3,stuffing,5673
control,knn,36,no sugar dog treats,0.027777777777777776,0.027777777777777776,0.9444444444444444,36,1,1,34,sugar,1361
control,knn,36,no sugar horse treats,0.3611111111111111,0.16666666666666666,0.4722222222222222,36,13,6,17,sugar,1315
control,knn,36,no tangle leash,0.1388888888888889,0.8333333333333334,0.027777777777777776,36,5,30,1,pull,1186
control,knn,36,no tip dog bowl,0.0,1.0,0.0,36,0,36,0,pull,1033
control,knn,36,no tip water bowl,0.027777777777777776,0.7222222222222222,0.25,36,1,26,9,tip,6005
control,knn,36,no toot,0.26666666666666666,0.7333333333333333,0.0,30,8,22,0,toot,1991
control,knn,36,no track cat litter,0.5277777777777778,0.16666666666666666,0.3055555555555556,36,19,6,11,track,1419
control,knn,36,no tracking cat litter,0.5555555555555556,0.08333333333333333,0.3611111111111111,36,20,3,13,tracking,13088
control,knn,36,no tracking litter,0.5555555555555556,0.19444444444444445,0.25,36,20,7,9,tracking,1397
control,knn,36,no waste bird food,0.027777777777777776,0.9166666666666666,0.05555555555555555,36,1,33,2,waste,2152
control,knn,36,no waste bird seed,0.0,0.8888888888888888,0.1111111111111111,36,0,32,4,waste,9270
control,knn,36,no waste wild bird food,0.027777777777777776,0.9166666666666666,0.05555555555555555,36,1,33,2,waste,2693
control,knn,36,no waste wild bird seed,0.027777777777777776,0.8611111111111112,0.1111111111111111,36,1,31,4,waste,24563
control,knn,36,no zip stroller,0.05555555555555555,0.5833333333333334,0.3611111111111111,36,2,21,13,zip,1518
control,knn,36,non absorbent cat litter,0.5,0.5,0.0,36,18,18,0,non absorbent,1507
control,knn,36,non chew dog bed,0.05555555555555555,0.9444444444444444,0.0,36,2,34,0,chew,995
control,knn,36,non chicken dog food,0.1111111111111111,0.5,0.3888888888888889,36,4,18,14,chicken,3858
control,knn,36,non chicken dog treats,0.16666666666666666,0.4166666666666667,0.4166666666666667,36,6,15,15,chicken,1718
control,knn,36,non clay cat litter,0.3055555555555556,0.6666666666666666,0.027777777777777776,36,11,24,1,clay,5979
control,knn,36,non clay litter,0.25,0.6944444444444444,0.05555555555555555,36,9,25,2,clay,2271
control,knn,36,non clumping,0.08333333333333333,0.9166666666666666,0.0,36,3,33,0,clumping,1334
control,knn,36,non clumping cat litter,0.8888888888888888,0.1111111111111111,0.0,36,32,4,0,non clumping,121355
control,knn,36,non clumping kitty litter,0.9444444444444444,0.05555555555555555,0.0,36,34,2,0,non clumping,1510
control,knn,36,non clumping unscented cat litter,0.8611111111111112,0.1388888888888889,0.0,36,31,5,0,"non clumping unscented cat litter

the user is actually looking for cat litter",11479
control,knn,36,non gmo,0.0,0.9722222222222222,0.027777777777777776,36,0,35,1,gmo,1156
control,knn,36,non gmo cat food,0.0,0.75,0.25,36,0,27,9,gmo,2288
control,knn,36,non gmo chicken feed,0.0,0.9166666666666666,0.08333333333333333,36,0,33,3,gmo,16510
control,knn,36,non gmo dog food,0.0,0.9722222222222222,0.027777777777777776,36,0,35,1,gmo,11060
control,knn,36,non gmo dog treats,0.8611111111111112,0.1111111111111111,0.027777777777777776,36,31,4,1,non gmo,994
control,knn,36,non gmo wet dog food,0.25,0.7222222222222222,0.027777777777777776,36,9,26,1,gmo,1029
control,knn,36,non grain dog food,0.4722222222222222,0.5,0.027777777777777776,36,17,18,1,grain,1089
control,knn,36,non kibble dog food,1.0,0.0,0.0,36,36,0,0,kibble,1761
control,knn,36,non prescription flea medicine,0.3611111111111111,0.4722222222222222,0.16666666666666666,36,13,17,6,non prescription,1077
control,knn,36,non prescription flea meds,0.6111111111111112,0.3333333333333333,0.05555555555555555,36,22,12,2,non prescription,1229
control,knn,36,non prescription pain meds for dogs,0.5833333333333334,0.3333333333333333,0.08333333333333333,36,21,12,3,prescription,3980
control,knn,36,non pull harness,0.0,1.0,0.0,36,0,36,0,pull,5327
control,knn,36,non raw hide,0.7222222222222222,0.2777777777777778,0.0,36,26,10,0,rawhide,1225
control,knn,36,non rawhide,0.25,0.75,0.0,36,9,27,0,rawhide,1020
control,knn,36,non rawhide bones,0.3333333333333333,0.6666666666666666,0.0,36,12,24,0,rawhide,18977
control,knn,36,non rawhide chews,0.05555555555555555,0.9444444444444444,0.0,36,2,34,0,rawhide,10766
control,knn,36,non rawhide dog chews,0.08333333333333333,0.8888888888888888,0.027777777777777776,36,3,32,1,rawhide,70094
control,knn,36,non rawhide dog treats,0.1388888888888889,0.7777777777777778,0.08333333333333333,36,5,28,3,rawhide,2882
control,knn,36,non scented litter,0.3888888888888889,0.5,0.1111111111111111,36,14,18,4,scented,1755
control,knn,36,non squeaky dog toys,0.8055555555555556,0.027777777777777776,0.16666666666666666,36,29,1,6,squeaky,17562
control,knn,36,non stuffed dog toys,0.1388888888888889,0.8055555555555556,0.05555555555555555,36,5,29,2,stuffed,6207
control,knn,36,non tip water bowl,0.0,0.9166666666666666,0.08333333333333333,36,0,33,3,tip,6861
control,knn,36,non toxic cat litter,0.0,1.0,0.0,36,0,36,0,toxic,1267
control,knn,36,non tracking cat litter,0.3611111111111111,0.5277777777777778,0.1111111111111111,36,13,19,4,tracking,18311
control,knn,36,non tracking litter,0.25,0.6111111111111112,0.1388888888888889,36,9,22,5,tracking,3003
control,knn,36,non-gmo dog food,0.0,0.9722222222222222,0.027777777777777776,36,0,35,1,gmo,3007
control,knn,36,nulo grain free,0.3055555555555556,0.6944444444444444,0.0,36,11,25,0,grain,4152
control,knn,36,nutrish dog food grain free,0.8055555555555556,0.16666666666666666,0.027777777777777776,36,29,6,1,grain,1003
control,knn,36,nutrish grain free dog food,0.6388888888888888,0.3611111111111111,0.0,36,23,13,0,grain,4382
control,knn,36,nutro grain free,0.5277777777777778,0.4722222222222222,0.0,36,19,17,0,grain,2591
control,knn,36,nutro grain free dog food,0.5555555555555556,0.4444444444444444,0.0,36,20,16,0,grain,4841
control,knn,36,odor free bully stick,0.19444444444444445,0.7777777777777778,0.027777777777777776,36,7,28,1,odor,1494
control,knn,36,odor free bully sticks,0.08333333333333333,0.8333333333333334,0.08333333333333333,36,3,30,3,odor,9025
control,knn,36,odor free bully sticks for dogs,0.08333333333333333,0.9166666666666666,0.0,36,3,33,0,odor,27702
control,knn,36,open farm grain free,0.5277777777777778,0.4722222222222222,0.0,36,19,17,0,grain,1704
control,knn,36,open farm grain free dog food,0.4722222222222222,0.5277777777777778,0.0,36,17,19,0,grain,2175
control,knn,36,organic chicken feed soy free,0.0,0.6388888888888888,0.3611111111111111,36,0,23,13,soy,1525
control,knn,36,organic grain free cat treats,0.0,0.6388888888888888,0.3611111111111111,36,0,23,13,grain,2085
control,knn,36,organic non gmo chicken feed,0.6388888888888888,0.19444444444444445,0.16666666666666666,36,23,7,6,non gmo,1154
control,knn,36,organic soy free chicken feed,0.0,0.5555555555555556,0.4444444444444444,36,0,20,16,soy,2338
control,knn,36,origin grain free dog,0.5833333333333334,0.4166666666666667,0.0,36,21,15,0,grain,5901
control,knn,36,origin grain free puppy,0.4722222222222222,0.5,0.027777777777777776,36,17,18,1,grain,3607
control,knn,36,orijen grain free,0.05555555555555555,0.9444444444444444,0.0,36,2,34,0,grain,1665
control,knn,36,orijen grain free cat,0.05555555555555555,0.8611111111111112,0.08333333333333333,36,2,31,3,grain,1533
control,knn,36,orijen grain free dog,0.16666666666666666,0.8333333333333334,0.0,36,6,30,0,grain,2373
control,knn,36,orijen grain free dog food,0.19444444444444445,0.8055555555555556,0.0,36,7,29,0,grain,2503
control,knn,36,orijen grain free puppy,0.5833333333333334,0.3055555555555556,0.1111111111111111,36,21,11,4,grain,2493
control,knn,36,orijen grain free treats,0.3611111111111111,0.6388888888888888,0.0,36,13,23,0,grain,1785
control,knn,36,pate grain free cat food,0.027777777777777776,0.9722222222222222,0.0,36,1,35,0,grain,1105
control,knn,36,pea free dog food,0.4166666666666667,0.027777777777777776,0.5555555555555556,36,15,1,20,pea,5939
control,knn,36,pet safe easy walk no pull harness,0.9722222222222222,0.027777777777777776,0.0,36,35,1,0,pull,1953
control,knn,36,pigeon feed no corn,0.5,0.16666666666666666,0.3333333333333333,36,18,6,12,corn,3687
control,knn,36,pigeon food no corn,0.5,0.16666666666666666,0.3333333333333333,36,18,6,12,corn,1756
control,knn,36,pork chomps rawhide free,0.0,1.0,0.0,36,0,36,0,rawhide,129324
control,knn,36,pork chomps rawhide free dog bones,0.0,1.0,0.0,36,0,36,0,rawhide,3737
control,knn,36,poultry free,0.7222222222222222,0.08333333333333333,0.19444444444444445,36,26,3,7,poultry,2348
control,knn,36,poultry free cat food,0.7222222222222222,0.16666666666666666,0.1111111111111111,36,26,6,4,poultry,1975
control,knn,36,poultry free dog food,0.4444444444444444,0.4166666666666667,0.1388888888888889,36,16,15,5,poultry,17789
control,knn,36,poultry free dog treats,0.6388888888888888,0.05555555555555555,0.3055555555555556,36,23,2,11,poultry,1753
control,knn,36,poultry free wet dog food,0.8055555555555556,0.1388888888888889,0.05555555555555555,36,29,5,2,poultry,1701
control,knn,36,pro plan grain free,0.6111111111111112,0.3888888888888889,0.0,36,22,14,0,grain,1681
control,knn,36,protein free dog treats,0.9444444444444444,0.027777777777777776,0.027777777777777776,36,34,1,1,protein,5096
control,knn,36,puppy food chicken free,0.9166666666666666,0.0,0.08333333333333333,36,33,0,3,chicken,1032
control,knn,36,puppy food grain free,0.19444444444444445,0.8055555555555556,0.0,36,7,29,0,grain,7002
control,knn,36,puppy food no chicken,1.0,0.0,0.0,36,36,0,0,chicken,2518
control,knn,36,puppy food with no chicken,0.8611111111111112,0.05555555555555555,0.08333333333333333,36,31,2,3,chicken,1040
control,knn,36,puppy food without chicken,0.8333333333333334,0.027777777777777776,0.1388888888888889,36,30,1,5,chicken,1606
control,knn,36,puppy grain free,0.05555555555555555,0.9444444444444444,0.0,36,2,34,0,grain,1298
control,knn,36,puppy grain free food,0.16666666666666666,0.8333333333333334,0.0,36,6,30,0,grain,1140
control,knn,36,pure balance grain free,0.4166666666666667,0.5833333333333334,0.0,36,15,21,0,grain,11504
control,knn,36,purina beneful grain free,0.5833333333333334,0.0,0.4166666666666667,36,21,0,15,grain,1945
control,knn,36,purina beyond grain free cat food,0.4444444444444444,0.5277777777777778,0.027777777777777776,36,16,19,1,grain,8992
control,knn,36,purina beyond grain free dog food,0.4444444444444444,0.5277777777777778,0.027777777777777776,36,16,19,1,grain,3884
control,knn,36,purina beyond grain free dry cat food,0.5277777777777778,0.4722222222222222,0.0,36,19,17,0,grain,2080
control,knn,36,purina cat food grain free,0.5833333333333334,0.3888888888888889,0.027777777777777776,36,21,14,1,grain,5440
control,knn,36,purina cat grain free,0.6111111111111112,0.3055555555555556,0.08333333333333333,36,22,11,3,grain,1273
control,knn,36,purina grain free,0.25,0.75,0.0,36,9,27,0,grain,8189
control,knn,36,purina grain free cat food,0.05555555555555555,0.9444444444444444,0.0,36,2,34,0,grain,2326
control,knn,36,purina grain free dog food,0.1111111111111111,0.8888888888888888,0.0,36,4,32,0,grain,3037
control,knn,36,purina grain free dry cat food,0.1111111111111111,0.8611111111111112,0.027777777777777776,36,4,31,1,grain,19168
control,knn,36,purina grain free dry dog food,0.19444444444444445,0.7777777777777778,0.027777777777777776,36,7,28,1,grain,8138
control,knn,36,purina grain free wet cat food,0.0,0.7777777777777778,0.2222222222222222,36,0,28,8,grain,7458
control,knn,36,purina grain free wet dog food,0.2222222222222222,0.6944444444444444,0.08333333333333333,36,8,25,3,grain,2342
control,knn,36,purina one grain free,0.8055555555555556,0.19444444444444445,0.0,36,29,7,0,grain,4066
control,knn,36,purina one grain free cat food,0.7777777777777778,0.16666666666666666,0.05555555555555555,36,28,6,2,grain,1649
control,knn,36,purina one grain free dog food,0.7222222222222222,0.19444444444444445,0.08333333333333333,36,26,7,3,grain,5270
control,knn,36,purina one grain free dry cat food,0.8333333333333334,0.08333333333333333,0.08333333333333333,36,30,3,3,grain,5886
control,knn,36,purina one grain free wet cat food,0.2777777777777778,0.5,0.2222222222222222,36,10,18,8,grain,17042
control,knn,36,purina one wet cat food grain free,0.16666666666666666,0.5555555555555556,0.2777777777777778,36,6,20,10,grain,1114
control,knn,36,purina pro plan for cats grain free,0.6944444444444444,0.2777777777777778,0.027777777777777776,36,25,10,1,grain,1589
control,knn,36,purina pro plan for dogs grain free,0.3333333333333333,0.6666666666666666,0.0,36,12,24,0,grain,975
control,knn,36,purina pro plan grain free,0.5833333333333334,0.4166666666666667,0.0,36,21,15,0,grain,7034
control,knn,36,python no spill,0.3333333333333333,0.6111111111111112,0.05555555555555555,36,12,22,2,spill,5465
control,knn,36,rachel ray grain free dog food,0.2777777777777778,0.7222222222222222,0.0,36,10,26,0,grain,4812
control,knn,36,raw hide free,0.0,1.0,0.0,36,0,36,0,rawhide,2193
control,knn,36,raw hide free bones,0.027777777777777776,0.9722222222222222,0.0,36,1,35,0,rawhide,3187
control,knn,36,raw hide free dog bones,0.08333333333333333,0.8888888888888888,0.027777777777777776,36,3,32,1,rawhide,1011
control,knn,36,raw hide free dog chews,0.027777777777777776,0.9722222222222222,0.0,36,1,35,0,rawhide,25587
control,knn,36,raw hide free large dog chews,0.3611111111111111,0.6388888888888888,0.0,36,13,23,0,rawhide,1264
control,knn,36,rawhide free,0.0,0.9166666666666666,0.08333333333333333,36,0,33,3,rawhide,17055
control,knn,36,rawhide free bones,0.08333333333333333,0.8888888888888888,0.027777777777777776,36,3,32,1,rawhide,6443
control,knn,36,rawhide free chew,0.05555555555555555,0.8611111111111112,0.08333333333333333,36,2,31,3,rawhide,1282
control,knn,36,rawhide free chews,0.05555555555555555,0.8888888888888888,0.05555555555555555,36,2,32,2,rawhide,58043
control,knn,36,rawhide free dog bones,0.1388888888888889,0.7777777777777778,0.08333333333333333,36,5,28,3,rawhide,135517
control,knn,36,rawhide free dog bones & chews,0.05555555555555555,0.8611111111111112,0.08333333333333333,36,2,31,3,rawhide,1390
control,knn,36,rawhide free dog bones & chews for large dogs,0.1111111111111111,0.8055555555555556,0.08333333333333333,36,4,29,3,rawhide,4358
control,knn,36,rawhide free dog bones long lasting,0.1388888888888889,0.8333333333333334,0.027777777777777776,36,5,30,1,rawhide,14868
control,knn,36,rawhide free dog chews,0.08333333333333333,0.8333333333333334,0.08333333333333333,36,3,30,3,rawhide,6526
control,knn,36,rawhide free dog chews long lasting,0.027777777777777776,0.9444444444444444,0.027777777777777776,36,1,34,1,rawhide,4471
control,knn,36,rawhide free dog treats,0.1111111111111111,0.8611111111111112,0.027777777777777776,36,4,31,1,rawhide,29794
control,knn,36,rawhide free sticks,0.08333333333333333,0.8888888888888888,0.027777777777777776,36,3,32,1,rawhide,2264
control,knn,36,rawhide free treats,0.1388888888888889,0.8055555555555556,0.05555555555555555,36,5,29,2,rawhide,1840
control,knn,36,rice free dog food,0.08333333333333333,0.5833333333333334,0.3333333333333333,36,3,21,12,rice,1195
control,knn,36,royal canin grain free,0.3888888888888889,0.1388888888888889,0.4722222222222222,36,14,5,17,grain,2432
control,knn,36,salmon dog food grain free,0.027777777777777776,0.9722222222222222,0.0,36,1,35,0,grain,975
control,knn,36,salmon grain free dog food,0.1111111111111111,0.8888888888888888,0.0,36,4,32,0,grain,8103
control,knn,36,salt free dog food,0.0,0.0,1.0,36,0,0,36,salt,1015
control,knn,36,scent free cat litter,0.25,0.6111111111111112,0.1388888888888889,36,9,22,5,scent,2695
control,knn,36,scent free litter,0.3055555555555556,0.5277777777777778,0.16666666666666666,36,11,19,6,scent,3172
control,knn,36,science diet grain free,0.9444444444444444,0.05555555555555555,0.0,36,34,2,0,grain,4491
control,knn,36,senior cat food grain free,0.3611111111111111,0.5833333333333334,0.05555555555555555,36,13,21,2,grain,1110
control,knn,36,senior dog food grain free,0.3888888888888889,0.6111111111111112,0.0,36,14,22,0,grain,1394
control,knn,36,senior grain free dog food,0.4722222222222222,0.5277777777777778,0.0,36,17,19,0,grain,4724
control,knn,36,sheba grain free,0.0,0.9722222222222222,0.027777777777777776,36,0,35,1,grain,1917
control,knn,36,shell free bird seed,0.08333333333333333,0.5,0.4166666666666667,36,3,18,15,shell,1278
control,knn,36,small black stroller no zip,0.08333333333333333,0.4722222222222222,0.4444444444444444,36,3,17,16,zip,1046
control,knn,36,small breed grain free,0.1111111111111111,0.8888888888888888,0.0,36,4,32,0,grain,1509
control,knn,36,small breed grain free dog food,0.08333333333333333,0.9166666666666666,0.0,36,3,33,0,grain,2340
control,knn,36,small breed grain free dry dog food,0.05555555555555555,0.9444444444444444,0.0,36,2,34,0,grain,2354
control,knn,36,small dog no pull harness,0.08333333333333333,0.9166666666666666,0.0,36,3,33,0,pull,1740
control,knn,36,small no pull harness,0.6388888888888888,0.3611111111111111,0.0,36,23,13,0,pull,1148
control,knn,36,soft grain free dog treats,0.19444444444444445,0.6666666666666666,0.1388888888888889,36,7,24,5,grain,2135
control,knn,36,soy and corn free chicken feed,0.3055555555555556,0.5,0.19444444444444445,36,11,18,7,soy and corn,1287
control,knn,36,soy free chicken feed,0.08333333333333333,0.5833333333333334,0.3333333333333333,36,3,21,12,soy,11839
control,knn,36,soy free horse feed,0.027777777777777776,0.3888888888888889,0.5833333333333334,36,1,14,21,soy,5431
control,knn,36,soy free layer feed,0.19444444444444445,0.4722222222222222,0.3333333333333333,36,7,17,12,soy,1175
control,knn,36,sporn mesh no pull dog harness,0.7777777777777778,0.2222222222222222,0.0,36,28,8,0,pull,7687
control,knn,36,stella and chewy grain free,0.0,1.0,0.0,36,0,36,0,grain,1117
control,knn,36,stink free,0.1111111111111111,0.8888888888888888,0.0,36,4,32,0,stink,3161
control,knn,36,stuffing free,0.0,0.9722222222222222,0.027777777777777776,36,0,35,1,stuffing,6904
control,knn,36,stuffing free dog toy,0.0,0.9722222222222222,0.027777777777777776,36,0,35,1,stuffing,4687
control,knn,36,stuffing free dog toys,0.0,0.9722222222222222,0.027777777777777776,36,0,35,1,stuffing,142348
control,knn,36,stuffing free dog toys large,0.027777777777777776,0.8333333333333334,0.1388888888888889,36,1,30,5,stuffing,21225
control,knn,36,stuffing free dog toys small,0.1111111111111111,0.75,0.1388888888888889,36,4,27,5,stuffing,6376
control,knn,36,stuffing free toy,0.0,1.0,0.0,36,0,36,0,stuffing,2294
control,knn,36,stuffing free toys,0.0,0.9722222222222222,0.027777777777777776,36,0,35,1,stuffing,1123
control,knn,36,stuffing-free,0.0,0.9444444444444444,0.05555555555555555,36,0,34,2,stuffing,1079
control,knn,36,suet cakes for wild birds no melt,0.0,0.3611111111111111,0.6388888888888888,36,0,13,23,melt,7772
control,knn,36,sugar free,0.5,0.1111111111111111,0.3888888888888889,36,18,4,14,sugar,1515
control,knn,36,sugar free dog treats,0.1111111111111111,0.16666666666666666,0.7222222222222222,36,4,6,26,sugar,9955
control,knn,36,sugar free horse treats,0.3055555555555556,0.1388888888888889,0.5555555555555556,36,11,5,20,sugar,8411
control,knn,36,taste of the wild dog food grain free,0.1388888888888889,0.8611111111111112,0.0,36,5,31,0,grain,1243
control,knn,36,taste of the wild grain free,0.1388888888888889,0.8611111111111112,0.0,36,5,31,0,grain,2805
control,knn,36,taste of the wild grain free dog food,0.3055555555555556,0.6944444444444444,0.0,36,11,25,0,grain,8357
control,knn,36,taste of the wild high prairie grain-free dry dog food,0.5277777777777778,0.4722222222222222,0.0,36,19,17,0,grain,1435
control,knn,36,tear free dog shampoo,0.25,0.7222222222222222,0.027777777777777776,36,9,26,1,tear,7647
control,knn,36,the honest kitchen for dogs grain free,0.19444444444444445,0.75,0.05555555555555555,36,7,27,2,grain,1325
control,knn,36,the honest kitchen grain free,0.3333333333333333,0.6388888888888888,0.027777777777777776,36,12,23,1,grain,2403
control,knn,36,tidy cats free,0.3235294117647059,0.6764705882352942,0.0,34,11,23,0,free,1197
control,knn,36,tidy cats free & clean unscented,0.5277777777777778,0.4722222222222222,0.0,36,19,17,0,unscented,999
control,knn,36,tidy cats free and clean unscented,0.5277777777777778,0.4722222222222222,0.0,36,19,17,0,unscented,7587
control,knn,36,tidy cats non clumping litter for cats,0.4166666666666667,0.5833333333333334,0.0,36,15,21,0,non clumping,2835
control,knn,36,tiny tiger grain free,0.16666666666666666,0.8333333333333334,0.0,36,6,30,0,grain,1318
control,knn,36,toy no stuffing,0.05555555555555555,0.8611111111111112,0.08333333333333333,36,2,31,3,stuffing,1060
control,knn,36,toys no stuffing,0.05555555555555555,0.8055555555555556,0.1388888888888889,36,2,29,5,stuffing,1635
control,knn,36,toys with no stuffing,0.05555555555555555,0.8611111111111112,0.08333333333333333,36,2,31,3,stuffing,4057
control,knn,36,treats for dogs with no teeth,0.75,0.25,0.0,36,27,9,0,teeth,1406
control,knn,36,tuffy no stuff,0.75,0.2222222222222222,0.027777777777777776,36,27,8,1,stuff,1489
control,knn,36,turkey grain free,0.2222222222222222,0.7777777777777778,0.0,36,8,28,0,grain,1309
control,knn,36,ultra grain free,0.5,0.5,0.0,36,18,18,0,grain,978
control,knn,36,unscented dust free cat litter,0.2777777777777778,0.2222222222222222,0.5,36,10,8,18,"dust, scent",1132
control,knn,36,unscented dust free clumping cat litter,0.9444444444444444,0.05555555555555555,0.0,36,34,2,0,unscented,972
control,knn,36,unscented dust free litter,0.2777777777777778,0.5555555555555556,0.16666666666666666,36,10,20,6,"unscented
dust",1250
control,knn,36,unscented non clumping cat litter,0.5277777777777778,0.4722222222222222,0.0,36,19,17,0,non clumping,7305
control,knn,36,vetivex veterinary dehp free lactated ringers electrolyte injection solution 1000-ml,0.05555555555555555,0.2222222222222222,0.7222222222222222,36,2,8,26,dehp,5570
control,knn,36,victor grain free,0.5833333333333334,0.4166666666666667,0.0,36,21,15,0,grain,2601
control,knn,36,victor grain free dog food,0.5,0.5,0.0,36,18,18,0,grain,5635
control,knn,36,victor hi-pro plus 30/20 active sporting high protein gluten-free dry dog food,0.1388888888888889,0.6388888888888888,0.2222222222222222,36,5,23,8,gluten,1151
control,knn,36,wag grain free dog food,0.3888888888888889,0.6111111111111112,0.0,36,14,22,0,grain,3193
control,knn,36,waste free bird seed,0.1111111111111111,0.7777777777777778,0.1111111111111111,36,4,28,4,waste,4797
control,knn,36,waste free wild bird seed,0.25,0.6666666666666666,0.08333333333333333,36,9,24,3,waste,12115
control,knn,36,water bowl no spill,0.5277777777777778,0.3333333333333333,0.1388888888888889,36,19,12,5,spill,2058
control,knn,36,weight management dog food no chicken,0.9444444444444444,0.0,0.05555555555555555,36,34,0,2,chicken,1021
control,knn,36,wellness core grain free,0.027777777777777776,0.9722222222222222,0.0,36,1,35,0,grain,1527
control,knn,36,wellness core grain free cat food,0.027777777777777776,0.9722222222222222,0.0,36,1,35,0,grain,2510
control,knn,36,wellness core grain free dog food,0.2222222222222222,0.7777777777777778,0.0,36,8,28,0,grain,8637
control,knn,36,wellness dry dog food grain free,0.3333333333333333,0.6666666666666666,0.0,36,12,24,0,grain,2057
control,knn,36,wellness grain free,0.027777777777777776,0.9722222222222222,0.0,36,1,35,0,grain,1617
control,knn,36,wellness grain free cat food,0.08333333333333333,0.9166666666666666,0.0,36,3,33,0,grain,2248
control,knn,36,wellness grain free dog food,0.027777777777777776,0.9722222222222222,0.0,36,1,35,0,grain,4682
control,knn,36,wet cat food grain free,0.027777777777777776,0.8888888888888888,0.08333333333333333,36,1,32,3,grain,16508
control,knn,36,wet dog food grain free,0.027777777777777776,0.9722222222222222,0.0,36,1,35,0,grain,6455
control,knn,36,wet dog food no chicken,0.8888888888888888,0.1111111111111111,0.0,36,32,4,0,chicken,1981
control,knn,36,wet dog food without chicken,0.6944444444444444,0.3055555555555556,0.0,36,25,11,0,chicken,1194
control,knn,36,wet grain free cat food,0.1111111111111111,0.75,0.1388888888888889,36,4,27,5,grain,4900
control,knn,36,wet grain free dog food,0.1388888888888889,0.8333333333333334,0.027777777777777776,36,5,30,1,grain,4103
control,knn,36,wet kitten food grain free,0.25,0.7222222222222222,0.027777777777777776,36,9,26,1,grain,2250
control,knn,36,wheat free cat food,0.027777777777777776,0.75,0.2222222222222222,36,1,27,8,wheat,5111
control,knn,36,wheat free dog food,0.0,0.8055555555555556,0.19444444444444445,36,0,29,7,wheat,6961
control,knn,36,wheat free dog treats,0.027777777777777776,0.75,0.2222222222222222,36,1,27,8,wheat,9289
control,knn,36,wheat free puppy food,0.3055555555555556,0.6111111111111112,0.08333333333333333,36,11,22,3,wheat,4122
control,knn,36,whole earth farms grain-free,0.3333333333333333,0.6666666666666666,0.0,36,12,24,0,grain,5914
control,knn,36,whole hearted grain free,0.6666666666666666,0.25,0.08333333333333333,36,24,9,3,grain,1214
control,knn,36,wholesome grain free,0.5833333333333334,0.3055555555555556,0.1111111111111111,36,21,11,4,grain,2131
control,knn,36,wholesomes grain free dog food,0.4444444444444444,0.4166666666666667,0.1388888888888889,36,16,15,5,grain,2158
control,knn,36,wild bird seed no waste,0.0,0.8611111111111112,0.1388888888888889,36,0,31,5,waste,14889
control,knn,36,yeast free dog food,0.2222222222222222,0.0,0.7777777777777778,36,8,0,28,yeast,6961
control,lexical,4,2 hounds design freedom no pull dog harness,0.0,1.0,0.0,1,0,1,0,pull,13268
control,lexical,4,acana grain free,0.0,1.0,0.0,4,0,4,0,grain,1372
control,lexical,4,acana grain free cat,0.0,1.0,0.0,4,0,4,0,grain,1699
control,lexical,4,acana grain-free food for dogs,0.25,0.75,0.0,4,1,3,0,grain,3087
control,lexical,4,adjustable no pull harness,1.0,0.0,0.0,4,4,0,0,pull,974
control,lexical,4,aller free,1.0,0.0,0.0,3,3,0,0,aller,974
control,lexical,4,allergy free cat food,0.0,0.75,0.25,4,0,3,1,allergy,1923
control,lexical,4,allergy free dog food,0.5,0.5,0.0,4,2,2,0,allergy,2462
control,lexical,4,allergy free dog treats,0.5,0.5,0.0,4,2,2,0,allergy,4371
control,lexical,4,american journey grain free,0.0,1.0,0.0,4,0,4,0,grain,1049
control,lexical,4,american journey grain free dog food,0.0,1.0,0.0,4,0,4,0,grain,3336
control,lexical,4,audubon park waste free,1.0,0.0,0.0,2,2,0,0,waste free,2251
control,lexical,4,bark collar no shock,0.5,0.5,0.0,4,2,2,0,shock,3859
control,lexical,4,barkworthies odor free bully sticks,0.0,1.0,0.0,4,0,4,0,odor,3939
control,lexical,4,beef dog food grain free,0.0,1.0,0.0,4,0,4,0,grain,1044
control,lexical,4,beef grain free dog food,0.0,1.0,0.0,4,0,4,0,grain,2045
control,lexical,4,beneful grain free,0.0,1.0,0.0,4,0,4,0,grain,1604
control,lexical,4,best bully sticks odor free,0.0,1.0,0.0,4,0,4,0,odor,2943
control,lexical,4,best no pull harness,0.75,0.25,0.0,4,3,1,0,pull,1798
control,lexical,4,beyond dry cat food grain free,0.0,1.0,0.0,4,0,4,0,grain,5250
control,lexical,4,beyond grain free,0.0,1.0,0.0,4,0,4,0,grain,2372
control,lexical,4,beyond grain free cat food dry,0.0,1.0,0.0,4,0,4,0,grain,3779
control,lexical,4,beyond grain free dry cat food,0.0,1.0,0.0,4,0,4,0,grain,2175
control,lexical,4,beyond grain free wet cat food,0.0,1.0,0.0,2,0,2,0,grain,1433
control,lexical,4,beyond simply grain free cat food,0.0,1.0,0.0,2,0,2,0,grain,3366
control,lexical,4,bird food wild no mess,0.0,1.0,0.0,4,0,4,0,mess,1138
control,lexical,4,bird seed no mess,0.0,1.0,0.0,4,0,4,0,mess,1067
control,lexical,4,bird seed no waste,0.0,0.75,0.25,4,0,3,1,waste,3357
control,lexical,4,bird seed wild no mess,0.0,0.75,0.25,4,0,3,1,mess,3963
control,lexical,4,bird seed wild no waste,0.0,0.75,0.25,4,0,3,1,waste,16977
control,lexical,4,bird suet cakes no melt,0.75,0.25,0.0,4,3,1,0,melt,3661
control,lexical,4,blue buffalo chicken free,0.5,0.5,0.0,4,2,2,0,chicken,3208
control,lexical,4,blue buffalo dog food grain free,0.0,1.0,0.0,4,0,4,0,grain,5564
control,lexical,4,blue buffalo freedom grain free,0.0,1.0,0.0,4,0,4,0,grain,2312
control,lexical,4,blue buffalo grain free,0.0,1.0,0.0,4,0,4,0,grain,6671
control,lexical,4,blue buffalo grain free cat food,0.0,1.0,0.0,4,0,4,0,grain,9576
control,lexical,4,blue buffalo grain free dog food,0.0,1.0,0.0,4,0,4,0,grain,18964
control,lexical,4,blue buffalo grain free dry cat food,0.0,1.0,0.0,4,0,4,0,grain,1161
control,lexical,4,blue buffalo grain free dry dog food,0.0,1.0,0.0,4,0,4,0,grain,1574
control,lexical,4,blue buffalo grain free wet cat food,0.0,1.0,0.0,4,0,4,0,grain,1737
control,lexical,4,blue buffalo grain free wet dog food,0.0,1.0,0.0,4,0,4,0,grain,1694
control,lexical,4,blue buffalo no chicken,0.75,0.25,0.0,4,3,1,0,chicken,1087
control,lexical,4,blue buffalo wet dog food grain free,0.0,1.0,0.0,4,0,4,0,grain,989
control,lexical,4,blue freedom grain free,0.0,1.0,0.0,4,0,4,0,grain,2100
control,lexical,4,blue grain free,0.0,1.0,0.0,4,0,4,0,grain,1423
control,lexical,4,bones & chews all natural grain-free jerky,0.0,0.75,0.25,4,0,3,1,grain,4977
control,lexical,4,bpa free litter box,0.0,0.0,1.0,4,0,0,4,bpa,1302
control,lexical,4,bully stick odor free,0.0,1.0,0.0,4,0,4,0,odor,2368
control,lexical,4,bully sticks for dogs odor free,0.0,1.0,0.0,4,0,4,0,odor,4428
control,lexical,4,bully sticks odor free,0.0,1.0,0.0,4,0,4,0,odor,4104
control,lexical,4,calcium without d3,0.0,1.0,0.0,4,0,4,0,d3,1856
control,lexical,4,canidae grain free,0.0,1.0,0.0,4,0,4,0,grain,4014
control,lexical,4,canidae grain free dog food,0.0,1.0,0.0,4,0,4,0,grain,2888
control,lexical,4,canine naturals hide free,0.5,0.5,0.0,4,2,2,0,hide,7376
control,lexical,4,canned cat food grain free,0.0,1.0,0.0,4,0,4,0,grain,3121
control,lexical,4,canned dog food grain free,0.0,1.0,0.0,4,0,4,0,grain,5595
control,lexical,4,canned grain free dog food,0.0,1.0,0.0,4,0,4,0,grain,2676
control,lexical,4,cat collar no bell,1.0,0.0,0.0,4,4,0,0,bell,3873
control,lexical,4,cat dewormer no prescription,1.0,0.0,0.0,4,4,0,0,prescription,23133
control,lexical,4,cat dry food grain free,0.25,0.75,0.0,4,1,3,0,grain,4630
control,lexical,4,cat food dry grain free,0.0,1.0,0.0,4,0,4,0,grain,3203
control,lexical,4,cat food grain free,0.0,1.0,0.0,4,0,4,0,grain,19117
control,lexical,4,cat food no chicken,1.0,0.0,0.0,4,4,0,0,chicken,2783
control,lexical,4,cat food organic grain free,0.0,0.25,0.75,4,0,1,3,grain,4534
control,lexical,4,cat food pate grain free,0.0,1.0,0.0,4,0,4,0,grain,2011
control,lexical,4,cat food wet grain free,0.0,1.0,0.0,4,0,4,0,grain,8309
control,lexical,4,cat food with no additives,0.0,0.0,1.0,4,0,0,4,additives,1600
control,lexical,4,cat grain free pate,0.0,1.0,0.0,4,0,4,0,grain,1150
control,lexical,4,cat kibble grain free,0.0,1.0,0.0,4,0,4,0,grain,2832
control,lexical,4,cat litter dust free,0.0,0.75,0.25,4,0,3,1,dust,10997
control,lexical,4,cat litter fragrance free,0.25,0.5,0.25,4,1,2,1,fragrance,1351
control,lexical,4,cat litter no dust,0.25,0.75,0.0,4,1,3,0,dust,8050
control,lexical,4,cat litter no scent,1.0,0.0,0.0,4,4,0,0,scent,2160
control,lexical,4,cat litter no tracking,0.75,0.25,0.0,4,3,1,0,tracking,3408
control,lexical,4,cat no pee,1.0,0.0,0.0,4,4,0,0,pee,1037
control,lexical,4,cat no scratch,1.0,0.0,0.0,4,4,0,0,scratch,1427
control,lexical,4,cat toys no catnip,1.0,0.0,0.0,4,4,0,0,catnip,1519
control,lexical,4,cat treats grain free,0.0,1.0,0.0,4,0,4,0,grain,9966
control,lexical,4,cat treats no chicken,1.0,0.0,0.0,4,4,0,0,chicken,1187
control,lexical,4,cat tree no carpet,1.0,0.0,0.0,4,4,0,0,carpet,1496
control,lexical,4,cat wet food grain free,0.0,1.0,0.0,4,0,4,0,grain,9500
control,lexical,4,charlee bear grain free crunch,0.0,1.0,0.0,4,0,4,0,grain,4712
control,lexical,4,chew bones rawhide free,0.5,0.5,0.0,4,2,2,0,rawhide,1195
control,lexical,4,chew no poo,1.0,0.0,0.0,4,4,0,0,poo,2280
control,lexical,4,chew no poop,1.0,0.0,0.0,4,4,0,0,poop,2803
control,lexical,4,chews no rawhide,0.0,1.0,0.0,4,0,4,0,rawhide,8496
control,lexical,4,chick starter feed non medicated,0.25,0.75,0.0,4,1,3,0,medicated,5619
control,lexical,4,chicken and grain free dog food,0.25,0.75,0.0,4,1,3,0,grain,1266
control,lexical,4,chicken feed non gmo,1.0,0.0,0.0,4,4,0,0,non gmo,2267
control,lexical,4,chicken feed soy free,0.0,1.0,0.0,4,0,4,0,soy,1293
control,lexical,4,chicken free,0.5,0.5,0.0,4,2,2,0,chicken,4487
control,lexical,4,chicken free canned dog food,1.0,0.0,0.0,4,4,0,0,chicken,1444
control,lexical,4,chicken free cat food,1.0,0.0,0.0,4,4,0,0,chicken,14097
control,lexical,4,chicken free cat treats,1.0,0.0,0.0,4,4,0,0,chicken,6356
control,lexical,4,chicken free dog bones,0.75,0.25,0.0,4,3,1,0,chicken,968
control,lexical,4,chicken free dog chews,1.0,0.0,0.0,4,4,0,0,chicken,978
control,lexical,4,chicken free dog food,0.75,0.25,0.0,4,3,1,0,chicken,38479
control,lexical,4,chicken free dog treat,1.0,0.0,0.0,4,4,0,0,chicken,1429
control,lexical,4,chicken free dog treats,1.0,0.0,0.0,4,4,0,0,chicken,68590
control,lexical,4,chicken free dry cat food,1.0,0.0,0.0,4,4,0,0,chicken,3842
control,lexical,4,chicken free dry dog food,0.5,0.5,0.0,4,2,2,0,chicken,124263
control,lexical,4,chicken free dry dog food for sensitive skin,0.75,0.25,0.0,4,3,1,0,chicken,1228
control,lexical,4,chicken free dry puppy food,1.0,0.0,0.0,4,4,0,0,chicken,1272
control,lexical,4,chicken free large breed puppy food,1.0,0.0,0.0,4,4,0,0,chicken,979
control,lexical,4,chicken free pill pockets,1.0,0.0,0.0,4,4,0,0,chicken,3116
control,lexical,4,chicken free puppy food,1.0,0.0,0.0,4,4,0,0,chicken,5340
control,lexical,4,chicken free treat,1.0,0.0,0.0,4,4,0,0,chicken,1329
control,lexical,4,chicken free treats,1.0,0.0,0.0,4,4,0,0,chicken,3686
control,lexical,4,chicken free weight control,1.0,0.0,0.0,4,4,0,0,chicken,1015
control,lexical,4,chicken free wet cat food,1.0,0.0,0.0,4,4,0,0,chicken,3583
control,lexical,4,chicken free wet dog food,1.0,0.0,0.0,4,4,0,0,chicken,19833
control,lexical,4,chicken-free cat food,0.25,0.5,0.25,4,1,2,1,chicken,6561
control,lexical,4,chicken-free dog food,0.0,1.0,0.0,4,0,4,0,chicken,3218
control,lexical,4,chicken-free dry dog food,0.0,1.0,0.0,4,0,4,0,chicken,5068
control,lexical,4,chicken-free wet dog food,0.5,0.25,0.25,4,2,1,1,chicken,3656
control,lexical,4,choke free harness,0.0,1.0,0.0,4,0,4,0,choke,1536
control,lexical,4,churu grain free,0.0,1.0,0.0,4,0,4,0,grain,1142
control,lexical,4,clumping cat litter dust free,0.25,0.25,0.5,4,1,1,2,dust,7057
control,lexical,4,cockatiel food no sunflower seeds,0.5,0.25,0.25,4,2,1,1,sunflower seeds,3792
control,lexical,4,corn and soy free chicken feed,0.0,1.0,0.0,4,0,4,0,corn and soy,2593
control,lexical,4,corn free chicken feed,0.25,0.75,0.0,4,1,3,0,corn,6014
control,lexical,4,corn free chicken scratch,0.75,0.25,0.0,4,3,1,0,corn,2220
control,lexical,4,corn free dog food,0.25,0.5,0.25,4,1,2,1,corn,6183
control,lexical,4,corn free dry cat food,0.0,1.0,0.0,4,0,4,0,corn,1013
control,lexical,4,cough free horse,0.5,0.5,0.0,4,2,2,0,free,6820
control,lexical,4,country kitchen rawhide free twists,0.0,1.0,0.0,4,0,4,0,rawhide,1202
control,lexical,4,crunchy grain free dog treats,0.0,1.0,0.0,4,0,4,0,grain,1432
control,lexical,4,delectables non seafood,0.0,1.0,0.0,4,0,4,0,seafood,1668
control,lexical,4,diamond grain free,0.5,0.5,0.0,4,2,2,0,grain,2150
control,lexical,4,diamond grain free dog food,0.25,0.75,0.0,4,1,3,0,grain,9975
control,lexical,4,diamond natural grain free,1.0,0.0,0.0,4,4,0,0,grain,2679
control,lexical,4,diamond naturals grain free,0.25,0.75,0.0,4,1,3,0,grain,4384
control,lexical,4,diamond naturals grain free dog food,0.25,0.75,0.0,4,1,3,0,grain,4547
control,lexical,4,dog bone rawhide free,0.0,1.0,0.0,4,0,4,0,rawhide,1437
control,lexical,4,dog bones no rawhide,0.0,1.0,0.0,4,0,4,0,rawhide,8198
control,lexical,4,dog bones rawhide free,0.0,1.0,0.0,4,0,4,0,rawhide,22731
control,lexical,4,dog chews rawhide free,0.0,1.0,0.0,4,0,4,0,rawhide,80267
control,lexical,4,dog dry food grain free,0.0,1.0,0.0,4,0,4,0,grain,2653
control,lexical,4,dog food chicken free,0.75,0.25,0.0,4,3,1,0,chicken,4370
control,lexical,4,dog food dry grain free,0.0,1.0,0.0,4,0,4,0,grain,3977
control,lexical,4,dog food grain free,0.0,1.0,0.0,4,0,4,0,grain,27813
control,lexical,4,dog food grain free large breed,0.0,1.0,0.0,4,0,4,0,grain,5771
control,lexical,4,dog food grain free non-gmo,0.0,1.0,0.0,4,0,4,0,grain,988
control,lexical,4,dog food no chicken,1.0,0.0,0.0,4,4,0,0,chicken,12053
control,lexical,4,dog food no corn,0.0,1.0,0.0,4,0,4,0,corn,1250
control,lexical,4,dog food no grain,0.25,0.75,0.0,4,1,3,0,grain,2517
control,lexical,4,dog food poultry free,1.0,0.0,0.0,4,4,0,0,poultry,1332
control,lexical,4,dog food with no chicken,1.0,0.0,0.0,4,4,0,0,chicken,9753
control,lexical,4,dog food without chicken,0.0,1.0,0.0,4,0,4,0,chicken,11590
control,lexical,4,dog harness large no pull,0.5,0.5,0.0,4,2,2,0,pull,5076
control,lexical,4,dog harness medium no pull,1.0,0.0,0.0,4,4,0,0,pull,3091
control,lexical,4,dog harness no escape,1.0,0.0,0.0,4,4,0,0,escape,1062
control,lexical,4,dog harness no pull,0.0,1.0,0.0,4,0,4,0,pull,76414
control,lexical,4,dog no pull harness,0.0,1.0,0.0,4,0,4,0,pull,9874
control,lexical,4,dog non rawhide chews,0.0,1.0,0.0,4,0,4,0,rawhide,1730
control,lexical,4,dog rawhide free bones,0.0,1.0,0.0,4,0,4,0,rawhide,1370
control,lexical,4,dog rawhide free treats,0.0,0.75,0.25,4,0,3,1,rawhide,2749
control,lexical,4,dog stroller no zip,0.0,1.0,0.0,4,0,4,0,zip,1065
control,lexical,4,dog toy no squeak,1.0,0.0,0.0,4,4,0,0,squeak,1212
control,lexical,4,dog toy no squeaker,1.0,0.0,0.0,4,4,0,0,squeaker,1524
control,lexical,4,dog toy no stuffing,0.0,1.0,0.0,4,0,4,0,stuffing,10254
control,lexical,4,dog toy stuffing free,0.0,1.0,0.0,4,0,4,0,stuffing,1322
control,lexical,4,dog toys for large dogs no stuffing,0.0,1.0,0.0,4,0,4,0,stuffing,7409
control,lexical,4,dog toys no squeak,1.0,0.0,0.0,4,4,0,0,squeak,1702
control,lexical,4,dog toys no stuffing,0.0,1.0,0.0,4,0,4,0,stuffing,28211
control,lexical,4,dog toys small dogs stuffing free,0.0,1.0,0.0,4,0,4,0,stuffing,1156
control,lexical,4,dog toys stuffing free,0.0,1.0,0.0,4,0,4,0,stuffing,2442
control,lexical,4,dog toys with no stuffing,0.0,1.0,0.0,4,0,4,0,stuffing,7273
control,lexical,4,dog treats chicken free,1.0,0.0,0.0,4,4,0,0,chicken,1452
control,lexical,4,dog treats for dogs with no teeth,1.0,0.0,0.0,4,4,0,0,teeth,3257
control,lexical,4,dog treats for large dogs grain free,0.0,1.0,0.0,4,0,4,0,grain,1206
control,lexical,4,dog treats grain free,0.0,1.0,0.0,4,0,4,0,grain,13152
control,lexical,4,dog treats no chicken,1.0,0.0,0.0,4,4,0,0,chicken,4753
control,lexical,4,dog treats no rawhide,0.5,0.5,0.0,4,2,2,0,rawhide,2246
control,lexical,4,dog treats rawhide free,0.0,1.0,0.0,4,0,4,0,rawhide,3261
control,lexical,4,dog treats with no chicken,1.0,0.0,0.0,4,4,0,0,chicken,1095
control,lexical,4,dog treats without chicken,0.0,1.0,0.0,4,0,4,0,chicken,4721
control,lexical,4,dog water bowl no spill,0.0,1.0,0.0,4,0,4,0,spill,23089
control,lexical,4,dog wet food grain free,0.0,1.0,0.0,4,0,4,0,grain,1300
control,lexical,4,dry cat food grain free,0.0,1.0,0.0,4,0,4,0,grain,10528
control,lexical,4,dry cat food no chicken,1.0,0.0,0.0,4,4,0,0,chicken,999
control,lexical,4,dry cat food no grain,0.0,1.0,0.0,4,0,4,0,grain,974
control,lexical,4,dry dog food chicken free,0.5,0.5,0.0,4,2,2,0,chicken,1536
control,lexical,4,dry dog food grain free,0.0,1.0,0.0,4,0,4,0,grain,7777
control,lexical,4,dry dog food no chicken,1.0,0.0,0.0,4,4,0,0,chicken,2481
control,lexical,4,dry dog food without chicken,0.0,1.0,0.0,4,0,4,0,chicken,1892
control,lexical,4,dry grain free cat food,0.0,1.0,0.0,4,0,4,0,grain,5998
control,lexical,4,dry grain free dog food,0.0,1.0,0.0,4,0,4,0,grain,4159
control,lexical,4,dust free cat litter,0.25,0.5,0.25,4,1,2,1,dust,68627
control,lexical,4,dust free clumping cat litter,0.0,0.25,0.75,4,0,1,3,dust,33448
control,lexical,4,dust free clumping litter,0.5,0.5,0.0,4,2,2,0,dust,1145
control,lexical,4,dust free litter,0.25,0.75,0.0,4,1,3,0,dust,8568
control,lexical,4,dust free unscented clumping cat litter,0.0,0.25,0.75,4,0,1,3,dust,6504
control,lexical,4,earth animal no hide,0.0,1.0,0.0,4,0,4,0,hide,7495
control,lexical,4,earth animal no hide chews,0.0,1.0,0.0,4,0,4,0,hide,2188
control,lexical,4,earth animal no hide chews large,0.0,1.0,0.0,4,0,4,0,hide,972
control,lexical,4,earth animal no hide medium,0.0,1.0,0.0,4,0,4,0,hide,1153
control,lexical,4,earth animal no hide rolls,0.0,1.0,0.0,4,0,4,0,hide,1258
control,lexical,4,easy walk no pull harness,0.0,1.0,0.0,4,0,4,0,pull,4342
control,lexical,4,fancy feast grain free,0.0,1.0,0.0,4,0,4,0,grain,2313
control,lexical,4,fancy feast grain free pate,0.0,1.0,0.0,4,0,4,0,grain,1036
control,lexical,4,fancy feast grain free wet cat food,0.0,1.0,0.0,4,0,4,0,grain,12994
control,lexical,4,farmina grain free,0.0,1.0,0.0,4,0,4,0,grain,2750
control,lexical,4,farmina grain free dog food,0.0,1.0,0.0,4,0,4,0,grain,3081
control,lexical,4,fat free dog treats,0.25,0.0,0.75,4,1,0,3,fat,7786
control,lexical,4,fish free cat food,1.0,0.0,0.0,4,4,0,0,fish,1456
control,lexical,4,fly mask without ears,0.5,0.5,0.0,4,2,2,0,ears,3567
control,lexical,4,food grain free,0.0,1.0,0.0,4,0,4,0,grain,4785
control,lexical,4,fragrance free cat litter,0.25,0.5,0.25,4,1,2,1,fragrance,8207
control,lexical,4,fragrance free dog shampoo,0.0,1.0,0.0,4,0,4,0,fragrance,3644
control,lexical,4,freedom grain free cat food,0.0,1.0,0.0,4,0,4,0,grain,2773
control,lexical,4,freedom grain free dog food,0.0,1.0,0.0,4,0,4,0,grain,8393
control,lexical,4,freedom no pull harness,1.0,0.0,0.0,4,4,0,0,pull,17745
control,lexical,4,fresh pet grain free,0.0,1.0,0.0,4,0,4,0,grain,3969
control,lexical,4,fresh pet grain free dog food,0.5,0.5,0.0,4,2,2,0,grain,1711
control,lexical,4,fresh step cat litter non clumping,1.0,0.0,0.0,4,4,0,0,non clumping,7310
control,lexical,4,fresh step dust free,0.25,0.25,0.5,4,1,1,2,dust,1279
control,lexical,4,fresh step non clumping cat litter,1.0,0.0,0.0,4,4,0,0,non clumping,30486
control,lexical,4,frisco no pull harness,0.0,1.0,0.0,4,0,4,0,pull,1291
control,lexical,4,frisco padded no pull dog harness,0.6666666666666666,0.3333333333333333,0.0,3,2,1,0,pull,1101
control,lexical,4,frisco stuffing free,0.0,1.0,0.0,4,0,4,0,stuffing,2257
control,lexical,4,fromm grain free,0.25,0.75,0.0,4,1,3,0,grain,1032
control,lexical,4,front clip no pull harness,0.5,0.5,0.0,4,2,2,0,pull,1120
control,lexical,4,gain free dog food,1.0,0.0,0.0,1,1,0,0,gain,977
control,lexical,4,gluten free,0.75,0.25,0.0,4,3,1,0,gluten,2039
control,lexical,4,gluten free cat food,0.0,1.0,0.0,4,0,4,0,gluten,8910
control,lexical,4,gluten free cat treats,0.0,1.0,0.0,4,0,4,0,gluten,1113
control,lexical,4,gluten free dog food,0.75,0.25,0.0,4,3,1,0,gluten,32569
control,lexical,4,gluten free dog treats,0.0,1.0,0.0,4,0,4,0,gluten,14910
control,lexical,4,gluten free dry dog food,0.75,0.25,0.0,4,3,1,0,gluten,1196
control,lexical,4,gluten free puppy food,0.0,1.0,0.0,4,0,4,0,gluten,1459
control,lexical,4,gluten free wet cat food,0.0,1.0,0.0,4,0,4,0,gluten,1955
control,lexical,4,gluten free wet dog food,0.0,1.0,0.0,4,0,4,0,gluten,1696
control,lexical,4,gmo free dog food,0.0,1.0,0.0,4,0,4,0,gmo,7978
control,lexical,4,good lovin no rawhide,0.25,0.0,0.75,4,1,0,3,rawhide,1165
control,lexical,4,grain and chicken free dog food,0.75,0.25,0.0,4,3,1,0,"grain, chicken",1316
control,lexical,4,grain free,0.0,1.0,0.0,4,0,4,0,grain,27310
control,lexical,4,grain free adult dog food,0.0,1.0,0.0,4,0,4,0,grain,6444
control,lexical,4,grain free air dried dog food,0.0,1.0,0.0,4,0,4,0,grain,1151
control,lexical,4,grain free beef dog food,0.0,1.0,0.0,4,0,4,0,grain,3945
control,lexical,4,grain free beef dry dog food,0.0,1.0,0.0,4,0,4,0,grain,1022
control,lexical,4,grain free biscuits,0.0,1.0,0.0,4,0,4,0,grain,1010
control,lexical,4,grain free blue buffalo dog food,0.0,1.0,0.0,4,0,4,0,grain,1932
control,lexical,4,grain free canned cat food,0.0,1.0,0.0,4,0,4,0,grain,11102
control,lexical,4,grain free canned dog food,0.0,1.0,0.0,4,0,4,0,grain,12390
control,lexical,4,grain free cat,0.0,1.0,0.0,4,0,4,0,grain,6488
control,lexical,4,grain free cat dry food,0.0,1.0,0.0,4,0,4,0,grain,2783
control,lexical,4,grain free cat food,0.0,1.0,0.0,4,0,4,0,grain,76423
control,lexical,4,grain free cat food dry,0.0,1.0,0.0,4,0,4,0,grain,14537
control,lexical,4,grain free cat food wet,0.0,1.0,0.0,4,0,4,0,grain,11361
control,lexical,4,grain free cat pate,0.0,1.0,0.0,4,0,4,0,grain,1210
control,lexical,4,grain free cat treat,0.0,1.0,0.0,4,0,4,0,grain,6878
control,lexical,4,grain free cat treats,0.0,1.0,0.0,4,0,4,0,grain,40628
control,lexical,4,grain free cat wet food,0.0,1.0,0.0,4,0,4,0,grain,5735
control,lexical,4,grain free chicken cat food,0.0,1.0,0.0,4,0,4,0,grain,1128
control,lexical,4,grain free chicken dog food,0.0,1.0,0.0,4,0,4,0,grain,1250
control,lexical,4,grain free chicken dog treats,0.0,1.0,0.0,4,0,4,0,grain,1542
control,lexical,4,grain free chicken free dog food,0.5,0.5,0.0,4,2,2,0,"grain, chicken",8785
control,lexical,4,grain free chicken free dog treats,1.0,0.0,0.0,4,4,0,0,"grain, chicken",4078
control,lexical,4,grain free chicken pate cat food,0.0,1.0,0.0,4,0,4,0,grain,1418
control,lexical,4,grain free dental chews,0.0,1.0,0.0,4,0,4,0,grain,5153
control,lexical,4,grain free diet dog food,0.0,1.0,0.0,4,0,4,0,grain,4566
control,lexical,4,grain free dog,0.0,1.0,0.0,4,0,4,0,grain,7358
control,lexical,4,grain free dog biscuits,0.0,1.0,0.0,4,0,4,0,grain,7074
control,lexical,4,grain free dog bones,0.0,1.0,0.0,4,0,4,0,grain,2681
control,lexical,4,grain free dog chews,0.0,1.0,0.0,4,0,4,0,grain,1598
control,lexical,4,grain free dog food,0.0,1.0,0.0,4,0,4,0,grain,611730
control,lexical,4,grain free dog food 40 lb bag,0.0,1.0,0.0,4,0,4,0,grain,4206
control,lexical,4,grain free dog food 40lbs,0.25,0.75,0.0,4,1,3,0,grain,5458
control,lexical,4,grain free dog food dry,0.0,1.0,0.0,4,0,4,0,grain,3723
control,lexical,4,grain free dog food large breed,0.0,1.0,0.0,4,0,4,0,grain,18579
control,lexical,4,grain free dog food salmon,0.0,1.0,0.0,4,0,4,0,grain,1725
control,lexical,4,grain free dog food small breed,0.0,1.0,0.0,4,0,4,0,grain,16175
control,lexical,4,grain free dog food wet,0.0,1.0,0.0,4,0,4,0,grain,7838
control,lexical,4,grain free dog kibble,0.0,1.0,0.0,4,0,4,0,grain,1556
control,lexical,4,grain free dog training treats,0.0,1.0,0.0,4,0,4,0,grain,2820
control,lexical,4,grain free dog treat,0.0,1.0,0.0,4,0,4,0,grain,10410
control,lexical,4,grain free dog treats,0.0,1.0,0.0,4,0,4,0,grain,138329
control,lexical,4,grain free dog treats for large dogs,0.0,1.0,0.0,4,0,4,0,grain,997
control,lexical,4,grain free dog treats for medium dogs,0.0,1.0,0.0,4,0,4,0,grain,5358
control,lexical,4,grain free dog treats small breed,0.0,1.0,0.0,4,0,4,0,grain,4076
control,lexical,4,grain free dog wet food,0.0,1.0,0.0,4,0,4,0,grain,1019
control,lexical,4,grain free dogfood no probiotic,1.0,0.0,0.0,4,4,0,0,probiotic,982
control,lexical,4,grain free dry,0.0,1.0,0.0,4,0,4,0,grain,4891
control,lexical,4,grain free dry adult dog food,0.0,1.0,0.0,4,0,4,0,grain,1350
control,lexical,4,grain free dry cat food,0.0,1.0,0.0,4,0,4,0,grain,197068
control,lexical,4,grain free dry dog food,0.0,1.0,0.0,4,0,4,0,grain,56421
control,lexical,4,grain free dry kitten food,0.0,1.0,0.0,4,0,4,0,grain,6226
control,lexical,4,grain free duck dog food,0.0,1.0,0.0,4,0,4,0,grain,1431
control,lexical,4,grain free fancy feast,0.0,1.0,0.0,4,0,4,0,grain,1914
control,lexical,4,grain free fish dog food,0.0,1.0,0.0,4,0,4,0,grain,2293
control,lexical,4,grain free food,0.0,1.0,0.0,4,0,4,0,grain,1420
control,lexical,4,grain free freeze dried dog food,0.0,1.0,0.0,4,0,4,0,grain,1795
control,lexical,4,grain free fresh dog food,0.25,0.75,0.0,4,1,3,0,grain,1289
control,lexical,4,grain free fruit dog treats,0.0,1.0,0.0,4,0,4,0,grain,1411
control,lexical,4,grain free greenies,0.0,1.0,0.0,4,0,4,0,grain,2564
control,lexical,4,grain free high protein cat food,0.5,0.5,0.0,4,2,2,0,grain,2937
control,lexical,4,grain free high protein dog food,0.25,0.75,0.0,4,1,3,0,grain,1843
control,lexical,4,grain free high protein dry cat food,0.0,1.0,0.0,4,0,4,0,grain,1029
control,lexical,4,grain free honest kitchen,0.5,0.5,0.0,4,2,2,0,grain,1122
control,lexical,4,grain free jerky,0.0,1.0,0.0,4,0,4,0,grain,1571
control,lexical,4,grain free kibble,0.0,1.0,0.0,4,0,4,0,grain,1409
control,lexical,4,grain free kitten dry food,0.0,1.0,0.0,4,0,4,0,grain,5861
control,lexical,4,grain free kitten food,0.0,1.0,0.0,4,0,4,0,grain,16286
control,lexical,4,grain free kitten wet food,0.0,1.0,0.0,4,0,4,0,grain,4500
control,lexical,4,grain free lamb dog food,0.0,1.0,0.0,4,0,4,0,grain,3771
control,lexical,4,grain free large breed dog food,0.0,1.0,0.0,4,0,4,0,grain,2530
control,lexical,4,grain free limited ingredient cat food,0.0,1.0,0.0,4,0,4,0,grain,1729
control,lexical,4,grain free limited ingredient dog food,0.0,1.0,0.0,4,0,4,0,grain,3438
control,lexical,4,grain free low fat dog food,0.75,0.0,0.25,4,3,0,1,grain,2100
control,lexical,4,grain free organic dog food,0.0,1.0,0.0,4,0,4,0,grain,1002
control,lexical,4,grain free pate,0.0,1.0,0.0,4,0,4,0,grain,1578
control,lexical,4,grain free pate cat food,0.0,1.0,0.0,4,0,4,0,grain,8858
control,lexical,4,grain free peanut butter dog treats,0.0,1.0,0.0,4,0,4,0,grain,1000
control,lexical,4,grain free puppy,0.0,1.0,0.0,4,0,4,0,grain,1472
control,lexical,4,grain free puppy food,0.0,1.0,0.0,4,0,4,0,grain,34872
control,lexical,4,grain free puppy treats,0.0,1.0,0.0,4,0,4,0,grain,1999
control,lexical,4,grain free purina dog food,0.0,1.0,0.0,4,0,4,0,grain,1470
control,lexical,4,grain free purina pro plan,0.0,1.0,0.0,4,0,4,0,grain,1558
control,lexical,4,grain free rabbit cat food,0.0,1.0,0.0,4,0,4,0,grain,1266
control,lexical,4,grain free rabbit food,0.0,1.0,0.0,4,0,4,0,grain,1121
control,lexical,4,grain free salmon,0.0,1.0,0.0,4,0,4,0,grain,1422
control,lexical,4,grain free salmon cat food,0.0,1.0,0.0,4,0,4,0,grain,1083
control,lexical,4,grain free salmon dog food,0.0,1.0,0.0,4,0,4,0,grain,15202
control,lexical,4,grain free salmon dry dog food,0.0,1.0,0.0,4,0,4,0,grain,2485
control,lexical,4,grain free senior cat food,0.0,1.0,0.0,4,0,4,0,grain,2261
control,lexical,4,grain free senior dog food,0.0,1.0,0.0,4,0,4,0,grain,10021
control,lexical,4,grain free sensitive stomach cat food,0.0,1.0,0.0,4,0,4,0,grain,1967
control,lexical,4,grain free sensitive stomach dog food,0.0,1.0,0.0,4,0,4,0,grain,1344
control,lexical,4,grain free small breed,0.0,1.0,0.0,4,0,4,0,grain,1062
control,lexical,4,grain free small breed dry dog food,0.0,1.0,0.0,4,0,4,0,grain,7815
control,lexical,4,grain free small dog food,0.0,1.0,0.0,4,0,4,0,grain,1123
control,lexical,4,grain free soft dog food,0.5,0.5,0.0,4,2,2,0,grain,1084
control,lexical,4,grain free soft dog treats,0.25,0.75,0.0,4,1,3,0,grain,2972
control,lexical,4,grain free training treats,0.0,1.0,0.0,4,0,4,0,grain,997
control,lexical,4,grain free training treats for dogs,0.0,1.0,0.0,4,0,4,0,grain,2451
control,lexical,4,grain free treats,0.0,1.0,0.0,4,0,4,0,grain,9238
control,lexical,4,grain free treats for dogs,0.0,1.0,0.0,4,0,4,0,grain,12609
control,lexical,4,grain free weight control dog food,0.0,1.0,0.0,4,0,4,0,grain,970
control,lexical,4,grain free weight management dog food,0.25,0.75,0.0,4,1,3,0,grain,1758
control,lexical,4,grain free wet,0.0,1.0,0.0,4,0,4,0,grain,4438
control,lexical,4,grain free wet cat food,0.0,1.0,0.0,4,0,4,0,grain,162972
control,lexical,4,grain free wet cat food gravy,0.0,1.0,0.0,4,0,4,0,grain,2407
control,lexical,4,grain free wet cat food in gravy,0.0,1.0,0.0,4,0,4,0,grain,1303
control,lexical,4,grain free wet cat food pate,0.0,1.0,0.0,4,0,4,0,grain,5664
control,lexical,4,grain free wet dog food,0.0,1.0,0.0,4,0,4,0,grain,60526
control,lexical,4,grain free wet food,0.0,1.0,0.0,4,0,4,0,grain,2504
control,lexical,4,grain free wet food cat,0.0,1.0,0.0,4,0,4,0,grain,1388
control,lexical,4,grain free wet kitten food,0.0,1.0,0.0,4,0,4,0,grain,3865
control,lexical,4,grain-free cat food,0.0,1.0,0.0,4,0,4,0,grain,11965
control,lexical,4,grain-free cat food 5.5 oz,0.0,1.0,0.0,4,0,4,0,grain,1346
control,lexical,4,grain-free cat treats,0.0,1.0,0.0,4,0,4,0,grain,4411
control,lexical,4,grain-free dog food,0.0,1.0,0.0,4,0,4,0,grain,6389
control,lexical,4,grain-free dry cat food,0.0,1.0,0.0,4,0,4,0,grain,2485
control,lexical,4,grain-free dry dog food,0.0,1.0,0.0,4,0,4,0,grain,3951
control,lexical,4,grain-free kitten food,0.25,0.75,0.0,4,1,3,0,grain,1368
control,lexical,4,grain-free puppy food,0.0,1.0,0.0,4,0,4,0,grain,3839
control,lexical,4,grainfree,0.0,1.0,0.0,4,0,4,0,grain,1016
control,lexical,4,grainfree dog food,0.0,1.0,0.0,4,0,4,0,grain,8254
control,lexical,4,grainfree dry,0.0,1.0,0.0,4,0,4,0,grain,4253
control,lexical,4,grainfree dry cat food,0.0,1.0,0.0,4,0,4,0,grain,2854
control,lexical,4,grainfree wet dog food,0.0,1.0,0.0,4,0,4,0,grain,1120
control,lexical,4,greenies grain free,0.0,1.0,0.0,4,0,4,0,grain,2143
control,lexical,4,greenies grain free dental treats for dogs,1.0,0.0,0.0,1,1,0,0,grain,3043
control,lexical,4,halti no pull harness,0.5,0.5,0.0,4,2,2,0,pull,16145
control,lexical,4,halti nylon padded no pull dog headcollar,1.0,0.0,0.0,2,2,0,0,pull,3333
control,lexical,4,harness for large dog no pull,0.5,0.5,0.0,4,2,2,0,pull,21244
control,lexical,4,harness for medium dog no pull,0.5,0.5,0.0,4,2,2,0,pull,3986
control,lexical,4,harness for small dog no pull,0.25,0.75,0.0,4,1,3,0,pull,4085
control,lexical,4,harness no pull,0.5,0.5,0.0,4,2,2,0,pull,8042
control,lexical,4,hide free,1.0,0.0,0.0,4,4,0,0,hide,3326
control,lexical,4,hide free chews,0.75,0.25,0.0,4,3,1,0,hide,2987
control,lexical,4,hide free chicken recipe sticks,1.0,0.0,0.0,4,4,0,0,hide,4091
control,lexical,4,hide free dog chews,1.0,0.0,0.0,4,4,0,0,hide,7175
control,lexical,4,high protein grain free cat food,0.0,1.0,0.0,4,0,4,0,grain,2873
control,lexical,4,high protein grain free dog food,0.0,1.0,0.0,4,0,4,0,grain,2240
control,lexical,4,hills grain free,1.0,0.0,0.0,4,4,0,0,grain,1934
control,lexical,4,hills grain free dog food,0.0,1.0,0.0,4,0,4,0,grain,1614
control,lexical,4,hills grain free dog treats,1.0,0.0,0.0,4,4,0,0,grain,1039
control,lexical,4,hills grain free soft baked naturals,0.75,0.25,0.0,4,3,1,0,grain,2698
control,lexical,4,hills science diet grain free,0.0,1.0,0.0,4,0,4,0,grain,2229
control,lexical,4,hills science diet no corn,0.0,1.0,0.0,4,0,4,0,corn,1007
control,lexical,4,hills science grain free,0.0,1.0,0.0,4,0,4,0,grain,1458
control,lexical,4,honest kitchen beef grain free,0.25,0.75,0.0,4,1,3,0,grain,1152
control,lexical,4,honest kitchen dehydrated dog food grain free,0.0,1.0,0.0,4,0,4,0,grain,1269
control,lexical,4,honest kitchen grain free,0.75,0.25,0.0,4,3,1,0,grain,3478
control,lexical,4,honest kitchen grain free beef,0.25,0.75,0.0,4,1,3,0,grain,6296
control,lexical,4,honest kitchen grain free dehydrated dog food,0.0,1.0,0.0,4,0,4,0,grain,1714
control,lexical,4,honest kitchen grain free dog food,0.25,0.75,0.0,4,1,3,0,grain,4178
control,lexical,4,horse fly mask without ears,0.5,0.5,0.0,4,2,2,0,ears,5781
control,lexical,4,iams grain free cat food,0.0,1.0,0.0,4,0,4,0,grain,2047
control,lexical,4,instinct grain free,0.0,1.0,0.0,4,0,4,0,grain,1055
control,lexical,4,instinct raw meals real beef recipe grain-free adult freeze-dried dog food 25-oz bag,0.0,1.0,0.0,1,0,1,0,grain,1048
control,lexical,4,iodine free cat food,0.0,0.0,1.0,4,0,0,4,iodine,3331
control,lexical,4,jinx grain free,0.0,1.0,0.0,4,0,4,0,grain,1000
control,lexical,4,jinx grain free dog food,0.0,1.0,0.0,4,0,4,0,grain,2938
control,lexical,4,kaytee no mess,0.0,1.0,0.0,4,0,4,0,mess,992
control,lexical,4,kaytee no mess blend wild bird food,0.25,0.75,0.0,4,1,3,0,mess,2512
control,lexical,4,kaytee wild bird food no mess,0.0,1.0,0.0,4,0,4,0,mess,998
control,lexical,4,kitten dry food grain free,0.0,1.0,0.0,4,0,4,0,grain,10184
control,lexical,4,kitten food grain free,0.25,0.75,0.0,4,1,3,0,grain,6119
control,lexical,4,kitten grain free,0.0,1.0,0.0,4,0,4,0,grain,2322
control,lexical,4,kitten grain free wet food,0.25,0.75,0.0,4,1,3,0,grain,1749
control,lexical,4,kitten wet food grain free,0.25,0.75,0.0,4,1,3,0,grain,7774
control,lexical,4,kitten wet grain free food,0.25,0.75,0.0,4,1,3,0,grain,993
control,lexical,4,kitty litter non clumping,0.5,0.5,0.0,4,2,2,0,clumping,6396
control,lexical,4,lamb grain free dog food,0.0,1.0,0.0,4,0,4,0,grain,2809
control,lexical,4,large breed grain free dog food,0.0,1.0,0.0,4,0,4,0,grain,1263
control,lexical,4,large breed puppy food grain free,0.0,1.0,0.0,4,0,4,0,grain,1963
control,lexical,4,large breed puppy food no chicken,1.0,0.0,0.0,4,4,0,0,chicken,1134
control,lexical,4,large dog bones rawhide free,0.0,0.75,0.25,4,0,3,1,rawhide,6861
control,lexical,4,large dog harness no pull,0.75,0.25,0.0,4,3,1,0,pull,8655
control,lexical,4,legume free dog food,0.75,0.25,0.0,4,3,1,0,legume,7084
control,lexical,4,lickable cat treats grain free,0.0,1.0,0.0,4,0,4,0,grain,1128
control,lexical,4,licks pill free,1.0,0.0,0.0,4,4,0,0,pill,2506
control,lexical,4,limited ingredient grain free dog food,0.0,1.0,0.0,4,0,4,0,grain,2088
control,lexical,4,litter dust free,0.25,0.75,0.0,4,1,3,0,dust,3928
control,lexical,4,litter no dust,0.25,0.75,0.0,4,1,3,0,dust,2280
control,lexical,4,litter non clumping,1.0,0.0,0.0,4,4,0,0,non clumping,4359
control,lexical,4,low fat grain free dog food,1.0,0.0,0.0,4,4,0,0,"grain, fat",1870
control,lexical,4,merrick grain free,0.0,1.0,0.0,4,0,4,0,grain,4055
control,lexical,4,merrick grain free dry dog food,0.0,1.0,0.0,4,0,4,0,grain,6428
control,lexical,4,merrick lil plates grain free dog food,0.0,1.0,0.0,4,0,4,0,grain,3343
control,lexical,4,mess free bird seed,0.0,0.5,0.5,4,0,2,2,mess,1049
control,lexical,4,mess free water bowl,0.0,1.0,0.0,4,0,4,0,mess,4645
control,lexical,4,natural farm odor-free bully sticks,0.0,1.0,0.0,4,0,4,0,odor,4570
control,lexical,4,nature's recipe grain free,0.0,1.0,0.0,4,0,4,0,grain,2587
control,lexical,4,natures logic grain free,0.0,1.0,0.0,4,0,4,0,grain,972
control,lexical,4,natures recipe grain free,0.25,0.75,0.0,4,1,3,0,grain,6270
control,lexical,4,natures recipe grain free dog food,0.25,0.75,0.0,4,1,3,0,grain,5311
control,lexical,4,natures recipe grain free dry dog food,0.25,0.75,0.0,4,1,3,0,grain,12075
control,lexical,4,natures recipe grain free wet dog food,0.0,1.0,0.0,4,0,4,0,grain,1012
control,lexical,4,no bark,0.75,0.25,0.0,4,3,1,0,bark,10077
control,lexical,4,no bark collar,0.0,1.0,0.0,4,0,4,0,pull,20454
control,lexical,4,no bark collars,1.0,0.0,0.0,4,4,0,0,no bark,7969
control,lexical,4,no cat pee,0.5,0.5,0.0,4,2,2,0,cat pee,1215
control,lexical,4,no chew,1.0,0.0,0.0,4,4,0,0,chew,7596
control,lexical,4,no chew dog bed,1.0,0.0,0.0,4,4,0,0,chew,3301
control,lexical,4,no chew spray for cats,0.0,1.0,0.0,4,0,4,0,chew,4073
control,lexical,4,no chew spray for dogs,0.0,1.0,0.0,4,0,4,0,chew,35353
control,lexical,4,no chicken,1.0,0.0,0.0,4,4,0,0,chicken,2318
control,lexical,4,no chicken cat food,1.0,0.0,0.0,4,4,0,0,chicken,4707
control,lexical,4,no chicken dog food,1.0,0.0,0.0,4,4,0,0,chicken,32850
control,lexical,4,no chicken dog treats,1.0,0.0,0.0,4,4,0,0,chicken,4769
control,lexical,4,no chicken dry dog food,1.0,0.0,0.0,4,4,0,0,chicken,1204
control,lexical,4,no chicken puppy food,1.0,0.0,0.0,4,4,0,0,chicken,2040
control,lexical,4,no chicken treats,1.0,0.0,0.0,4,4,0,0,chicken,2185
control,lexical,4,no chicken wet dog food,1.0,0.0,0.0,4,4,0,0,chicken,5034
control,lexical,4,no clump litter,1.0,0.0,0.0,4,4,0,0,clump,3211
control,lexical,4,no corn dog food,0.0,1.0,0.0,4,0,4,0,corn,2939
control,lexical,4,no dust cat litter,0.25,0.75,0.0,4,1,3,0,dust,9502
control,lexical,4,no dust clumping cat litter,0.25,0.75,0.0,4,1,3,0,dust,6710
control,lexical,4,no dust litter,0.25,0.75,0.0,4,1,3,0,dust,2340
control,lexical,4,no eat poop,0.0,1.0,0.0,4,0,4,0,poop,2705
control,lexical,4,no escape dog harness,0.0,1.0,0.0,4,0,4,0,pull,11770
control,lexical,4,no escape harness,0.0,1.0,0.0,4,0,4,0,pull,3530
control,lexical,4,no fat dog treats,0.0,1.0,0.0,4,0,4,0,fat,2796
control,lexical,4,no flap ear wrap,0.0,0.75,0.25,4,0,3,1,pull,18080
control,lexical,4,no grain cat food,0.0,1.0,0.0,4,0,4,0,grain,5782
control,lexical,4,no grain dog food,0.25,0.75,0.0,4,1,3,0,grain,15780
control,lexical,4,no grain dog treats,0.0,1.0,0.0,4,0,4,0,grain,1637
control,lexical,4,no grain dry cat food,0.0,1.0,0.0,4,0,4,0,grain,3032
control,lexical,4,no grain wet cat food,0.0,1.0,0.0,4,0,4,0,grain,4489
control,lexical,4,no grow bird seed,0.0,1.0,0.0,4,0,4,0,grow,2780
control,lexical,4,no hide,0.25,0.75,0.0,4,1,3,0,hide,67837
control,lexical,4,no hide bone,0.5,0.25,0.25,4,2,1,1,hide,1796
control,lexical,4,no hide bones,0.75,0.25,0.0,4,3,1,0,hide,13773
control,lexical,4,no hide chew,0.0,1.0,0.0,4,0,4,0,hide,1036
control,lexical,4,no hide chews,0.0,1.0,0.0,4,0,4,0,hide,147107
control,lexical,4,no hide chews earth animal,0.0,1.0,0.0,4,0,4,0,hide,70100
control,lexical,4,no hide chews large,0.5,0.5,0.0,4,2,2,0,hide,3727
control,lexical,4,no hide chews medium,0.0,1.0,0.0,4,0,4,0,hide,1253
control,lexical,4,no hide chews small,0.0,1.0,0.0,4,0,4,0,hide,1325
control,lexical,4,no hide dog chews,0.0,1.0,0.0,4,0,4,0,hide,4859
control,lexical,4,no hide dog chews 4 inch,0.75,0.25,0.0,4,3,1,0,hide,1845
control,lexical,4,no hide dog chews medium,0.0,1.0,0.0,4,0,4,0,hide,2123
control,lexical,4,no hide dog chews small,0.0,1.0,0.0,4,0,4,0,hide,2663
control,lexical,4,no hide large,1.0,0.0,0.0,4,4,0,0,hide,3009
control,lexical,4,no hide large rolls,0.0,1.0,0.0,4,0,4,0,hide,1346
control,lexical,4,no hide medium,0.75,0.25,0.0,4,3,1,0,hide,1886
control,lexical,4,no hide medium rolls,0.0,1.0,0.0,4,0,4,0,hide,2357
control,lexical,4,no hide peanut butter,0.0,1.0,0.0,4,0,4,0,hide,1187
control,lexical,4,no hide pumpkin,0.75,0.25,0.0,4,3,1,0,hide,1310
control,lexical,4,no hide raw hide,0.5,0.5,0.0,4,2,2,0,rawhide,2210
control,lexical,4,no hide rawhide,0.5,0.5,0.0,4,2,2,0,rawhide,2269
control,lexical,4,no hide rolls,0.0,1.0,0.0,4,0,4,0,hide,1612
control,lexical,4,no hide salmon,0.0,1.0,0.0,4,0,4,0,hide,2174
control,lexical,4,no hide small rolls,0.0,1.0,0.0,4,0,4,0,hide,1257
control,lexical,4,no hide sticks,0.0,1.0,0.0,4,0,4,0,hide,2520
control,lexical,4,no hide stix,0.0,1.0,0.0,4,0,4,0,hide,7433
control,lexical,4,no hide strips,0.0,1.0,0.0,4,0,4,0,hide,3815
control,lexical,4,no hide venison,0.0,1.0,0.0,4,0,4,0,hide,1136
control,lexical,4,no hides,0.25,0.75,0.0,4,1,3,0,hides,2331
control,lexical,4,no holes,1.0,0.0,0.0,3,3,0,0,holes,2104
control,lexical,4,no lick,1.0,0.0,0.0,4,4,0,0,lick,1801
control,lexical,4,no melt suet,1.0,0.0,0.0,4,4,0,0,no melt,2781
control,lexical,4,no melt suet cakes for birds,0.0,1.0,0.0,4,0,4,0,melt,3006
control,lexical,4,no melt suet cakes for wild birds,0.0,0.75,0.25,4,0,3,1,melt,1040
control,lexical,4,no mess bird feeder,0.25,0.75,0.0,4,1,3,0,mess,2078
control,lexical,4,no mess bird food,0.0,1.0,0.0,4,0,4,0,mess,1778
control,lexical,4,no mess bird seed,0.0,1.0,0.0,4,0,4,0,mess,10066
control,lexical,4,no mess water bowl,0.25,0.5,0.25,4,1,2,1,mess,4197
control,lexical,4,no mess wild bird food,0.0,1.0,0.0,4,0,4,0,mess,2594
control,lexical,4,no mess wild bird seed,0.0,0.75,0.25,4,0,3,1,mess,22655
control,lexical,4,no millet bird seed,1.0,0.0,0.0,4,4,0,0,millet,1078
control,lexical,4,no odor bully sticks,0.25,0.75,0.0,4,1,3,0,odor,4474
control,lexical,4,no pee,1.0,0.0,0.0,4,4,0,0,pee,2549
control,lexical,4,no poo,1.0,0.0,0.0,4,4,0,0,poo,5242
control,lexical,4,no poo chews,0.75,0.25,0.0,4,3,1,0,poo,3342
control,lexical,4,no poo chews for dogs,0.5,0.5,0.0,4,2,2,0,poo,4691
control,lexical,4,no poop,1.0,0.0,0.0,4,4,0,0,poop,3632
control,lexical,4,no poop chews,0.75,0.25,0.0,4,3,1,0,poop,31892
control,lexical,4,no poop eating,0.25,0.75,0.0,4,1,3,0,poop eating,16984
control,lexical,4,no poultry dog food,0.75,0.25,0.0,4,3,1,0,poultry,1345
control,lexical,4,no pull,0.25,0.75,0.0,4,1,3,0,pull,9044
control,lexical,4,no pull collar,0.75,0.25,0.0,4,3,1,0,pull,20932
control,lexical,4,no pull collar for dogs,0.5,0.5,0.0,4,2,2,0,pull,3540
control,lexical,4,no pull collars,0.5,0.5,0.0,4,2,2,0,pull,1721
control,lexical,4,no pull dog collar,0.5,0.5,0.0,4,2,2,0,pull,5502
control,lexical,4,no pull dog harness,0.25,0.75,0.0,4,1,3,0,pull,32134
control,lexical,4,no pull dog harnesses,0.25,0.75,0.0,4,1,3,0,pull,211607
control,lexical,4,no pull dog leash,0.25,0.75,0.0,4,1,3,0,pull,4200
control,lexical,4,no pull harness,0.25,0.75,0.0,4,1,3,0,pull,54525
control,lexical,4,no pull harness for dogs,0.0,1.0,0.0,4,0,4,0,pull,114468
control,lexical,4,no pull harness for large dog,0.0,1.0,0.0,4,0,4,0,pull,1918
control,lexical,4,no pull harness for large dogs,0.0,1.0,0.0,4,0,4,0,pull,24205
control,lexical,4,no pull harness for medium dog,0.0,1.0,0.0,4,0,4,0,pull,8720
control,lexical,4,no pull harness for small dog,0.0,1.0,0.0,4,0,4,0,pull,13902
control,lexical,4,no pull harnesses,0.0,1.0,0.0,4,0,4,0,pull,1272
control,lexical,4,no pull head collar,0.25,0.75,0.0,4,1,3,0,pull,2574
control,lexical,4,no pull leash,0.5,0.5,0.0,4,2,2,0,pull,21703
control,lexical,4,no pull training collar,0.75,0.25,0.0,4,3,1,0,pull,1134
control,lexical,4,no rawhide,0.75,0.25,0.0,4,3,1,0,rawhide,2332
control,lexical,4,no rawhide bones,0.75,0.25,0.0,4,3,1,0,rawhide,12951
control,lexical,4,no rawhide chews,0.0,1.0,0.0,4,0,4,0,rawhide,2715
control,lexical,4,no rawhide dog chews,0.0,1.0,0.0,4,0,4,0,rawhide,35562
control,lexical,4,no rawhide treats,0.25,0.75,0.0,4,1,3,0,rawhide,4068
control,lexical,4,no scoot for dogs,1.0,0.0,0.0,4,4,0,0,scoot,25922
control,lexical,4,no scratch,1.0,0.0,0.0,4,4,0,0,scratch,3930
control,lexical,4,no scratch spray,1.0,0.0,0.0,4,4,0,0,scratch,7315
control,lexical,4,no scratch spray for cats,0.75,0.25,0.0,4,3,1,0,scratch,1019
control,lexical,4,no shock bark collar,0.5,0.5,0.0,4,2,2,0,shock,12886
control,lexical,4,no shock collar,1.0,0.0,0.0,4,4,0,0,shock,1007
control,lexical,4,no shock dog collar,1.0,0.0,0.0,4,4,0,0,shock,1356
control,lexical,4,no shock training collar,1.0,0.0,0.0,4,4,0,0,shock,7048
control,lexical,4,no slip collar,0.0,1.0,0.0,4,0,4,0,pull,1199
control,lexical,4,no slip dog collar,0.5,0.5,0.0,4,2,2,0,pull,2153
control,lexical,4,no slip dog socks,0.0,1.0,0.0,4,0,4,0,pull,3399
control,lexical,4,no slip harness,0.25,0.75,0.0,4,1,3,0,pull,2053
control,lexical,4,no spill dog bowl,1.0,0.0,0.0,4,4,0,0,spill,4573
control,lexical,4,no spill dog water bowl,0.0,0.75,0.25,4,0,3,1,spill,28061
control,lexical,4,no spill water bowl,0.5,0.25,0.25,4,2,1,1,spill,30994
control,lexical,4,no splash water bowl,0.0,1.0,0.0,4,0,4,0,pull,3317
control,lexical,4,no spray cat,1.0,0.0,0.0,4,4,0,0,spray,2497
control,lexical,4,no squeak dog toy,1.0,0.0,0.0,4,4,0,0,squeak,990
control,lexical,4,no squeak dog toys,1.0,0.0,0.0,4,4,0,0,squeak,40129
control,lexical,4,no squirrel bird seed,0.75,0.25,0.0,4,3,1,0,squirrel,5398
control,lexical,4,no stuffing,0.0,1.0,0.0,4,0,4,0,stuffing,2020
control,lexical,4,no stuffing dog toy,0.0,1.0,0.0,4,0,4,0,stuffing,8094
control,lexical,4,no stuffing dog toys,0.0,1.0,0.0,4,0,4,0,stuffing,97772
control,lexical,4,no stuffing toy,0.0,1.0,0.0,4,0,4,0,stuffing,3277
control,lexical,4,no stuffing toys,0.0,1.0,0.0,4,0,4,0,stuffing,5673
control,lexical,4,no sugar dog treats,0.5,0.0,0.5,4,2,0,2,sugar,1361
control,lexical,4,no sugar horse treats,0.75,0.25,0.0,4,3,1,0,sugar,1315
control,lexical,4,no tangle leash,0.0,1.0,0.0,4,0,4,0,pull,1186
control,lexical,4,no tip dog bowl,0.0,1.0,0.0,4,0,4,0,pull,1033
control,lexical,4,no tip water bowl,0.25,0.5,0.25,4,1,2,1,tip,6005
control,lexical,4,no toot,1.0,0.0,0.0,4,4,0,0,toot,1991
control,lexical,4,no track cat litter,1.0,0.0,0.0,4,4,0,0,track,1419
control,lexical,4,no tracking cat litter,1.0,0.0,0.0,4,4,0,0,tracking,13088
control,lexical,4,no tracking litter,1.0,0.0,0.0,4,4,0,0,tracking,1397
control,lexical,4,no waste bird food,0.25,0.75,0.0,4,1,3,0,waste,2152
control,lexical,4,no waste bird seed,0.0,0.75,0.25,4,0,3,1,waste,9270
control,lexical,4,no waste wild bird food,0.25,0.75,0.0,4,1,3,0,waste,2693
control,lexical,4,no waste wild bird seed,0.0,0.5,0.5,4,0,2,2,waste,24563
control,lexical,4,no zip stroller,0.0,1.0,0.0,4,0,4,0,zip,1518
control,lexical,4,non absorbent cat litter,0.5,0.0,0.5,4,2,0,2,non absorbent,1507
control,lexical,4,non chew dog bed,0.0,1.0,0.0,4,0,4,0,chew,995
control,lexical,4,non chicken dog food,1.0,0.0,0.0,4,4,0,0,chicken,3858
control,lexical,4,non chicken dog treats,0.5,0.0,0.5,4,2,0,2,chicken,1718
control,lexical,4,non clay cat litter,0.5,0.25,0.25,4,2,1,1,clay,5979
control,lexical,4,non clay litter,1.0,0.0,0.0,4,4,0,0,clay,2271
control,lexical,4,non clumping,0.25,0.75,0.0,4,1,3,0,clumping,1334
control,lexical,4,non clumping cat litter,1.0,0.0,0.0,4,4,0,0,non clumping,121355
control,lexical,4,non clumping kitty litter,0.5,0.5,0.0,4,2,2,0,non clumping,1510
control,lexical,4,non clumping unscented cat litter,1.0,0.0,0.0,4,4,0,0,"non clumping unscented cat litter

the user is actually looking for cat litter",11479
control,lexical,4,non gmo,0.0,1.0,0.0,4,0,4,0,gmo,1156
control,lexical,4,non gmo cat food,0.0,1.0,0.0,4,0,4,0,gmo,2288
control,lexical,4,non gmo chicken feed,0.0,1.0,0.0,4,0,4,0,gmo,16510
control,lexical,4,non gmo dog food,0.0,1.0,0.0,4,0,4,0,gmo,11060
control,lexical,4,non gmo dog treats,1.0,0.0,0.0,4,4,0,0,non gmo,994
control,lexical,4,non gmo wet dog food,0.0,1.0,0.0,4,0,4,0,gmo,1029
control,lexical,4,non grain dog food,0.0,1.0,0.0,4,0,4,0,grain,1089
control,lexical,4,non kibble dog food,1.0,0.0,0.0,4,4,0,0,kibble,1761
control,lexical,4,non prescription flea medicine,0.0,0.5,0.5,4,0,2,2,non prescription,1077
control,lexical,4,non prescription flea meds,0.25,0.75,0.0,4,1,3,0,non prescription,1229
control,lexical,4,non prescription pain meds for dogs,0.0,1.0,0.0,4,0,4,0,prescription,3980
control,lexical,4,non pull harness,0.75,0.25,0.0,4,3,1,0,pull,5327
control,lexical,4,non raw hide,0.0,1.0,0.0,4,0,4,0,rawhide,1225
control,lexical,4,non rawhide,0.25,0.75,0.0,4,1,3,0,rawhide,1020
control,lexical,4,non rawhide bones,0.0,1.0,0.0,4,0,4,0,rawhide,18977
control,lexical,4,non rawhide chews,0.0,1.0,0.0,4,0,4,0,rawhide,10766
control,lexical,4,non rawhide dog chews,0.0,1.0,0.0,4,0,4,0,rawhide,70094
control,lexical,4,non rawhide dog treats,0.25,0.75,0.0,4,1,3,0,rawhide,2882
control,lexical,4,non scented litter,1.0,0.0,0.0,4,4,0,0,scented,1755
control,lexical,4,non squeaky dog toys,0.0,0.0,1.0,1,0,0,1,squeaky,17562
control,lexical,4,non stuffed dog toys,0.0,1.0,0.0,4,0,4,0,stuffed,6207
control,lexical,4,non tip water bowl,0.25,0.5,0.25,4,1,2,1,tip,6861
control,lexical,4,non toxic cat litter,0.0,1.0,0.0,3,0,3,0,toxic,1267
control,lexical,4,non tracking cat litter,0.25,0.5,0.25,4,1,2,1,tracking,18311
control,lexical,4,non tracking litter,0.5,0.5,0.0,4,2,2,0,tracking,3003
control,lexical,4,non-gmo dog food,0.0,1.0,0.0,4,0,4,0,gmo,3007
control,lexical,4,nulo grain free,0.0,1.0,0.0,4,0,4,0,grain,4152
control,lexical,4,nutrish dog food grain free,0.0,1.0,0.0,4,0,4,0,grain,1003
control,lexical,4,nutrish grain free dog food,0.25,0.75,0.0,4,1,3,0,grain,4382
control,lexical,4,nutro grain free,0.25,0.75,0.0,4,1,3,0,grain,2591
control,lexical,4,nutro grain free dog food,0.0,1.0,0.0,4,0,4,0,grain,4841
control,lexical,4,odor free bully stick,0.25,0.75,0.0,4,1,3,0,odor,1494
control,lexical,4,odor free bully sticks,0.25,0.5,0.25,4,1,2,1,odor,9025
control,lexical,4,odor free bully sticks for dogs,0.0,1.0,0.0,4,0,4,0,odor,27702
control,lexical,4,open farm grain free,0.0,1.0,0.0,4,0,4,0,grain,1704
control,lexical,4,open farm grain free dog food,0.25,0.75,0.0,4,1,3,0,grain,2175
control,lexical,4,organic chicken feed soy free,0.0,1.0,0.0,4,0,4,0,soy,1525
control,lexical,4,organic grain free cat treats,0.0,0.5,0.5,4,0,2,2,grain,2085
control,lexical,4,organic non gmo chicken feed,1.0,0.0,0.0,4,4,0,0,non gmo,1154
control,lexical,4,organic soy free chicken feed,0.0,1.0,0.0,4,0,4,0,soy,2338
control,lexical,4,origin grain free dog,0.75,0.25,0.0,4,3,1,0,grain,5901
control,lexical,4,origin grain free puppy,0.25,0.75,0.0,4,1,3,0,grain,3607
control,lexical,4,orijen grain free,0.25,0.75,0.0,4,1,3,0,grain,1665
control,lexical,4,orijen grain free cat,0.0,1.0,0.0,4,0,4,0,grain,1533
control,lexical,4,orijen grain free dog,0.0,1.0,0.0,4,0,4,0,grain,2373
control,lexical,4,orijen grain free dog food,0.0,1.0,0.0,4,0,4,0,grain,2503
control,lexical,4,orijen grain free puppy,0.25,0.75,0.0,4,1,3,0,grain,2493
control,lexical,4,orijen grain free treats,0.0,1.0,0.0,4,0,4,0,grain,1785
control,lexical,4,pate grain free cat food,0.0,1.0,0.0,4,0,4,0,grain,1105
control,lexical,4,pea free dog food,1.0,0.0,0.0,4,4,0,0,pea,5939
control,lexical,4,pet safe easy walk no pull harness,0.6666666666666666,0.3333333333333333,0.0,3,2,1,0,pull,1953
control,lexical,4,pigeon feed no corn,0.75,0.25,0.0,4,3,1,0,corn,3687
control,lexical,4,pigeon food no corn,0.75,0.25,0.0,4,3,1,0,corn,1756
control,lexical,4,pork chomps rawhide free,0.0,1.0,0.0,4,0,4,0,rawhide,129324
control,lexical,4,pork chomps rawhide free dog bones,0.0,1.0,0.0,4,0,4,0,rawhide,3737
control,lexical,4,poultry free,0.75,0.25,0.0,4,3,1,0,poultry,2348
control,lexical,4,poultry free cat food,1.0,0.0,0.0,4,4,0,0,poultry,1975
control,lexical,4,poultry free dog food,1.0,0.0,0.0,4,4,0,0,poultry,17789
control,lexical,4,poultry free dog treats,1.0,0.0,0.0,4,4,0,0,poultry,1753
control,lexical,4,poultry free wet dog food,1.0,0.0,0.0,4,4,0,0,poultry,1701
control,lexical,4,pro plan grain free,0.0,1.0,0.0,4,0,4,0,grain,1681
control,lexical,4,protein free dog treats,1.0,0.0,0.0,4,4,0,0,protein,5096
control,lexical,4,puppy food chicken free,1.0,0.0,0.0,4,4,0,0,chicken,1032
control,lexical,4,puppy food grain free,0.0,1.0,0.0,4,0,4,0,grain,7002
control,lexical,4,puppy food no chicken,1.0,0.0,0.0,4,4,0,0,chicken,2518
control,lexical,4,puppy food with no chicken,1.0,0.0,0.0,4,4,0,0,chicken,1040
control,lexical,4,puppy food without chicken,1.0,0.0,0.0,4,4,0,0,chicken,1606
control,lexical,4,puppy grain free,0.0,1.0,0.0,4,0,4,0,grain,1298
control,lexical,4,puppy grain free food,0.25,0.75,0.0,4,1,3,0,grain,1140
control,lexical,4,pure balance grain free,0.5,0.5,0.0,4,2,2,0,grain,11504
control,lexical,4,purina beneful grain free,0.25,0.75,0.0,4,1,3,0,grain,1945
control,lexical,4,purina beyond grain free cat food,0.0,1.0,0.0,4,0,4,0,grain,8992
control,lexical,4,purina beyond grain free dog food,0.0,1.0,0.0,4,0,4,0,grain,3884
control,lexical,4,purina beyond grain free dry cat food,0.0,1.0,0.0,4,0,4,0,grain,2080
control,lexical,4,purina cat food grain free,0.0,1.0,0.0,4,0,4,0,grain,5440
control,lexical,4,purina cat grain free,0.25,0.75,0.0,4,1,3,0,grain,1273
control,lexical,4,purina grain free,0.25,0.75,0.0,4,1,3,0,grain,8189
control,lexical,4,purina grain free cat food,0.0,1.0,0.0,4,0,4,0,grain,2326
control,lexical,4,purina grain free dog food,0.0,1.0,0.0,4,0,4,0,grain,3037
control,lexical,4,purina grain free dry cat food,0.0,0.0,1.0,4,0,0,4,grain,19168
control,lexical,4,purina grain free dry dog food,0.75,0.25,0.0,4,3,1,0,grain,8138
control,lexical,4,purina grain free wet cat food,0.0,1.0,0.0,4,0,4,0,grain,7458
control,lexical,4,purina grain free wet dog food,0.0,1.0,0.0,4,0,4,0,grain,2342
control,lexical,4,purina one grain free,0.0,1.0,0.0,4,0,4,0,grain,4066
control,lexical,4,purina one grain free cat food,0.0,1.0,0.0,4,0,4,0,grain,1649
control,lexical,4,purina one grain free dog food,0.25,0.75,0.0,4,1,3,0,grain,5270
control,lexical,4,purina one grain free dry cat food,0.0,0.75,0.25,4,0,3,1,grain,5886
control,lexical,4,purina one grain free wet cat food,0.0,1.0,0.0,4,0,4,0,grain,17042
control,lexical,4,purina one wet cat food grain free,0.0,1.0,0.0,4,0,4,0,grain,1114
control,lexical,4,purina pro plan for cats grain free,0.0,1.0,0.0,4,0,4,0,grain,1589
control,lexical,4,purina pro plan for dogs grain free,0.0,1.0,0.0,4,0,4,0,grain,975
control,lexical,4,purina pro plan grain free,0.0,1.0,0.0,4,0,4,0,grain,7034
control,lexical,4,python no spill,0.75,0.25,0.0,4,3,1,0,spill,5465
control,lexical,4,rachel ray grain free dog food,0.0,1.0,0.0,4,0,4,0,grain,4812
control,lexical,4,raw hide free,0.0,1.0,0.0,4,0,4,0,rawhide,2193
control,lexical,4,raw hide free bones,0.0,1.0,0.0,4,0,4,0,rawhide,3187
control,lexical,4,raw hide free dog bones,0.0,1.0,0.0,4,0,4,0,rawhide,1011
control,lexical,4,raw hide free dog chews,0.0,1.0,0.0,4,0,4,0,rawhide,25587
control,lexical,4,raw hide free large dog chews,0.0,0.75,0.25,4,0,3,1,rawhide,1264
control,lexical,4,rawhide free,0.0,1.0,0.0,4,0,4,0,rawhide,17055
control,lexical,4,rawhide free bones,0.25,0.75,0.0,4,1,3,0,rawhide,6443
control,lexical,4,rawhide free chew,0.25,0.75,0.0,4,1,3,0,rawhide,1282
control,lexical,4,rawhide free chews,0.0,1.0,0.0,4,0,4,0,rawhide,58043
control,lexical,4,rawhide free dog bones,0.0,1.0,0.0,4,0,4,0,rawhide,135517
control,lexical,4,rawhide free dog bones & chews,0.0,1.0,0.0,4,0,4,0,rawhide,1390
control,lexical,4,rawhide free dog bones & chews for large dogs,0.0,0.75,0.25,4,0,3,1,rawhide,4358
control,lexical,4,rawhide free dog bones long lasting,0.0,1.0,0.0,4,0,4,0,rawhide,14868
control,lexical,4,rawhide free dog chews,0.0,1.0,0.0,4,0,4,0,rawhide,6526
control,lexical,4,rawhide free dog chews long lasting,0.0,1.0,0.0,4,0,4,0,rawhide,4471
control,lexical,4,rawhide free dog treats,0.0,1.0,0.0,4,0,4,0,rawhide,29794
control,lexical,4,rawhide free sticks,0.25,0.75,0.0,4,1,3,0,rawhide,2264
control,lexical,4,rawhide free treats,0.0,1.0,0.0,4,0,4,0,rawhide,1840
control,lexical,4,rice free dog food,1.0,0.0,0.0,4,4,0,0,rice,1195
control,lexical,4,royal canin grain free,0.0,1.0,0.0,4,0,4,0,grain,2432
control,lexical,4,salmon dog food grain free,0.0,1.0,0.0,4,0,4,0,grain,975
control,lexical,4,salmon grain free dog food,0.0,1.0,0.0,4,0,4,0,grain,8103
control,lexical,4,salt free dog food,0.0,0.0,1.0,4,0,0,4,salt,1015
control,lexical,4,scent free cat litter,1.0,0.0,0.0,4,4,0,0,scent,2695
control,lexical,4,scent free litter,1.0,0.0,0.0,4,4,0,0,scent,3172
control,lexical,4,science diet grain free,0.0,1.0,0.0,4,0,4,0,grain,4491
control,lexical,4,senior cat food grain free,0.0,1.0,0.0,4,0,4,0,grain,1110
control,lexical,4,senior dog food grain free,0.0,1.0,0.0,4,0,4,0,grain,1394
control,lexical,4,senior grain free dog food,0.0,1.0,0.0,4,0,4,0,grain,4724
control,lexical,4,sheba grain free,0.0,1.0,0.0,4,0,4,0,grain,1917
control,lexical,4,shell free bird seed,0.5,0.0,0.5,4,2,0,2,shell,1278
control,lexical,4,small black stroller no zip,0.75,0.25,0.0,4,3,1,0,zip,1046
control,lexical,4,small breed grain free,0.0,1.0,0.0,4,0,4,0,grain,1509
control,lexical,4,small breed grain free dog food,0.0,1.0,0.0,4,0,4,0,grain,2340
control,lexical,4,small breed grain free dry dog food,0.0,1.0,0.0,4,0,4,0,grain,2354
control,lexical,4,small dog no pull harness,0.0,1.0,0.0,4,0,4,0,pull,1740
control,lexical,4,small no pull harness,0.5,0.5,0.0,4,2,2,0,pull,1148
control,lexical,4,soft grain free dog treats,0.25,0.75,0.0,4,1,3,0,grain,2135
control,lexical,4,soy and corn free chicken feed,0.0,1.0,0.0,4,0,4,0,soy and corn,1287
control,lexical,4,soy free chicken feed,0.0,1.0,0.0,4,0,4,0,soy,11839
control,lexical,4,soy free horse feed,0.0,1.0,0.0,4,0,4,0,soy,5431
control,lexical,4,soy free layer feed,0.0,1.0,0.0,4,0,4,0,soy,1175
control,lexical,4,sporn mesh no pull dog harness,0.0,1.0,0.0,1,0,1,0,pull,7687
control,lexical,4,stella and chewy grain free,0.0,1.0,0.0,4,0,4,0,grain,1117
control,lexical,4,stink free,0.25,0.75,0.0,4,1,3,0,stink,3161
control,lexical,4,stuffing free,0.0,1.0,0.0,4,0,4,0,stuffing,6904
control,lexical,4,stuffing free dog toy,0.0,1.0,0.0,4,0,4,0,stuffing,4687
control,lexical,4,stuffing free dog toys,0.0,1.0,0.0,4,0,4,0,stuffing,142348
control,lexical,4,stuffing free dog toys large,0.0,1.0,0.0,4,0,4,0,stuffing,21225
control,lexical,4,stuffing free dog toys small,0.0,1.0,0.0,4,0,4,0,stuffing,6376
control,lexical,4,stuffing free toy,0.0,1.0,0.0,4,0,4,0,stuffing,2294
control,lexical,4,stuffing free toys,0.0,1.0,0.0,4,0,4,0,stuffing,1123
control,lexical,4,stuffing-free,0.0,1.0,0.0,4,0,4,0,stuffing,1079
control,lexical,4,suet cakes for wild birds no melt,0.0,0.75,0.25,4,0,3,1,melt,7772
control,lexical,4,sugar free,0.0,0.75,0.25,4,0,3,1,sugar,1515
control,lexical,4,sugar free dog treats,0.0,0.0,1.0,4,0,0,4,sugar,9955
control,lexical,4,sugar free horse treats,0.5,0.5,0.0,4,2,2,0,sugar,8411
control,lexical,4,taste of the wild dog food grain free,0.0,1.0,0.0,4,0,4,0,grain,1243
control,lexical,4,taste of the wild grain free,0.0,1.0,0.0,4,0,4,0,grain,2805
control,lexical,4,taste of the wild grain free dog food,0.25,0.75,0.0,4,1,3,0,grain,8357
control,lexical,4,taste of the wild high prairie grain-free dry dog food,0.0,1.0,0.0,2,0,2,0,grain,1435
control,lexical,4,tear free dog shampoo,1.0,0.0,0.0,4,4,0,0,tear,7647
control,lexical,4,the honest kitchen for dogs grain free,0.25,0.75,0.0,4,1,3,0,grain,1325
control,lexical,4,the honest kitchen grain free,0.75,0.25,0.0,4,3,1,0,grain,2403
control,lexical,4,tidy cats free,0.6666666666666666,0.3333333333333333,0.0,3,2,1,0,free,1197
control,lexical,4,tidy cats free & clean unscented,1.0,0.0,0.0,2,2,0,0,unscented,999
control,lexical,4,tidy cats free and clean unscented,1.0,0.0,0.0,2,2,0,0,unscented,7587
control,lexical,4,tidy cats non clumping litter for cats,0.75,0.25,0.0,4,3,1,0,non clumping,2835
control,lexical,4,tiny tiger grain free,0.0,1.0,0.0,4,0,4,0,grain,1318
control,lexical,4,toy no stuffing,0.0,1.0,0.0,4,0,4,0,stuffing,1060
control,lexical,4,toys no stuffing,0.0,1.0,0.0,4,0,4,0,stuffing,1635
control,lexical,4,toys with no stuffing,0.0,1.0,0.0,4,0,4,0,stuffing,4057
control,lexical,4,treats for dogs with no teeth,1.0,0.0,0.0,4,4,0,0,teeth,1406
control,lexical,4,tuffy no stuff,0.0,1.0,0.0,4,0,4,0,stuff,1489
control,lexical,4,turkey grain free,0.0,1.0,0.0,4,0,4,0,grain,1309
control,lexical,4,ultra grain free,0.0,1.0,0.0,4,0,4,0,grain,978
control,lexical,4,unscented dust free cat litter,0.25,0.25,0.5,4,1,1,2,"dust, scent",1132
control,lexical,4,unscented dust free clumping cat litter,0.5,0.5,0.0,4,2,2,0,unscented,972
control,lexical,4,unscented dust free litter,0.0,1.0,0.0,4,0,4,0,"unscented
dust",1250
control,lexical,4,unscented non clumping cat litter,1.0,0.0,0.0,4,4,0,0,non clumping,7305
control,lexical,4,vetivex veterinary dehp free lactated ringers electrolyte injection solution 1000-ml,1.0,0.0,0.0,1,1,0,0,dehp,5570
control,lexical,4,victor grain free,0.25,0.75,0.0,4,1,3,0,grain,2601
control,lexical,4,victor grain free dog food,0.25,0.75,0.0,4,1,3,0,grain,5635
control,lexical,4,victor hi-pro plus 30/20 active sporting high protein gluten-free dry dog food,0.0,1.0,0.0,1,0,1,0,gluten,1151
control,lexical,4,wag grain free dog food,0.25,0.75,0.0,4,1,3,0,grain,3193
control,lexical,4,waste free bird seed,0.0,1.0,0.0,4,0,4,0,waste,4797
control,lexical,4,waste free wild bird seed,0.25,0.75,0.0,4,1,3,0,waste,12115
control,lexical,4,water bowl no spill,0.5,0.25,0.25,4,2,1,1,spill,2058
control,lexical,4,weight management dog food no chicken,1.0,0.0,0.0,4,4,0,0,chicken,1021
control,lexical,4,wellness core grain free,0.0,1.0,0.0,4,0,4,0,grain,1527
control,lexical,4,wellness core grain free cat food,0.0,1.0,0.0,4,0,4,0,grain,2510
control,lexical,4,wellness core grain free dog food,0.25,0.75,0.0,4,1,3,0,grain,8637
control,lexical,4,wellness dry dog food grain free,0.0,1.0,0.0,4,0,4,0,grain,2057
control,lexical,4,wellness grain free,0.0,1.0,0.0,4,0,4,0,grain,1617
control,lexical,4,wellness grain free cat food,0.0,1.0,0.0,4,0,4,0,grain,2248
control,lexical,4,wellness grain free dog food,0.25,0.75,0.0,4,1,3,0,grain,4682
control,lexical,4,wet cat food grain free,0.0,1.0,0.0,4,0,4,0,grain,16508
control,lexical,4,wet dog food grain free,0.0,1.0,0.0,4,0,4,0,grain,6455
control,lexical,4,wet dog food no chicken,1.0,0.0,0.0,4,4,0,0,chicken,1981
control,lexical,4,wet dog food without chicken,0.0,0.75,0.25,4,0,3,1,chicken,1194
control,lexical,4,wet grain free cat food,0.0,1.0,0.0,4,0,4,0,grain,4900
control,lexical,4,wet grain free dog food,0.0,1.0,0.0,4,0,4,0,grain,4103
control,lexical,4,wet kitten food grain free,0.0,1.0,0.0,4,0,4,0,grain,2250
control,lexical,4,wheat free cat food,0.0,1.0,0.0,4,0,4,0,wheat,5111
control,lexical,4,wheat free dog food,0.25,0.75,0.0,4,1,3,0,wheat,6961
control,lexical,4,wheat free dog treats,0.0,1.0,0.0,4,0,4,0,wheat,9289
control,lexical,4,wheat free puppy food,0.0,1.0,0.0,4,0,4,0,wheat,4122
control,lexical,4,whole earth farms grain-free,0.75,0.25,0.0,4,3,1,0,grain,5914
control,lexical,4,whole hearted grain free,0.5,0.5,0.0,4,2,2,0,grain,1214
control,lexical,4,wholesome grain free,0.25,0.75,0.0,4,1,3,0,grain,2131
control,lexical,4,wholesomes grain free dog food,0.25,0.75,0.0,4,1,3,0,grain,2158
control,lexical,4,wild bird seed no waste,0.0,0.5,0.5,4,0,2,2,waste,14889
control,lexical,4,yeast free dog food,0.25,0.0,0.75,4,1,0,3,yeast,6961
control,lexical,10,2 hounds design freedom no pull dog harness,0.0,1.0,0.0,1,0,1,0,pull,13268
control,lexical,10,acana grain free,0.2,0.8,0.0,10,2,8,0,grain,1372
control,lexical,10,acana grain free cat,0.0,0.6,0.4,10,0,6,4,grain,1699
control,lexical,10,acana grain-free food for dogs,0.2,0.8,0.0,10,2,8,0,grain,3087
control,lexical,10,adjustable no pull harness,1.0,0.0,0.0,10,10,0,0,pull,974
control,lexical,10,aller free,1.0,0.0,0.0,3,3,0,0,aller,974
control,lexical,10,allergy free cat food,0.1,0.8,0.1,10,1,8,1,allergy,1923
control,lexical,10,allergy free dog food,0.3,0.6,0.1,10,3,6,1,allergy,2462
control,lexical,10,allergy free dog treats,0.2,0.6,0.2,10,2,6,2,allergy,4371
control,lexical,10,american journey grain free,0.0,1.0,0.0,10,0,10,0,grain,1049
control,lexical,10,american journey grain free dog food,0.1,0.9,0.0,10,1,9,0,grain,3336
control,lexical,10,audubon park waste free,1.0,0.0,0.0,2,2,0,0,waste free,2251
control,lexical,10,bark collar no shock,0.8,0.2,0.0,10,8,2,0,shock,3859
control,lexical,10,barkworthies odor free bully sticks,0.1,0.9,0.0,10,1,9,0,odor,3939
control,lexical,10,beef dog food grain free,0.0,1.0,0.0,10,0,10,0,grain,1044
control,lexical,10,beef grain free dog food,0.0,1.0,0.0,10,0,10,0,grain,2045
control,lexical,10,beneful grain free,0.0,1.0,0.0,10,0,10,0,grain,1604
control,lexical,10,best bully sticks odor free,0.0,1.0,0.0,10,0,10,0,odor,2943
control,lexical,10,best no pull harness,0.8,0.1,0.1,10,8,1,1,pull,1798
control,lexical,10,beyond dry cat food grain free,0.0,1.0,0.0,5,0,5,0,grain,5250
control,lexical,10,beyond grain free,0.0,1.0,0.0,10,0,10,0,grain,2372
control,lexical,10,beyond grain free cat food dry,0.0,1.0,0.0,5,0,5,0,grain,3779
control,lexical,10,beyond grain free dry cat food,0.0,1.0,0.0,5,0,5,0,grain,2175
control,lexical,10,beyond grain free wet cat food,0.0,1.0,0.0,2,0,2,0,grain,1433
control,lexical,10,beyond simply grain free cat food,0.0,1.0,0.0,2,0,2,0,grain,3366
control,lexical,10,bird food wild no mess,0.2,0.6,0.2,10,2,6,2,mess,1138
control,lexical,10,bird seed no mess,0.1,0.6,0.3,10,1,6,3,mess,1067
control,lexical,10,bird seed no waste,0.0,0.7,0.3,10,0,7,3,waste,3357
control,lexical,10,bird seed wild no mess,0.0,0.5,0.5,10,0,5,5,mess,3963
control,lexical,10,bird seed wild no waste,0.1,0.6,0.3,10,1,6,3,waste,16977
control,lexical,10,bird suet cakes no melt,0.4,0.4,0.2,10,4,4,2,melt,3661
control,lexical,10,blue buffalo chicken free,0.8,0.2,0.0,10,8,2,0,chicken,3208
control,lexical,10,blue buffalo dog food grain free,0.0,1.0,0.0,10,0,10,0,grain,5564
control,lexical,10,blue buffalo freedom grain free,0.0,1.0,0.0,10,0,10,0,grain,2312
control,lexical,10,blue buffalo grain free,0.0,1.0,0.0,10,0,10,0,grain,6671
control,lexical,10,blue buffalo grain free cat food,0.0,1.0,0.0,10,0,10,0,grain,9576
control,lexical,10,blue buffalo grain free dog food,0.0,1.0,0.0,10,0,10,0,grain,18964
control,lexical,10,blue buffalo grain free dry cat food,0.0,1.0,0.0,10,0,10,0,grain,1161
control,lexical,10,blue buffalo grain free dry dog food,0.0,1.0,0.0,10,0,10,0,grain,1574
control,lexical,10,blue buffalo grain free wet cat food,0.0,1.0,0.0,10,0,10,0,grain,1737
control,lexical,10,blue buffalo grain free wet dog food,0.0,1.0,0.0,10,0,10,0,grain,1694
control,lexical,10,blue buffalo no chicken,0.8,0.2,0.0,10,8,2,0,chicken,1087
control,lexical,10,blue buffalo wet dog food grain free,0.0,1.0,0.0,10,0,10,0,grain,989
control,lexical,10,blue freedom grain free,0.0,1.0,0.0,10,0,10,0,grain,2100
control,lexical,10,blue grain free,0.0,1.0,0.0,10,0,10,0,grain,1423
control,lexical,10,bones & chews all natural grain-free jerky,0.0,0.5,0.5,10,0,5,5,grain,4977
control,lexical,10,bpa free litter box,0.0,0.0,1.0,10,0,0,10,bpa,1302
control,lexical,10,bully stick odor free,0.0,1.0,0.0,10,0,10,0,odor,2368
control,lexical,10,bully sticks for dogs odor free,0.0,1.0,0.0,10,0,10,0,odor,4428
control,lexical,10,bully sticks odor free,0.0,1.0,0.0,10,0,10,0,odor,4104
control,lexical,10,calcium without d3,0.3,0.7,0.0,10,3,7,0,d3,1856
control,lexical,10,canidae grain free,0.0,1.0,0.0,10,0,10,0,grain,4014
control,lexical,10,canidae grain free dog food,0.0,1.0,0.0,10,0,10,0,grain,2888
control,lexical,10,canine naturals hide free,0.3,0.7,0.0,10,3,7,0,hide,7376
control,lexical,10,canned cat food grain free,0.0,1.0,0.0,10,0,10,0,grain,3121
control,lexical,10,canned dog food grain free,0.0,1.0,0.0,10,0,10,0,grain,5595
control,lexical,10,canned grain free dog food,0.0,1.0,0.0,10,0,10,0,grain,2676
control,lexical,10,cat collar no bell,1.0,0.0,0.0,10,10,0,0,bell,3873
control,lexical,10,cat dewormer no prescription,1.0,0.0,0.0,10,10,0,0,prescription,23133
control,lexical,10,cat dry food grain free,0.1,0.9,0.0,10,1,9,0,grain,4630
control,lexical,10,cat food dry grain free,0.0,1.0,0.0,10,0,10,0,grain,3203
control,lexical,10,cat food grain free,0.0,1.0,0.0,10,0,10,0,grain,19117
control,lexical,10,cat food no chicken,1.0,0.0,0.0,10,10,0,0,chicken,2783
control,lexical,10,cat food organic grain free,0.2,0.5,0.3,10,2,5,3,grain,4534
control,lexical,10,cat food pate grain free,0.0,1.0,0.0,10,0,10,0,grain,2011
control,lexical,10,cat food wet grain free,0.0,1.0,0.0,10,0,10,0,grain,8309
control,lexical,10,cat food with no additives,0.0,0.0,1.0,6,0,0,6,additives,1600
control,lexical,10,cat grain free pate,0.0,1.0,0.0,10,0,10,0,grain,1150
control,lexical,10,cat kibble grain free,0.1,0.9,0.0,10,1,9,0,grain,2832
control,lexical,10,cat litter dust free,0.0,0.5,0.5,10,0,5,5,dust,10997
control,lexical,10,cat litter fragrance free,0.5,0.2,0.3,10,5,2,3,fragrance,1351
control,lexical,10,cat litter no dust,0.4,0.5,0.1,10,4,5,1,dust,8050
control,lexical,10,cat litter no scent,1.0,0.0,0.0,10,10,0,0,scent,2160
control,lexical,10,cat litter no tracking,0.8,0.2,0.0,10,8,2,0,tracking,3408
control,lexical,10,cat no pee,0.9,0.1,0.0,10,9,1,0,pee,1037
control,lexical,10,cat no scratch,1.0,0.0,0.0,10,10,0,0,scratch,1427
control,lexical,10,cat toys no catnip,1.0,0.0,0.0,10,10,0,0,catnip,1519
control,lexical,10,cat treats grain free,0.0,1.0,0.0,10,0,10,0,grain,9966
control,lexical,10,cat treats no chicken,1.0,0.0,0.0,10,10,0,0,chicken,1187
control,lexical,10,cat tree no carpet,1.0,0.0,0.0,10,10,0,0,carpet,1496
control,lexical,10,cat wet food grain free,0.0,1.0,0.0,10,0,10,0,grain,9500
control,lexical,10,charlee bear grain free crunch,0.0,1.0,0.0,10,0,10,0,grain,4712
control,lexical,10,chew bones rawhide free,0.2,0.8,0.0,10,2,8,0,rawhide,1195
control,lexical,10,chew no poo,1.0,0.0,0.0,10,10,0,0,poo,2280
control,lexical,10,chew no poop,1.0,0.0,0.0,10,10,0,0,poop,2803
control,lexical,10,chews no rawhide,0.1,0.9,0.0,10,1,9,0,rawhide,8496
control,lexical,10,chick starter feed non medicated,0.5,0.5,0.0,10,5,5,0,medicated,5619
control,lexical,10,chicken and grain free dog food,0.2,0.8,0.0,10,2,8,0,grain,1266
control,lexical,10,chicken feed non gmo,1.0,0.0,0.0,10,10,0,0,non gmo,2267
control,lexical,10,chicken feed soy free,0.0,1.0,0.0,10,0,10,0,soy,1293
control,lexical,10,chicken free,0.8,0.2,0.0,10,8,2,0,chicken,4487
control,lexical,10,chicken free canned dog food,0.9,0.1,0.0,10,9,1,0,chicken,1444
control,lexical,10,chicken free cat food,1.0,0.0,0.0,10,10,0,0,chicken,14097
control,lexical,10,chicken free cat treats,1.0,0.0,0.0,10,10,0,0,chicken,6356
control,lexical,10,chicken free dog bones,0.9,0.1,0.0,10,9,1,0,chicken,968
control,lexical,10,chicken free dog chews,1.0,0.0,0.0,10,10,0,0,chicken,978
control,lexical,10,chicken free dog food,0.7,0.3,0.0,10,7,3,0,chicken,38479
control,lexical,10,chicken free dog treat,0.8,0.2,0.0,10,8,2,0,chicken,1429
control,lexical,10,chicken free dog treats,0.8,0.2,0.0,10,8,2,0,chicken,68590
control,lexical,10,chicken free dry cat food,1.0,0.0,0.0,10,10,0,0,chicken,3842
control,lexical,10,chicken free dry dog food,0.8,0.2,0.0,10,8,2,0,chicken,124263
control,lexical,10,chicken free dry dog food for sensitive skin,0.3,0.3,0.4,10,3,3,4,chicken,1228
control,lexical,10,chicken free dry puppy food,1.0,0.0,0.0,10,10,0,0,chicken,1272
control,lexical,10,chicken free large breed puppy food,1.0,0.0,0.0,10,10,0,0,chicken,979
control,lexical,10,chicken free pill pockets,1.0,0.0,0.0,10,10,0,0,chicken,3116
control,lexical,10,chicken free puppy food,1.0,0.0,0.0,10,10,0,0,chicken,5340
control,lexical,10,chicken free treat,0.9,0.1,0.0,10,9,1,0,chicken,1329
control,lexical,10,chicken free treats,0.9,0.1,0.0,10,9,1,0,chicken,3686
control,lexical,10,chicken free weight control,1.0,0.0,0.0,10,10,0,0,chicken,1015
control,lexical,10,chicken free wet cat food,1.0,0.0,0.0,10,10,0,0,chicken,3583
control,lexical,10,chicken free wet dog food,0.9,0.1,0.0,10,9,1,0,chicken,19833
control,lexical,10,chicken-free cat food,0.5,0.2,0.3,10,5,2,3,chicken,6561
control,lexical,10,chicken-free dog food,0.0,1.0,0.0,10,0,10,0,chicken,3218
control,lexical,10,chicken-free dry dog food,0.0,1.0,0.0,10,0,10,0,chicken,5068
control,lexical,10,chicken-free wet dog food,0.4,0.2,0.4,10,4,2,4,chicken,3656
control,lexical,10,choke free harness,0.0,1.0,0.0,10,0,10,0,choke,1536
control,lexical,10,churu grain free,0.0,1.0,0.0,10,0,10,0,grain,1142
control,lexical,10,clumping cat litter dust free,0.2,0.2,0.6,10,2,2,6,dust,7057
control,lexical,10,cockatiel food no sunflower seeds,0.7,0.1,0.2,10,7,1,2,sunflower seeds,3792
control,lexical,10,corn and soy free chicken feed,0.1,0.9,0.0,10,1,9,0,corn and soy,2593
control,lexical,10,corn free chicken feed,0.1,0.9,0.0,10,1,9,0,corn,6014
control,lexical,10,corn free chicken scratch,0.4,0.5,0.1,10,4,5,1,corn,2220
control,lexical,10,corn free dog food,0.1,0.6,0.3,10,1,6,3,corn,6183
control,lexical,10,corn free dry cat food,0.0,1.0,0.0,10,0,10,0,corn,1013
control,lexical,10,cough free horse,0.8,0.2,0.0,10,8,2,0,free,6820
control,lexical,10,country kitchen rawhide free twists,0.0,1.0,0.0,10,0,10,0,rawhide,1202
control,lexical,10,crunchy grain free dog treats,0.1,0.9,0.0,10,1,9,0,grain,1432
control,lexical,10,delectables non seafood,0.0,1.0,0.0,10,0,10,0,seafood,1668
control,lexical,10,diamond grain free,0.5,0.5,0.0,10,5,5,0,grain,2150
control,lexical,10,diamond grain free dog food,0.5,0.5,0.0,10,5,5,0,grain,9975
control,lexical,10,diamond natural grain free,0.5,0.5,0.0,10,5,5,0,grain,2679
control,lexical,10,diamond naturals grain free,0.4,0.6,0.0,10,4,6,0,grain,4384
control,lexical,10,diamond naturals grain free dog food,0.14285714285714285,0.8571428571428571,0.0,7,1,6,0,grain,4547
control,lexical,10,dog bone rawhide free,0.2,0.7,0.1,10,2,7,1,rawhide,1437
control,lexical,10,dog bones no rawhide,0.1,0.7,0.2,10,1,7,2,rawhide,8198
control,lexical,10,dog bones rawhide free,0.2,0.7,0.1,10,2,7,1,rawhide,22731
control,lexical,10,dog chews rawhide free,0.0,0.9,0.1,10,0,9,1,rawhide,80267
control,lexical,10,dog dry food grain free,0.1,0.9,0.0,10,1,9,0,grain,2653
control,lexical,10,dog food chicken free,0.7,0.3,0.0,10,7,3,0,chicken,4370
control,lexical,10,dog food dry grain free,0.2,0.8,0.0,10,2,8,0,grain,3977
control,lexical,10,dog food grain free,0.0,1.0,0.0,10,0,10,0,grain,27813
control,lexical,10,dog food grain free large breed,0.0,1.0,0.0,10,0,10,0,grain,5771
control,lexical,10,dog food grain free non-gmo,0.0,1.0,0.0,10,0,10,0,grain,988
control,lexical,10,dog food no chicken,1.0,0.0,0.0,10,10,0,0,chicken,12053
control,lexical,10,dog food no corn,0.1,0.8,0.1,10,1,8,1,corn,1250
control,lexical,10,dog food no grain,0.3,0.7,0.0,10,3,7,0,grain,2517
control,lexical,10,dog food poultry free,1.0,0.0,0.0,10,10,0,0,poultry,1332
control,lexical,10,dog food with no chicken,1.0,0.0,0.0,10,10,0,0,chicken,9753
control,lexical,10,dog food without chicken,0.0,0.7,0.3,10,0,7,3,chicken,11590
control,lexical,10,dog harness large no pull,0.5,0.5,0.0,10,5,5,0,pull,5076
control,lexical,10,dog harness medium no pull,0.9,0.1,0.0,10,9,1,0,pull,3091
control,lexical,10,dog harness no escape,0.4,0.6,0.0,10,4,6,0,escape,1062
control,lexical,10,dog harness no pull,0.0,1.0,0.0,10,0,10,0,pull,76414
control,lexical,10,dog no pull harness,0.0,1.0,0.0,10,0,10,0,pull,9874
control,lexical,10,dog non rawhide chews,0.0,1.0,0.0,10,0,10,0,rawhide,1730
control,lexical,10,dog rawhide free bones,0.2,0.7,0.1,10,2,7,1,rawhide,1370
control,lexical,10,dog rawhide free treats,0.1,0.8,0.1,10,1,8,1,rawhide,2749
control,lexical,10,dog stroller no zip,0.0,1.0,0.0,8,0,8,0,zip,1065
control,lexical,10,dog toy no squeak,1.0,0.0,0.0,10,10,0,0,squeak,1212
control,lexical,10,dog toy no squeaker,1.0,0.0,0.0,10,10,0,0,squeaker,1524
control,lexical,10,dog toy no stuffing,0.0,1.0,0.0,10,0,10,0,stuffing,10254
control,lexical,10,dog toy stuffing free,0.0,1.0,0.0,10,0,10,0,stuffing,1322
control,lexical,10,dog toys for large dogs no stuffing,0.0,1.0,0.0,10,0,10,0,stuffing,7409
control,lexical,10,dog toys no squeak,1.0,0.0,0.0,10,10,0,0,squeak,1702
control,lexical,10,dog toys no stuffing,0.0,1.0,0.0,10,0,10,0,stuffing,28211
control,lexical,10,dog toys small dogs stuffing free,0.0,1.0,0.0,10,0,10,0,stuffing,1156
control,lexical,10,dog toys stuffing free,0.0,1.0,0.0,10,0,10,0,stuffing,2442
control,lexical,10,dog toys with no stuffing,0.0,1.0,0.0,10,0,10,0,stuffing,7273
control,lexical,10,dog treats chicken free,0.8,0.2,0.0,10,8,2,0,chicken,1452
control,lexical,10,dog treats for dogs with no teeth,1.0,0.0,0.0,10,10,0,0,teeth,3257
control,lexical,10,dog treats for large dogs grain free,0.0,1.0,0.0,10,0,10,0,grain,1206
control,lexical,10,dog treats grain free,0.0,1.0,0.0,10,0,10,0,grain,13152
control,lexical,10,dog treats no chicken,1.0,0.0,0.0,10,10,0,0,chicken,4753
control,lexical,10,dog treats no rawhide,0.4,0.6,0.0,10,4,6,0,rawhide,2246
control,lexical,10,dog treats rawhide free,0.1,0.9,0.0,10,1,9,0,rawhide,3261
control,lexical,10,dog treats with no chicken,1.0,0.0,0.0,10,10,0,0,chicken,1095
control,lexical,10,dog treats without chicken,0.1,0.8,0.1,10,1,8,1,chicken,4721
control,lexical,10,dog water bowl no spill,0.4,0.6,0.0,10,4,6,0,spill,23089
control,lexical,10,dog wet food grain free,0.0,1.0,0.0,10,0,10,0,grain,1300
control,lexical,10,dry cat food grain free,0.0,1.0,0.0,10,0,10,0,grain,10528
control,lexical,10,dry cat food no chicken,1.0,0.0,0.0,10,10,0,0,chicken,999
control,lexical,10,dry cat food no grain,0.0,1.0,0.0,10,0,10,0,grain,974
control,lexical,10,dry dog food chicken free,0.8,0.2,0.0,10,8,2,0,chicken,1536
control,lexical,10,dry dog food grain free,0.0,1.0,0.0,10,0,10,0,grain,7777
control,lexical,10,dry dog food no chicken,1.0,0.0,0.0,10,10,0,0,chicken,2481
control,lexical,10,dry dog food without chicken,0.0,0.8,0.2,10,0,8,2,chicken,1892
control,lexical,10,dry grain free cat food,0.0,1.0,0.0,10,0,10,0,grain,5998
control,lexical,10,dry grain free dog food,0.2,0.8,0.0,10,2,8,0,grain,4159
control,lexical,10,dust free cat litter,0.2,0.2,0.6,10,2,2,6,dust,68627
control,lexical,10,dust free clumping cat litter,0.0,0.1,0.9,10,0,1,9,dust,33448
control,lexical,10,dust free clumping litter,0.5,0.2,0.3,10,5,2,3,dust,1145
control,lexical,10,dust free litter,0.5,0.5,0.0,10,5,5,0,dust,8568
control,lexical,10,dust free unscented clumping cat litter,0.1,0.2,0.7,10,1,2,7,dust,6504
control,lexical,10,earth animal no hide,0.0,1.0,0.0,10,0,10,0,hide,7495
control,lexical,10,earth animal no hide chews,0.0,1.0,0.0,10,0,10,0,hide,2188
control,lexical,10,earth animal no hide chews large,0.0,1.0,0.0,10,0,10,0,hide,972
control,lexical,10,earth animal no hide medium,0.0,1.0,0.0,10,0,10,0,hide,1153
control,lexical,10,earth animal no hide rolls,0.0,1.0,0.0,10,0,10,0,hide,1258
control,lexical,10,easy walk no pull harness,0.1,0.5,0.4,10,1,5,4,pull,4342
control,lexical,10,fancy feast grain free,0.0,1.0,0.0,10,0,10,0,grain,2313
control,lexical,10,fancy feast grain free pate,0.0,1.0,0.0,10,0,10,0,grain,1036
control,lexical,10,fancy feast grain free wet cat food,0.0,1.0,0.0,10,0,10,0,grain,12994
control,lexical,10,farmina grain free,0.0,1.0,0.0,10,0,10,0,grain,2750
control,lexical,10,farmina grain free dog food,0.2,0.8,0.0,10,2,8,0,grain,3081
control,lexical,10,fat free dog treats,0.2,0.0,0.8,10,2,0,8,fat,7786
control,lexical,10,fish free cat food,1.0,0.0,0.0,10,10,0,0,fish,1456
control,lexical,10,fly mask without ears,0.7,0.3,0.0,10,7,3,0,ears,3567
control,lexical,10,food grain free,0.1,0.9,0.0,10,1,9,0,grain,4785
control,lexical,10,fragrance free cat litter,0.4,0.2,0.4,10,4,2,4,fragrance,8207
control,lexical,10,fragrance free dog shampoo,0.2,0.6,0.2,10,2,6,2,fragrance,3644
control,lexical,10,freedom grain free cat food,0.0,1.0,0.0,10,0,10,0,grain,2773
control,lexical,10,freedom grain free dog food,0.0,1.0,0.0,10,0,10,0,grain,8393
control,lexical,10,freedom no pull harness,1.0,0.0,0.0,10,10,0,0,pull,17745
control,lexical,10,fresh pet grain free,0.1,0.9,0.0,10,1,9,0,grain,3969
control,lexical,10,fresh pet grain free dog food,0.3,0.2,0.5,10,3,2,5,grain,1711
control,lexical,10,fresh step cat litter non clumping,1.0,0.0,0.0,4,4,0,0,non clumping,7310
control,lexical,10,fresh step dust free,0.2,0.1,0.7,10,2,1,7,dust,1279
control,lexical,10,fresh step non clumping cat litter,1.0,0.0,0.0,4,4,0,0,non clumping,30486
control,lexical,10,frisco no pull harness,0.1,0.9,0.0,10,1,9,0,pull,1291
control,lexical,10,frisco padded no pull dog harness,0.6666666666666666,0.3333333333333333,0.0,3,2,1,0,pull,1101
control,lexical,10,frisco stuffing free,0.0,1.0,0.0,10,0,10,0,stuffing,2257
control,lexical,10,fromm grain free,0.2,0.8,0.0,10,2,8,0,grain,1032
control,lexical,10,front clip no pull harness,0.6,0.3,0.1,10,6,3,1,pull,1120
control,lexical,10,gain free dog food,1.0,0.0,0.0,1,1,0,0,gain,977
control,lexical,10,gluten free,0.3,0.7,0.0,10,3,7,0,gluten,2039
control,lexical,10,gluten free cat food,0.0,0.9,0.1,10,0,9,1,gluten,8910
control,lexical,10,gluten free cat treats,0.1,0.7,0.2,10,1,7,2,gluten,1113
control,lexical,10,gluten free dog food,0.6,0.4,0.0,10,6,4,0,gluten,32569
control,lexical,10,gluten free dog treats,0.0,1.0,0.0,10,0,10,0,gluten,14910
control,lexical,10,gluten free dry dog food,0.6,0.4,0.0,10,6,4,0,gluten,1196
control,lexical,10,gluten free puppy food,0.5,0.5,0.0,10,5,5,0,gluten,1459
control,lexical,10,gluten free wet cat food,0.0,0.8,0.2,10,0,8,2,gluten,1955
control,lexical,10,gluten free wet dog food,0.0,1.0,0.0,10,0,10,0,gluten,1696
control,lexical,10,gmo free dog food,0.0,1.0,0.0,10,0,10,0,gmo,7978
control,lexical,10,good lovin no rawhide,0.3,0.0,0.7,10,3,0,7,rawhide,1165
control,lexical,10,grain and chicken free dog food,0.8,0.2,0.0,10,8,2,0,"grain, chicken",1316
control,lexical,10,grain free,0.0,1.0,0.0,10,0,10,0,grain,27310
control,lexical,10,grain free adult dog food,0.0,1.0,0.0,10,0,10,0,grain,6444
control,lexical,10,grain free air dried dog food,0.0,1.0,0.0,10,0,10,0,grain,1151
control,lexical,10,grain free beef dog food,0.0,1.0,0.0,10,0,10,0,grain,3945
control,lexical,10,grain free beef dry dog food,0.0,1.0,0.0,10,0,10,0,grain,1022
control,lexical,10,grain free biscuits,0.0,1.0,0.0,10,0,10,0,grain,1010
control,lexical,10,grain free blue buffalo dog food,0.0,1.0,0.0,10,0,10,0,grain,1932
control,lexical,10,grain free canned cat food,0.0,1.0,0.0,10,0,10,0,grain,11102
control,lexical,10,grain free canned dog food,0.0,1.0,0.0,10,0,10,0,grain,12390
control,lexical,10,grain free cat,0.0,1.0,0.0,10,0,10,0,grain,6488
control,lexical,10,grain free cat dry food,0.0,1.0,0.0,10,0,10,0,grain,2783
control,lexical,10,grain free cat food,0.0,1.0,0.0,10,0,10,0,grain,76423
control,lexical,10,grain free cat food dry,0.0,1.0,0.0,10,0,10,0,grain,14537
control,lexical,10,grain free cat food wet,0.0,1.0,0.0,10,0,10,0,grain,11361
control,lexical,10,grain free cat pate,0.0,1.0,0.0,10,0,10,0,grain,1210
control,lexical,10,grain free cat treat,0.0,1.0,0.0,10,0,10,0,grain,6878
control,lexical,10,grain free cat treats,0.0,1.0,0.0,10,0,10,0,grain,40628
control,lexical,10,grain free cat wet food,0.0,1.0,0.0,10,0,10,0,grain,5735
control,lexical,10,grain free chicken cat food,0.0,1.0,0.0,10,0,10,0,grain,1128
control,lexical,10,grain free chicken dog food,0.0,1.0,0.0,10,0,10,0,grain,1250
control,lexical,10,grain free chicken dog treats,0.1,0.9,0.0,10,1,9,0,grain,1542
control,lexical,10,grain free chicken free dog food,0.8,0.2,0.0,10,8,2,0,"grain, chicken",8785
control,lexical,10,grain free chicken free dog treats,1.0,0.0,0.0,10,10,0,0,"grain, chicken",4078
control,lexical,10,grain free chicken pate cat food,0.0,1.0,0.0,10,0,10,0,grain,1418
control,lexical,10,grain free dental chews,0.0,1.0,0.0,10,0,10,0,grain,5153
control,lexical,10,grain free diet dog food,0.0,1.0,0.0,10,0,10,0,grain,4566
control,lexical,10,grain free dog,0.0,1.0,0.0,10,0,10,0,grain,7358
control,lexical,10,grain free dog biscuits,0.0,1.0,0.0,10,0,10,0,grain,7074
control,lexical,10,grain free dog bones,0.0,1.0,0.0,10,0,10,0,grain,2681
control,lexical,10,grain free dog chews,0.0,1.0,0.0,10,0,10,0,grain,1598
control,lexical,10,grain free dog food,0.1,0.9,0.0,10,1,9,0,grain,611730
control,lexical,10,grain free dog food 40 lb bag,0.2,0.8,0.0,10,2,8,0,grain,4206
control,lexical,10,grain free dog food 40lbs,0.1111111111111111,0.8888888888888888,0.0,9,1,8,0,grain,5458
control,lexical,10,grain free dog food dry,0.0,1.0,0.0,10,0,10,0,grain,3723
control,lexical,10,grain free dog food large breed,0.0,1.0,0.0,10,0,10,0,grain,18579
control,lexical,10,grain free dog food salmon,0.1,0.9,0.0,10,1,9,0,grain,1725
control,lexical,10,grain free dog food small breed,0.0,1.0,0.0,10,0,10,0,grain,16175
control,lexical,10,grain free dog food wet,0.0,1.0,0.0,10,0,10,0,grain,7838
control,lexical,10,grain free dog kibble,0.1,0.9,0.0,10,1,9,0,grain,1556
control,lexical,10,grain free dog training treats,0.0,1.0,0.0,10,0,10,0,grain,2820
control,lexical,10,grain free dog treat,0.0,1.0,0.0,10,0,10,0,grain,10410
control,lexical,10,grain free dog treats,0.0,1.0,0.0,10,0,10,0,grain,138329
control,lexical,10,grain free dog treats for large dogs,0.0,1.0,0.0,10,0,10,0,grain,997
control,lexical,10,grain free dog treats for medium dogs,0.0,1.0,0.0,10,0,10,0,grain,5358
control,lexical,10,grain free dog treats small breed,0.2,0.8,0.0,10,2,8,0,grain,4076
control,lexical,10,grain free dog wet food,0.0,1.0,0.0,10,0,10,0,grain,1019
control,lexical,10,grain free dogfood no probiotic,1.0,0.0,0.0,10,10,0,0,probiotic,982
control,lexical,10,grain free dry,0.0,1.0,0.0,10,0,10,0,grain,4891
control,lexical,10,grain free dry adult dog food,0.0,1.0,0.0,10,0,10,0,grain,1350
control,lexical,10,grain free dry cat food,0.0,1.0,0.0,10,0,10,0,grain,197068
control,lexical,10,grain free dry dog food,0.0,1.0,0.0,10,0,10,0,grain,56421
control,lexical,10,grain free dry kitten food,0.0,1.0,0.0,10,0,10,0,grain,6226
control,lexical,10,grain free duck dog food,0.0,1.0,0.0,10,0,10,0,grain,1431
control,lexical,10,grain free fancy feast,0.0,1.0,0.0,10,0,10,0,grain,1914
control,lexical,10,grain free fish dog food,0.0,1.0,0.0,10,0,10,0,grain,2293
control,lexical,10,grain free food,0.0,1.0,0.0,10,0,10,0,grain,1420
control,lexical,10,grain free freeze dried dog food,0.2,0.8,0.0,10,2,8,0,grain,1795
control,lexical,10,grain free fresh dog food,0.2,0.8,0.0,10,2,8,0,grain,1289
control,lexical,10,grain free fruit dog treats,0.0,0.9,0.1,10,0,9,1,grain,1411
control,lexical,10,grain free greenies,0.3,0.7,0.0,10,3,7,0,grain,2564
control,lexical,10,grain free high protein cat food,0.2,0.8,0.0,10,2,8,0,grain,2937
control,lexical,10,grain free high protein dog food,0.2,0.8,0.0,10,2,8,0,grain,1843
control,lexical,10,grain free high protein dry cat food,0.0,1.0,0.0,10,0,10,0,grain,1029
control,lexical,10,grain free honest kitchen,0.2,0.8,0.0,10,2,8,0,grain,1122
control,lexical,10,grain free jerky,0.0,1.0,0.0,10,0,10,0,grain,1571
control,lexical,10,grain free kibble,0.2,0.8,0.0,10,2,8,0,grain,1409
control,lexical,10,grain free kitten dry food,0.0,1.0,0.0,10,0,10,0,grain,5861
control,lexical,10,grain free kitten food,0.0,1.0,0.0,10,0,10,0,grain,16286
control,lexical,10,grain free kitten wet food,0.0,1.0,0.0,10,0,10,0,grain,4500
control,lexical,10,grain free lamb dog food,0.0,1.0,0.0,10,0,10,0,grain,3771
control,lexical,10,grain free large breed dog food,0.0,1.0,0.0,10,0,10,0,grain,2530
control,lexical,10,grain free limited ingredient cat food,0.0,1.0,0.0,10,0,10,0,grain,1729
control,lexical,10,grain free limited ingredient dog food,0.0,1.0,0.0,10,0,10,0,grain,3438
control,lexical,10,grain free low fat dog food,0.3,0.3,0.4,10,3,3,4,grain,2100
control,lexical,10,grain free organic dog food,0.0,1.0,0.0,10,0,10,0,grain,1002
control,lexical,10,grain free pate,0.0,1.0,0.0,10,0,10,0,grain,1578
control,lexical,10,grain free pate cat food,0.0,1.0,0.0,10,0,10,0,grain,8858
control,lexical,10,grain free peanut butter dog treats,0.0,1.0,0.0,10,0,10,0,grain,1000
control,lexical,10,grain free puppy,0.0,1.0,0.0,10,0,10,0,grain,1472
control,lexical,10,grain free puppy food,0.0,1.0,0.0,10,0,10,0,grain,34872
control,lexical,10,grain free puppy treats,0.0,1.0,0.0,10,0,10,0,grain,1999
control,lexical,10,grain free purina dog food,0.0,1.0,0.0,10,0,10,0,grain,1470
control,lexical,10,grain free purina pro plan,0.0,1.0,0.0,10,0,10,0,grain,1558
control,lexical,10,grain free rabbit cat food,0.0,1.0,0.0,10,0,10,0,grain,1266
control,lexical,10,grain free rabbit food,0.0,1.0,0.0,10,0,10,0,grain,1121
control,lexical,10,grain free salmon,0.0,1.0,0.0,10,0,10,0,grain,1422
control,lexical,10,grain free salmon cat food,0.0,1.0,0.0,10,0,10,0,grain,1083
control,lexical,10,grain free salmon dog food,0.0,1.0,0.0,10,0,10,0,grain,15202
control,lexical,10,grain free salmon dry dog food,0.1,0.9,0.0,10,1,9,0,grain,2485
control,lexical,10,grain free senior cat food,0.0,1.0,0.0,10,0,10,0,grain,2261
control,lexical,10,grain free senior dog food,0.0,1.0,0.0,10,0,10,0,grain,10021
control,lexical,10,grain free sensitive stomach cat food,0.1,0.9,0.0,10,1,9,0,grain,1967
control,lexical,10,grain free sensitive stomach dog food,0.0,1.0,0.0,10,0,10,0,grain,1344
control,lexical,10,grain free small breed,0.0,1.0,0.0,10,0,10,0,grain,1062
control,lexical,10,grain free small breed dry dog food,0.0,1.0,0.0,10,0,10,0,grain,7815
control,lexical,10,grain free small dog food,0.0,1.0,0.0,10,0,10,0,grain,1123
control,lexical,10,grain free soft dog food,0.7,0.3,0.0,10,7,3,0,grain,1084
control,lexical,10,grain free soft dog treats,0.3,0.7,0.0,10,3,7,0,grain,2972
control,lexical,10,grain free training treats,0.0,0.9,0.1,10,0,9,1,grain,997
control,lexical,10,grain free training treats for dogs,0.0,1.0,0.0,10,0,10,0,grain,2451
control,lexical,10,grain free treats,0.0,1.0,0.0,10,0,10,0,grain,9238
control,lexical,10,grain free treats for dogs,0.0,1.0,0.0,10,0,10,0,grain,12609
control,lexical,10,grain free weight control dog food,0.4,0.4,0.2,10,4,4,2,grain,970
control,lexical,10,grain free weight management dog food,0.2,0.7,0.1,10,2,7,1,grain,1758
control,lexical,10,grain free wet,0.0,1.0,0.0,10,0,10,0,grain,4438
control,lexical,10,grain free wet cat food,0.0,1.0,0.0,10,0,10,0,grain,162972
control,lexical,10,grain free wet cat food gravy,0.0,1.0,0.0,10,0,10,0,grain,2407
control,lexical,10,grain free wet cat food in gravy,0.0,1.0,0.0,10,0,10,0,grain,1303
control,lexical,10,grain free wet cat food pate,0.0,1.0,0.0,10,0,10,0,grain,5664
control,lexical,10,grain free wet dog food,0.0,1.0,0.0,10,0,10,0,grain,60526
control,lexical,10,grain free wet food,0.0,1.0,0.0,10,0,10,0,grain,2504
control,lexical,10,grain free wet food cat,0.0,1.0,0.0,10,0,10,0,grain,1388
control,lexical,10,grain free wet kitten food,0.0,1.0,0.0,10,0,10,0,grain,3865
control,lexical,10,grain-free cat food,0.0,1.0,0.0,10,0,10,0,grain,11965
control,lexical,10,grain-free cat food 5.5 oz,0.0,1.0,0.0,10,0,10,0,grain,1346
control,lexical,10,grain-free cat treats,0.0,1.0,0.0,10,0,10,0,grain,4411
control,lexical,10,grain-free dog food,0.0,1.0,0.0,10,0,10,0,grain,6389
control,lexical,10,grain-free dry cat food,0.0,1.0,0.0,10,0,10,0,grain,2485
control,lexical,10,grain-free dry dog food,0.0,1.0,0.0,10,0,10,0,grain,3951
control,lexical,10,grain-free kitten food,0.1,0.9,0.0,10,1,9,0,grain,1368
control,lexical,10,grain-free puppy food,0.0,1.0,0.0,10,0,10,0,grain,3839
control,lexical,10,grainfree,0.0,1.0,0.0,10,0,10,0,grain,1016
control,lexical,10,grainfree dog food,0.0,1.0,0.0,10,0,10,0,grain,8254
control,lexical,10,grainfree dry,0.0,1.0,0.0,10,0,10,0,grain,4253
control,lexical,10,grainfree dry cat food,0.0,1.0,0.0,10,0,10,0,grain,2854
control,lexical,10,grainfree wet dog food,0.0,1.0,0.0,10,0,10,0,grain,1120
control,lexical,10,greenies grain free,0.3,0.7,0.0,10,3,7,0,grain,2143
control,lexical,10,greenies grain free dental treats for dogs,1.0,0.0,0.0,1,1,0,0,grain,3043
control,lexical,10,halti no pull harness,0.5,0.5,0.0,10,5,5,0,pull,16145
control,lexical,10,halti nylon padded no pull dog headcollar,1.0,0.0,0.0,2,2,0,0,pull,3333
control,lexical,10,harness for large dog no pull,0.4,0.6,0.0,10,4,6,0,pull,21244
control,lexical,10,harness for medium dog no pull,0.6,0.4,0.0,10,6,4,0,pull,3986
control,lexical,10,harness for small dog no pull,0.5,0.5,0.0,10,5,5,0,pull,4085
control,lexical,10,harness no pull,0.3,0.7,0.0,10,3,7,0,pull,8042
control,lexical,10,hide free,1.0,0.0,0.0,10,10,0,0,hide,3326
control,lexical,10,hide free chews,0.7,0.3,0.0,10,7,3,0,hide,2987
control,lexical,10,hide free chicken recipe sticks,0.8,0.2,0.0,10,8,2,0,hide,4091
control,lexical,10,hide free dog chews,0.9,0.1,0.0,10,9,1,0,hide,7175
control,lexical,10,high protein grain free cat food,0.0,1.0,0.0,10,0,10,0,grain,2873
control,lexical,10,high protein grain free dog food,0.0,1.0,0.0,10,0,10,0,grain,2240
control,lexical,10,hills grain free,0.4,0.6,0.0,10,4,6,0,grain,1934
control,lexical,10,hills grain free dog food,0.3,0.4,0.3,10,3,4,3,grain,1614
control,lexical,10,hills grain free dog treats,0.8,0.1,0.1,10,8,1,1,grain,1039
control,lexical,10,hills grain free soft baked naturals,0.3,0.7,0.0,10,3,7,0,grain,2698
control,lexical,10,hills science diet grain free,0.4,0.6,0.0,10,4,6,0,grain,2229
control,lexical,10,hills science diet no corn,0.0,0.7,0.3,10,0,7,3,corn,1007
control,lexical,10,hills science grain free,0.3,0.7,0.0,10,3,7,0,grain,1458
control,lexical,10,honest kitchen beef grain free,0.5,0.5,0.0,10,5,5,0,grain,1152
control,lexical,10,honest kitchen dehydrated dog food grain free,0.2,0.8,0.0,10,2,8,0,grain,1269
control,lexical,10,honest kitchen grain free,0.3,0.7,0.0,10,3,7,0,grain,3478
control,lexical,10,honest kitchen grain free beef,0.5,0.5,0.0,10,5,5,0,grain,6296
control,lexical,10,honest kitchen grain free dehydrated dog food,0.2,0.8,0.0,10,2,8,0,grain,1714
control,lexical,10,honest kitchen grain free dog food,0.1,0.9,0.0,10,1,9,0,grain,4178
control,lexical,10,horse fly mask without ears,0.7,0.3,0.0,10,7,3,0,ears,5781
control,lexical,10,iams grain free cat food,0.0,1.0,0.0,10,0,10,0,grain,2047
control,lexical,10,instinct grain free,0.0,1.0,0.0,10,0,10,0,grain,1055
control,lexical,10,instinct raw meals real beef recipe grain-free adult freeze-dried dog food 25-oz bag,0.0,1.0,0.0,1,0,1,0,grain,1048
control,lexical,10,iodine free cat food,0.0,0.0,1.0,8,0,0,8,iodine,3331
control,lexical,10,jinx grain free,0.0,1.0,0.0,10,0,10,0,grain,1000
control,lexical,10,jinx grain free dog food,0.0,1.0,0.0,10,0,10,0,grain,2938
control,lexical,10,kaytee no mess,0.0,1.0,0.0,5,0,5,0,mess,992
control,lexical,10,kaytee no mess blend wild bird food,0.3,0.5,0.2,10,3,5,2,mess,2512
control,lexical,10,kaytee wild bird food no mess,0.2,0.4,0.4,10,2,4,4,mess,998
control,lexical,10,kitten dry food grain free,0.0,1.0,0.0,10,0,10,0,grain,10184
control,lexical,10,kitten food grain free,0.1,0.9,0.0,10,1,9,0,grain,6119
control,lexical,10,kitten grain free,0.0,1.0,0.0,10,0,10,0,grain,2322
control,lexical,10,kitten grain free wet food,0.1,0.9,0.0,10,1,9,0,grain,1749
control,lexical,10,kitten wet food grain free,0.1,0.9,0.0,10,1,9,0,grain,7774
control,lexical,10,kitten wet grain free food,0.1,0.9,0.0,10,1,9,0,grain,993
control,lexical,10,kitty litter non clumping,0.2,0.8,0.0,10,2,8,0,clumping,6396
control,lexical,10,lamb grain free dog food,0.0,1.0,0.0,10,0,10,0,grain,2809
control,lexical,10,large breed grain free dog food,0.0,1.0,0.0,10,0,10,0,grain,1263
control,lexical,10,large breed puppy food grain free,0.4,0.6,0.0,10,4,6,0,grain,1963
control,lexical,10,large breed puppy food no chicken,1.0,0.0,0.0,10,10,0,0,chicken,1134
control,lexical,10,large dog bones rawhide free,0.3,0.6,0.1,10,3,6,1,rawhide,6861
control,lexical,10,large dog harness no pull,0.7,0.3,0.0,10,7,3,0,pull,8655
control,lexical,10,legume free dog food,0.8333333333333334,0.16666666666666666,0.0,6,5,1,0,legume,7084
control,lexical,10,lickable cat treats grain free,0.0,1.0,0.0,10,0,10,0,grain,1128
control,lexical,10,licks pill free,1.0,0.0,0.0,10,10,0,0,pill,2506
control,lexical,10,limited ingredient grain free dog food,0.0,1.0,0.0,10,0,10,0,grain,2088
control,lexical,10,litter dust free,0.5,0.5,0.0,10,5,5,0,dust,3928
control,lexical,10,litter no dust,0.2,0.7,0.1,10,2,7,1,dust,2280
control,lexical,10,litter non clumping,1.0,0.0,0.0,10,10,0,0,non clumping,4359
control,lexical,10,low fat grain free dog food,1.0,0.0,0.0,10,10,0,0,"grain, fat",1870
control,lexical,10,merrick grain free,0.0,1.0,0.0,10,0,10,0,grain,4055
control,lexical,10,merrick grain free dry dog food,0.0,1.0,0.0,10,0,10,0,grain,6428
control,lexical,10,merrick lil plates grain free dog food,0.0,1.0,0.0,10,0,10,0,grain,3343
control,lexical,10,mess free bird seed,0.0,0.3,0.7,10,0,3,7,mess,1049
control,lexical,10,mess free water bowl,0.0,1.0,0.0,10,0,10,0,mess,4645
control,lexical,10,natural farm odor-free bully sticks,0.1,0.9,0.0,10,1,9,0,odor,4570
control,lexical,10,nature's recipe grain free,0.1,0.9,0.0,10,1,9,0,grain,2587
control,lexical,10,natures logic grain free,0.0,1.0,0.0,10,0,10,0,grain,972
control,lexical,10,natures recipe grain free,0.1,0.9,0.0,10,1,9,0,grain,6270
control,lexical,10,natures recipe grain free dog food,0.2,0.8,0.0,10,2,8,0,grain,5311
control,lexical,10,natures recipe grain free dry dog food,0.3,0.7,0.0,10,3,7,0,grain,12075
control,lexical,10,natures recipe grain free wet dog food,0.1,0.9,0.0,10,1,9,0,grain,1012
control,lexical,10,no bark,0.8,0.2,0.0,10,8,2,0,bark,10077
control,lexical,10,no bark collar,0.0,1.0,0.0,10,0,10,0,pull,20454
control,lexical,10,no bark collars,1.0,0.0,0.0,10,10,0,0,no bark,7969
control,lexical,10,no cat pee,0.5,0.5,0.0,10,5,5,0,cat pee,1215
control,lexical,10,no chew,1.0,0.0,0.0,10,10,0,0,chew,7596
control,lexical,10,no chew dog bed,1.0,0.0,0.0,10,10,0,0,chew,3301
control,lexical,10,no chew spray for cats,0.2,0.8,0.0,10,2,8,0,chew,4073
control,lexical,10,no chew spray for dogs,0.1,0.9,0.0,10,1,9,0,chew,35353
control,lexical,10,no chicken,1.0,0.0,0.0,10,10,0,0,chicken,2318
control,lexical,10,no chicken cat food,1.0,0.0,0.0,10,10,0,0,chicken,4707
control,lexical,10,no chicken dog food,1.0,0.0,0.0,10,10,0,0,chicken,32850
control,lexical,10,no chicken dog treats,1.0,0.0,0.0,10,10,0,0,chicken,4769
control,lexical,10,no chicken dry dog food,1.0,0.0,0.0,10,10,0,0,chicken,1204
control,lexical,10,no chicken puppy food,1.0,0.0,0.0,10,10,0,0,chicken,2040
control,lexical,10,no chicken treats,1.0,0.0,0.0,10,10,0,0,chicken,2185
control,lexical,10,no chicken wet dog food,1.0,0.0,0.0,10,10,0,0,chicken,5034
control,lexical,10,no clump litter,1.0,0.0,0.0,10,10,0,0,clump,3211
control,lexical,10,no corn dog food,0.1,0.7,0.2,10,1,7,2,corn,2939
control,lexical,10,no dust cat litter,0.4,0.5,0.1,10,4,5,1,dust,9502
control,lexical,10,no dust clumping cat litter,0.4,0.3,0.3,10,4,3,3,dust,6710
control,lexical,10,no dust litter,0.3,0.6,0.1,10,3,6,1,dust,2340
control,lexical,10,no eat poop,0.4,0.6,0.0,10,4,6,0,poop,2705
control,lexical,10,no escape dog harness,0.0,1.0,0.0,10,0,10,0,pull,11770
control,lexical,10,no escape harness,0.0,1.0,0.0,10,0,10,0,pull,3530
control,lexical,10,no fat dog treats,0.1,0.9,0.0,10,1,9,0,fat,2796
control,lexical,10,no flap ear wrap,0.0,0.8,0.2,10,0,8,2,pull,18080
control,lexical,10,no grain cat food,0.0,1.0,0.0,10,0,10,0,grain,5782
control,lexical,10,no grain dog food,0.5,0.5,0.0,10,5,5,0,grain,15780
control,lexical,10,no grain dog treats,0.0,1.0,0.0,10,0,10,0,grain,1637
control,lexical,10,no grain dry cat food,0.0,1.0,0.0,10,0,10,0,grain,3032
control,lexical,10,no grain wet cat food,0.0,1.0,0.0,10,0,10,0,grain,4489
control,lexical,10,no grow bird seed,0.1,0.6,0.3,10,1,6,3,grow,2780
control,lexical,10,no hide,0.4,0.6,0.0,10,4,6,0,hide,67837
control,lexical,10,no hide bone,0.5,0.4,0.1,10,5,4,1,hide,1796
control,lexical,10,no hide bones,0.5,0.5,0.0,10,5,5,0,hide,13773
control,lexical,10,no hide chew,0.2,0.8,0.0,10,2,8,0,hide,1036
control,lexical,10,no hide chews,0.2,0.8,0.0,10,2,8,0,hide,147107
control,lexical,10,no hide chews earth animal,0.0,1.0,0.0,10,0,10,0,hide,70100
control,lexical,10,no hide chews large,0.3,0.7,0.0,10,3,7,0,hide,3727
control,lexical,10,no hide chews medium,0.0,1.0,0.0,10,0,10,0,hide,1253
control,lexical,10,no hide chews small,0.4,0.6,0.0,10,4,6,0,hide,1325
control,lexical,10,no hide dog chews,0.2,0.8,0.0,10,2,8,0,hide,4859
control,lexical,10,no hide dog chews 4 inch,0.6,0.2,0.2,5,3,1,1,hide,1845
control,lexical,10,no hide dog chews medium,0.0,1.0,0.0,10,0,10,0,hide,2123
control,lexical,10,no hide dog chews small,0.4,0.6,0.0,10,4,6,0,hide,2663
control,lexical,10,no hide large,0.6,0.4,0.0,10,6,4,0,hide,3009
control,lexical,10,no hide large rolls,0.1,0.9,0.0,10,1,9,0,hide,1346
control,lexical,10,no hide medium,0.6,0.4,0.0,10,6,4,0,hide,1886
control,lexical,10,no hide medium rolls,0.0,1.0,0.0,10,0,10,0,hide,2357
control,lexical,10,no hide peanut butter,0.1,0.9,0.0,10,1,9,0,hide,1187
control,lexical,10,no hide pumpkin,0.75,0.25,0.0,4,3,1,0,hide,1310
control,lexical,10,no hide raw hide,0.4,0.6,0.0,10,4,6,0,rawhide,2210
control,lexical,10,no hide rawhide,0.8,0.2,0.0,10,8,2,0,rawhide,2269
control,lexical,10,no hide rolls,0.0,1.0,0.0,10,0,10,0,hide,1612
control,lexical,10,no hide salmon,0.3,0.7,0.0,10,3,7,0,hide,2174
control,lexical,10,no hide small rolls,0.1,0.9,0.0,10,1,9,0,hide,1257
control,lexical,10,no hide sticks,0.2,0.8,0.0,10,2,8,0,hide,2520
control,lexical,10,no hide stix,0.3,0.7,0.0,10,3,7,0,hide,7433
control,lexical,10,no hide strips,0.0,1.0,0.0,10,0,10,0,hide,3815
control,lexical,10,no hide venison,0.1,0.9,0.0,10,1,9,0,hide,1136
control,lexical,10,no hides,0.4,0.6,0.0,10,4,6,0,hides,2331
control,lexical,10,no holes,0.875,0.125,0.0,8,7,1,0,holes,2104
control,lexical,10,no lick,1.0,0.0,0.0,10,10,0,0,lick,1801
control,lexical,10,no melt suet,1.0,0.0,0.0,10,10,0,0,no melt,2781
control,lexical,10,no melt suet cakes for birds,0.0,0.8,0.2,10,0,8,2,melt,3006
control,lexical,10,no melt suet cakes for wild birds,0.0,0.6,0.4,10,0,6,4,melt,1040
control,lexical,10,no mess bird feeder,0.2,0.8,0.0,10,2,8,0,mess,2078
control,lexical,10,no mess bird food,0.1,0.9,0.0,10,1,9,0,mess,1778
control,lexical,10,no mess bird seed,0.1,0.7,0.2,10,1,7,2,mess,10066
control,lexical,10,no mess water bowl,0.1,0.7,0.2,10,1,7,2,mess,4197
control,lexical,10,no mess wild bird food,0.0,0.7,0.3,10,0,7,3,mess,2594
control,lexical,10,no mess wild bird seed,0.0,0.6,0.4,10,0,6,4,mess,22655
control,lexical,10,no millet bird seed,1.0,0.0,0.0,10,10,0,0,millet,1078
control,lexical,10,no odor bully sticks,0.1,0.9,0.0,10,1,9,0,odor,4474
control,lexical,10,no pee,1.0,0.0,0.0,10,10,0,0,pee,2549
control,lexical,10,no poo,1.0,0.0,0.0,10,10,0,0,poo,5242
control,lexical,10,no poo chews,0.7,0.3,0.0,10,7,3,0,poo,3342
control,lexical,10,no poo chews for dogs,0.6,0.4,0.0,10,6,4,0,poo,4691
control,lexical,10,no poop,1.0,0.0,0.0,10,10,0,0,poop,3632
control,lexical,10,no poop chews,0.8,0.2,0.0,10,8,2,0,poop,31892
control,lexical,10,no poop eating,0.4,0.5,0.1,10,4,5,1,poop eating,16984
control,lexical,10,no poultry dog food,0.9,0.1,0.0,10,9,1,0,poultry,1345
control,lexical,10,no pull,0.1,0.9,0.0,10,1,9,0,pull,9044
control,lexical,10,no pull collar,0.8,0.2,0.0,10,8,2,0,pull,20932
control,lexical,10,no pull collar for dogs,0.3,0.7,0.0,10,3,7,0,pull,3540
control,lexical,10,no pull collars,0.6,0.4,0.0,10,6,4,0,pull,1721
control,lexical,10,no pull dog collar,0.4,0.5,0.1,10,4,5,1,pull,5502
control,lexical,10,no pull dog harness,0.1,0.9,0.0,10,1,9,0,pull,32134
control,lexical,10,no pull dog harnesses,0.1,0.9,0.0,10,1,9,0,pull,211607
control,lexical,10,no pull dog leash,0.1,0.9,0.0,10,1,9,0,pull,4200
control,lexical,10,no pull harness,0.1,0.9,0.0,10,1,9,0,pull,54525
control,lexical,10,no pull harness for dogs,0.0,1.0,0.0,10,0,10,0,pull,114468
control,lexical,10,no pull harness for large dog,0.0,1.0,0.0,10,0,10,0,pull,1918
control,lexical,10,no pull harness for large dogs,0.0,1.0,0.0,10,0,10,0,pull,24205
control,lexical,10,no pull harness for medium dog,0.0,1.0,0.0,10,0,10,0,pull,8720
control,lexical,10,no pull harness for small dog,0.0,1.0,0.0,10,0,10,0,pull,13902
control,lexical,10,no pull harnesses,0.2,0.8,0.0,10,2,8,0,pull,1272
control,lexical,10,no pull head collar,0.6,0.4,0.0,10,6,4,0,pull,2574
control,lexical,10,no pull leash,0.4,0.6,0.0,10,4,6,0,pull,21703
control,lexical,10,no pull training collar,0.6,0.4,0.0,10,6,4,0,pull,1134
control,lexical,10,no rawhide,0.4,0.6,0.0,10,4,6,0,rawhide,2332
control,lexical,10,no rawhide bones,0.6,0.4,0.0,10,6,4,0,rawhide,12951
control,lexical,10,no rawhide chews,0.0,1.0,0.0,10,0,10,0,rawhide,2715
control,lexical,10,no rawhide dog chews,0.0,1.0,0.0,10,0,10,0,rawhide,35562
control,lexical,10,no rawhide treats,0.3,0.7,0.0,10,3,7,0,rawhide,4068
control,lexical,10,no scoot for dogs,1.0,0.0,0.0,10,10,0,0,scoot,25922
control,lexical,10,no scratch,1.0,0.0,0.0,10,10,0,0,scratch,3930
control,lexical,10,no scratch spray,0.7,0.2,0.1,10,7,2,1,scratch,7315
control,lexical,10,no scratch spray for cats,0.375,0.5,0.125,8,3,4,1,scratch,1019
control,lexical,10,no shock bark collar,0.8,0.2,0.0,10,8,2,0,shock,12886
control,lexical,10,no shock collar,0.8,0.2,0.0,10,8,2,0,shock,1007
control,lexical,10,no shock dog collar,0.9,0.1,0.0,10,9,1,0,shock,1356
control,lexical,10,no shock training collar,0.9,0.1,0.0,10,9,1,0,shock,7048
control,lexical,10,no slip collar,0.0,1.0,0.0,10,0,10,0,pull,1199
control,lexical,10,no slip dog collar,0.7,0.3,0.0,10,7,3,0,pull,2153
control,lexical,10,no slip dog socks,0.0,1.0,0.0,10,0,10,0,pull,3399
control,lexical,10,no slip harness,0.4,0.6,0.0,10,4,6,0,pull,2053
control,lexical,10,no spill dog bowl,0.8,0.2,0.0,10,8,2,0,spill,4573
control,lexical,10,no spill dog water bowl,0.3,0.6,0.1,10,3,6,1,spill,28061
control,lexical,10,no spill water bowl,0.7,0.2,0.1,10,7,2,1,spill,30994
control,lexical,10,no splash water bowl,0.0,1.0,0.0,10,0,10,0,pull,3317
control,lexical,10,no spray cat,1.0,0.0,0.0,10,10,0,0,spray,2497
control,lexical,10,no squeak dog toy,1.0,0.0,0.0,10,10,0,0,squeak,990
control,lexical,10,no squeak dog toys,0.9,0.1,0.0,10,9,1,0,squeak,40129
control,lexical,10,no squirrel bird seed,0.7,0.3,0.0,10,7,3,0,squirrel,5398
control,lexical,10,no stuffing,0.3,0.7,0.0,10,3,7,0,stuffing,2020
control,lexical,10,no stuffing dog toy,0.0,1.0,0.0,10,0,10,0,stuffing,8094
control,lexical,10,no stuffing dog toys,0.0,1.0,0.0,10,0,10,0,stuffing,97772
control,lexical,10,no stuffing toy,0.0,1.0,0.0,10,0,10,0,stuffing,3277
control,lexical,10,no stuffing toys,0.0,1.0,0.0,10,0,10,0,stuffing,5673
control,lexical,10,no sugar dog treats,0.2,0.0,0.8,10,2,0,8,sugar,1361
control,lexical,10,no sugar horse treats,0.4,0.6,0.0,10,4,6,0,sugar,1315
control,lexical,10,no tangle leash,0.2,0.8,0.0,5,1,4,0,pull,1186
control,lexical,10,no tip dog bowl,0.0,1.0,0.0,10,0,10,0,pull,1033
control,lexical,10,no tip water bowl,0.3,0.6,0.1,10,3,6,1,tip,6005
control,lexical,10,no toot,1.0,0.0,0.0,4,4,0,0,toot,1991
control,lexical,10,no track cat litter,0.8,0.2,0.0,10,8,2,0,track,1419
control,lexical,10,no tracking cat litter,0.8,0.2,0.0,10,8,2,0,tracking,13088
control,lexical,10,no tracking litter,0.9,0.1,0.0,10,9,1,0,tracking,1397
control,lexical,10,no waste bird food,0.1,0.9,0.0,10,1,9,0,waste,2152
control,lexical,10,no waste bird seed,0.0,0.8,0.2,10,0,8,2,waste,9270
control,lexical,10,no waste wild bird food,0.1,0.9,0.0,10,1,9,0,waste,2693
control,lexical,10,no waste wild bird seed,0.1,0.5,0.4,10,1,5,4,waste,24563
control,lexical,10,no zip stroller,0.2,0.8,0.0,10,2,8,0,zip,1518
control,lexical,10,non absorbent cat litter,0.3,0.2,0.5,10,3,2,5,non absorbent,1507
control,lexical,10,non chew dog bed,0.0,1.0,0.0,6,0,6,0,chew,995
control,lexical,10,non chicken dog food,1.0,0.0,0.0,10,10,0,0,chicken,3858
control,lexical,10,non chicken dog treats,0.3,0.2,0.5,10,3,2,5,chicken,1718
control,lexical,10,non clay cat litter,0.2,0.6,0.2,10,2,6,2,clay,5979
control,lexical,10,non clay litter,1.0,0.0,0.0,10,10,0,0,clay,2271
control,lexical,10,non clumping,0.1,0.9,0.0,10,1,9,0,clumping,1334
control,lexical,10,non clumping cat litter,1.0,0.0,0.0,10,10,0,0,non clumping,121355
control,lexical,10,non clumping kitty litter,0.8,0.2,0.0,10,8,2,0,non clumping,1510
control,lexical,10,non clumping unscented cat litter,1.0,0.0,0.0,10,10,0,0,"non clumping unscented cat litter

the user is actually looking for cat litter",11479
control,lexical,10,non gmo,0.0,1.0,0.0,10,0,10,0,gmo,1156
control,lexical,10,non gmo cat food,0.0,1.0,0.0,10,0,10,0,gmo,2288
control,lexical,10,non gmo chicken feed,0.0,1.0,0.0,10,0,10,0,gmo,16510
control,lexical,10,non gmo dog food,0.0,1.0,0.0,10,0,10,0,gmo,11060
control,lexical,10,non gmo dog treats,0.7,0.1,0.2,10,7,1,2,non gmo,994
control,lexical,10,non gmo wet dog food,0.0,1.0,0.0,10,0,10,0,gmo,1029
control,lexical,10,non grain dog food,0.0,1.0,0.0,10,0,10,0,grain,1089
control,lexical,10,non kibble dog food,1.0,0.0,0.0,10,10,0,0,kibble,1761
control,lexical,10,non prescription flea medicine,0.2,0.5,0.3,10,2,5,3,non prescription,1077
control,lexical,10,non prescription flea meds,0.3,0.7,0.0,10,3,7,0,non prescription,1229
control,lexical,10,non prescription pain meds for dogs,0.0,1.0,0.0,4,0,4,0,prescription,3980
control,lexical,10,non pull harness,0.4,0.6,0.0,10,4,6,0,pull,5327
control,lexical,10,non raw hide,0.1,0.9,0.0,10,1,9,0,rawhide,1225
control,lexical,10,non rawhide,0.2,0.8,0.0,10,2,8,0,rawhide,1020
control,lexical,10,non rawhide bones,0.1,0.8,0.1,10,1,8,1,rawhide,18977
control,lexical,10,non rawhide chews,0.0,1.0,0.0,10,0,10,0,rawhide,10766
control,lexical,10,non rawhide dog chews,0.0,1.0,0.0,10,0,10,0,rawhide,70094
control,lexical,10,non rawhide dog treats,0.1,0.9,0.0,10,1,9,0,rawhide,2882
control,lexical,10,non scented litter,0.9,0.0,0.1,10,9,0,1,scented,1755
control,lexical,10,non squeaky dog toys,0.0,0.0,1.0,1,0,0,1,squeaky,17562
control,lexical,10,non stuffed dog toys,0.0,1.0,0.0,5,0,5,0,stuffed,6207
control,lexical,10,non tip water bowl,0.1,0.6,0.3,10,1,6,3,tip,6861
control,lexical,10,non toxic cat litter,0.0,1.0,0.0,3,0,3,0,toxic,1267
control,lexical,10,non tracking cat litter,0.1,0.4,0.5,10,1,4,5,tracking,18311
control,lexical,10,non tracking litter,0.6,0.3,0.1,10,6,3,1,tracking,3003
control,lexical,10,non-gmo dog food,0.0,1.0,0.0,10,0,10,0,gmo,3007
control,lexical,10,nulo grain free,0.0,1.0,0.0,10,0,10,0,grain,4152
control,lexical,10,nutrish dog food grain free,0.2,0.8,0.0,10,2,8,0,grain,1003
control,lexical,10,nutrish grain free dog food,0.3,0.7,0.0,10,3,7,0,grain,4382
control,lexical,10,nutro grain free,0.1,0.9,0.0,10,1,9,0,grain,2591
control,lexical,10,nutro grain free dog food,0.0,1.0,0.0,10,0,10,0,grain,4841
control,lexical,10,odor free bully stick,0.2,0.8,0.0,10,2,8,0,odor,1494
control,lexical,10,odor free bully sticks,0.2,0.7,0.1,10,2,7,1,odor,9025
control,lexical,10,odor free bully sticks for dogs,0.0,1.0,0.0,10,0,10,0,odor,27702
control,lexical,10,open farm grain free,0.0,1.0,0.0,10,0,10,0,grain,1704
control,lexical,10,open farm grain free dog food,0.2,0.7,0.1,10,2,7,1,grain,2175
control,lexical,10,organic chicken feed soy free,0.0,1.0,0.0,10,0,10,0,soy,1525
control,lexical,10,organic grain free cat treats,0.3,0.5,0.2,10,3,5,2,grain,2085
control,lexical,10,organic non gmo chicken feed,1.0,0.0,0.0,10,10,0,0,non gmo,1154
control,lexical,10,organic soy free chicken feed,0.0,1.0,0.0,10,0,10,0,soy,2338
control,lexical,10,origin grain free dog,0.4,0.6,0.0,10,4,6,0,grain,5901
control,lexical,10,origin grain free puppy,0.3,0.7,0.0,10,3,7,0,grain,3607
control,lexical,10,orijen grain free,0.1,0.9,0.0,10,1,9,0,grain,1665
control,lexical,10,orijen grain free cat,0.0,1.0,0.0,10,0,10,0,grain,1533
control,lexical,10,orijen grain free dog,0.1,0.9,0.0,10,1,9,0,grain,2373
control,lexical,10,orijen grain free dog food,0.2,0.8,0.0,10,2,8,0,grain,2503
control,lexical,10,orijen grain free puppy,0.4,0.6,0.0,10,4,6,0,grain,2493
control,lexical,10,orijen grain free treats,0.1,0.9,0.0,10,1,9,0,grain,1785
control,lexical,10,pate grain free cat food,0.0,1.0,0.0,10,0,10,0,grain,1105
control,lexical,10,pea free dog food,1.0,0.0,0.0,10,10,0,0,pea,5939
control,lexical,10,pet safe easy walk no pull harness,0.6666666666666666,0.3333333333333333,0.0,3,2,1,0,pull,1953
control,lexical,10,pigeon feed no corn,0.6,0.3,0.1,10,6,3,1,corn,3687
control,lexical,10,pigeon food no corn,0.7,0.3,0.0,10,7,3,0,corn,1756
control,lexical,10,pork chomps rawhide free,0.0,1.0,0.0,10,0,10,0,rawhide,129324
control,lexical,10,pork chomps rawhide free dog bones,0.0,1.0,0.0,10,0,10,0,rawhide,3737
control,lexical,10,poultry free,0.9,0.1,0.0,10,9,1,0,poultry,2348
control,lexical,10,poultry free cat food,1.0,0.0,0.0,10,10,0,0,poultry,1975
control,lexical,10,poultry free dog food,1.0,0.0,0.0,10,10,0,0,poultry,17789
control,lexical,10,poultry free dog treats,1.0,0.0,0.0,10,10,0,0,poultry,1753
control,lexical,10,poultry free wet dog food,1.0,0.0,0.0,10,10,0,0,poultry,1701
control,lexical,10,pro plan grain free,0.0,1.0,0.0,10,0,10,0,grain,1681
control,lexical,10,protein free dog treats,1.0,0.0,0.0,10,10,0,0,protein,5096
control,lexical,10,puppy food chicken free,1.0,0.0,0.0,10,10,0,0,chicken,1032
control,lexical,10,puppy food grain free,0.0,1.0,0.0,10,0,10,0,grain,7002
control,lexical,10,puppy food no chicken,1.0,0.0,0.0,10,10,0,0,chicken,2518
control,lexical,10,puppy food with no chicken,1.0,0.0,0.0,10,10,0,0,chicken,1040
control,lexical,10,puppy food without chicken,1.0,0.0,0.0,10,10,0,0,chicken,1606
control,lexical,10,puppy grain free,0.0,1.0,0.0,10,0,10,0,grain,1298
control,lexical,10,puppy grain free food,0.2,0.8,0.0,10,2,8,0,grain,1140
control,lexical,10,pure balance grain free,0.3,0.7,0.0,10,3,7,0,grain,11504
control,lexical,10,purina beneful grain free,0.2,0.8,0.0,10,2,8,0,grain,1945
control,lexical,10,purina beyond grain free cat food,0.0,1.0,0.0,5,0,5,0,grain,8992
control,lexical,10,purina beyond grain free dog food,0.0,0.7777777777777778,0.2222222222222222,9,0,7,2,grain,3884
control,lexical,10,purina beyond grain free dry cat food,0.0,1.0,0.0,5,0,5,0,grain,2080
control,lexical,10,purina cat food grain free,0.0,1.0,0.0,10,0,10,0,grain,5440
control,lexical,10,purina cat grain free,0.1,0.9,0.0,10,1,9,0,grain,1273
control,lexical,10,purina grain free,0.1,0.9,0.0,10,1,9,0,grain,8189
control,lexical,10,purina grain free cat food,0.0,1.0,0.0,10,0,10,0,grain,2326
control,lexical,10,purina grain free dog food,0.0,1.0,0.0,10,0,10,0,grain,3037
control,lexical,10,purina grain free dry cat food,0.0,0.5,0.5,10,0,5,5,grain,19168
control,lexical,10,purina grain free dry dog food,0.9,0.1,0.0,10,9,1,0,grain,8138
control,lexical,10,purina grain free wet cat food,0.0,1.0,0.0,10,0,10,0,grain,7458
control,lexical,10,purina grain free wet dog food,0.0,1.0,0.0,10,0,10,0,grain,2342
control,lexical,10,purina one grain free,0.0,1.0,0.0,10,0,10,0,grain,4066
control,lexical,10,purina one grain free cat food,0.1,0.9,0.0,10,1,9,0,grain,1649
control,lexical,10,purina one grain free dog food,0.6,0.4,0.0,10,6,4,0,grain,5270
control,lexical,10,purina one grain free dry cat food,0.0,0.9,0.1,10,0,9,1,grain,5886
control,lexical,10,purina one grain free wet cat food,0.1,0.9,0.0,10,1,9,0,grain,17042
control,lexical,10,purina one wet cat food grain free,0.1,0.9,0.0,10,1,9,0,grain,1114
control,lexical,10,purina pro plan for cats grain free,0.0,1.0,0.0,10,0,10,0,grain,1589
control,lexical,10,purina pro plan for dogs grain free,0.2,0.8,0.0,10,2,8,0,grain,975
control,lexical,10,purina pro plan grain free,0.0,1.0,0.0,10,0,10,0,grain,7034
control,lexical,10,python no spill,0.6,0.4,0.0,5,3,2,0,spill,5465
control,lexical,10,rachel ray grain free dog food,0.1,0.9,0.0,10,1,9,0,grain,4812
control,lexical,10,raw hide free,0.0,1.0,0.0,10,0,10,0,rawhide,2193
control,lexical,10,raw hide free bones,0.0,1.0,0.0,10,0,10,0,rawhide,3187
control,lexical,10,raw hide free dog bones,0.2,0.7,0.1,10,2,7,1,rawhide,1011
control,lexical,10,raw hide free dog chews,0.0,0.9,0.1,10,0,9,1,rawhide,25587
control,lexical,10,raw hide free large dog chews,0.0,0.7,0.3,10,0,7,3,rawhide,1264
control,lexical,10,rawhide free,0.2,0.8,0.0,10,2,8,0,rawhide,17055
control,lexical,10,rawhide free bones,0.1,0.9,0.0,10,1,9,0,rawhide,6443
control,lexical,10,rawhide free chew,0.1,0.9,0.0,10,1,9,0,rawhide,1282
control,lexical,10,rawhide free chews,0.0,1.0,0.0,10,0,10,0,rawhide,58043
control,lexical,10,rawhide free dog bones,0.2,0.7,0.1,10,2,7,1,rawhide,135517
control,lexical,10,rawhide free dog bones & chews,0.0,0.9,0.1,10,0,9,1,rawhide,1390
control,lexical,10,rawhide free dog bones & chews for large dogs,0.2,0.7,0.1,10,2,7,1,rawhide,4358
control,lexical,10,rawhide free dog bones long lasting,0.1,0.9,0.0,10,1,9,0,rawhide,14868
control,lexical,10,rawhide free dog chews,0.0,0.8,0.2,10,0,8,2,rawhide,6526
control,lexical,10,rawhide free dog chews long lasting,0.0,1.0,0.0,10,0,10,0,rawhide,4471
control,lexical,10,rawhide free dog treats,0.1,0.9,0.0,10,1,9,0,rawhide,29794
control,lexical,10,rawhide free sticks,0.1,0.9,0.0,10,1,9,0,rawhide,2264
control,lexical,10,rawhide free treats,0.0,1.0,0.0,10,0,10,0,rawhide,1840
control,lexical,10,rice free dog food,1.0,0.0,0.0,10,10,0,0,rice,1195
control,lexical,10,royal canin grain free,0.0,1.0,0.0,10,0,10,0,grain,2432
control,lexical,10,salmon dog food grain free,0.0,1.0,0.0,10,0,10,0,grain,975
control,lexical,10,salmon grain free dog food,0.1,0.9,0.0,10,1,9,0,grain,8103
control,lexical,10,salt free dog food,0.0,0.0,1.0,10,0,0,10,salt,1015
control,lexical,10,scent free cat litter,1.0,0.0,0.0,10,10,0,0,scent,2695
control,lexical,10,scent free litter,1.0,0.0,0.0,10,10,0,0,scent,3172
control,lexical,10,science diet grain free,0.0,1.0,0.0,10,0,10,0,grain,4491
control,lexical,10,senior cat food grain free,0.0,1.0,0.0,10,0,10,0,grain,1110
control,lexical,10,senior dog food grain free,0.0,1.0,0.0,10,0,10,0,grain,1394
control,lexical,10,senior grain free dog food,0.0,1.0,0.0,10,0,10,0,grain,4724
control,lexical,10,sheba grain free,0.0,1.0,0.0,10,0,10,0,grain,1917
control,lexical,10,shell free bird seed,0.2,0.2,0.6,10,2,2,6,shell,1278
control,lexical,10,small black stroller no zip,0.6,0.1,0.3,10,6,1,3,zip,1046
control,lexical,10,small breed grain free,0.0,1.0,0.0,10,0,10,0,grain,1509
control,lexical,10,small breed grain free dog food,0.0,1.0,0.0,10,0,10,0,grain,2340
control,lexical,10,small breed grain free dry dog food,0.0,1.0,0.0,10,0,10,0,grain,2354
control,lexical,10,small dog no pull harness,0.0,1.0,0.0,10,0,10,0,pull,1740
control,lexical,10,small no pull harness,0.6,0.4,0.0,10,6,4,0,pull,1148
control,lexical,10,soft grain free dog treats,0.3,0.7,0.0,10,3,7,0,grain,2135
control,lexical,10,soy and corn free chicken feed,0.1,0.9,0.0,10,1,9,0,soy and corn,1287
control,lexical,10,soy free chicken feed,0.1,0.9,0.0,10,1,9,0,soy,11839
control,lexical,10,soy free horse feed,0.1,0.9,0.0,10,1,9,0,soy,5431
control,lexical,10,soy free layer feed,0.1,0.9,0.0,10,1,9,0,soy,1175
control,lexical,10,sporn mesh no pull dog harness,0.0,1.0,0.0,1,0,1,0,pull,7687
control,lexical,10,stella and chewy grain free,0.0,1.0,0.0,10,0,10,0,grain,1117
control,lexical,10,stink free,0.3,0.7,0.0,10,3,7,0,stink,3161
control,lexical,10,stuffing free,0.0,1.0,0.0,10,0,10,0,stuffing,6904
control,lexical,10,stuffing free dog toy,0.0,1.0,0.0,10,0,10,0,stuffing,4687
control,lexical,10,stuffing free dog toys,0.0,1.0,0.0,10,0,10,0,stuffing,142348
control,lexical,10,stuffing free dog toys large,0.0,1.0,0.0,10,0,10,0,stuffing,21225
control,lexical,10,stuffing free dog toys small,0.0,1.0,0.0,10,0,10,0,stuffing,6376
control,lexical,10,stuffing free toy,0.0,1.0,0.0,10,0,10,0,stuffing,2294
control,lexical,10,stuffing free toys,0.0,1.0,0.0,10,0,10,0,stuffing,1123
control,lexical,10,stuffing-free,0.0,1.0,0.0,10,0,10,0,stuffing,1079
control,lexical,10,suet cakes for wild birds no melt,0.0,0.6,0.4,10,0,6,4,melt,7772
control,lexical,10,sugar free,0.1,0.3,0.6,10,1,3,6,sugar,1515
control,lexical,10,sugar free dog treats,0.1,0.0,0.9,10,1,0,9,sugar,9955
control,lexical,10,sugar free horse treats,0.6,0.4,0.0,10,6,4,0,sugar,8411
control,lexical,10,taste of the wild dog food grain free,0.0,1.0,0.0,10,0,10,0,grain,1243
control,lexical,10,taste of the wild grain free,0.0,1.0,0.0,10,0,10,0,grain,2805
control,lexical,10,taste of the wild grain free dog food,0.2,0.8,0.0,10,2,8,0,grain,8357
control,lexical,10,taste of the wild high prairie grain-free dry dog food,0.0,1.0,0.0,2,0,2,0,grain,1435
control,lexical,10,tear free dog shampoo,0.5,0.3,0.2,10,5,3,2,tear,7647
control,lexical,10,the honest kitchen for dogs grain free,0.1,0.9,0.0,10,1,9,0,grain,1325
control,lexical,10,the honest kitchen grain free,0.3,0.7,0.0,10,3,7,0,grain,2403
control,lexical,10,tidy cats free,0.25,0.75,0.0,8,2,6,0,free,1197
control,lexical,10,tidy cats free & clean unscented,1.0,0.0,0.0,2,2,0,0,unscented,999
control,lexical,10,tidy cats free and clean unscented,1.0,0.0,0.0,2,2,0,0,unscented,7587
control,lexical,10,tidy cats non clumping litter for cats,0.5,0.375,0.125,8,4,3,1,non clumping,2835
control,lexical,10,tiny tiger grain free,0.0,1.0,0.0,10,0,10,0,grain,1318
control,lexical,10,toy no stuffing,0.0,1.0,0.0,10,0,10,0,stuffing,1060
control,lexical,10,toys no stuffing,0.0,1.0,0.0,10,0,10,0,stuffing,1635
control,lexical,10,toys with no stuffing,0.0,1.0,0.0,10,0,10,0,stuffing,4057
control,lexical,10,treats for dogs with no teeth,1.0,0.0,0.0,10,10,0,0,teeth,1406
control,lexical,10,tuffy no stuff,0.6,0.4,0.0,10,6,4,0,stuff,1489
control,lexical,10,turkey grain free,0.1,0.9,0.0,10,1,9,0,grain,1309
control,lexical,10,ultra grain free,0.0,1.0,0.0,10,0,10,0,grain,978
control,lexical,10,unscented dust free cat litter,0.2,0.3,0.5,10,2,3,5,"dust, scent",1132
control,lexical,10,unscented dust free clumping cat litter,0.7,0.2,0.1,10,7,2,1,unscented,972
control,lexical,10,unscented dust free litter,0.4,0.6,0.0,10,4,6,0,"unscented
dust",1250
control,lexical,10,unscented non clumping cat litter,1.0,0.0,0.0,10,10,0,0,non clumping,7305
control,lexical,10,vetivex veterinary dehp free lactated ringers electrolyte injection solution 1000-ml,1.0,0.0,0.0,1,1,0,0,dehp,5570
control,lexical,10,victor grain free,0.5,0.5,0.0,10,5,5,0,grain,2601
control,lexical,10,victor grain free dog food,0.4,0.6,0.0,10,4,6,0,grain,5635
control,lexical,10,victor hi-pro plus 30/20 active sporting high protein gluten-free dry dog food,0.0,1.0,0.0,1,0,1,0,gluten,1151
control,lexical,10,wag grain free dog food,0.3,0.7,0.0,10,3,7,0,grain,3193
control,lexical,10,waste free bird seed,0.0,0.6,0.4,10,0,6,4,waste,4797
control,lexical,10,waste free wild bird seed,0.3,0.4,0.3,10,3,4,3,waste,12115
control,lexical,10,water bowl no spill,0.8,0.1,0.1,10,8,1,1,spill,2058
control,lexical,10,weight management dog food no chicken,1.0,0.0,0.0,10,10,0,0,chicken,1021
control,lexical,10,wellness core grain free,0.0,1.0,0.0,10,0,10,0,grain,1527
control,lexical,10,wellness core grain free cat food,0.0,1.0,0.0,10,0,10,0,grain,2510
control,lexical,10,wellness core grain free dog food,0.3,0.7,0.0,10,3,7,0,grain,8637
control,lexical,10,wellness dry dog food grain free,0.0,1.0,0.0,10,0,10,0,grain,2057
control,lexical,10,wellness grain free,0.0,1.0,0.0,10,0,10,0,grain,1617
control,lexical,10,wellness grain free cat food,0.0,1.0,0.0,10,0,10,0,grain,2248
control,lexical,10,wellness grain free dog food,0.1,0.9,0.0,10,1,9,0,grain,4682
control,lexical,10,wet cat food grain free,0.0,1.0,0.0,10,0,10,0,grain,16508
control,lexical,10,wet dog food grain free,0.0,1.0,0.0,10,0,10,0,grain,6455
control,lexical,10,wet dog food no chicken,1.0,0.0,0.0,10,10,0,0,chicken,1981
control,lexical,10,wet dog food without chicken,0.0,0.8,0.2,10,0,8,2,chicken,1194
control,lexical,10,wet grain free cat food,0.0,1.0,0.0,10,0,10,0,grain,4900
control,lexical,10,wet grain free dog food,0.0,1.0,0.0,10,0,10,0,grain,4103
control,lexical,10,wet kitten food grain free,0.0,1.0,0.0,10,0,10,0,grain,2250
control,lexical,10,wheat free cat food,0.0,1.0,0.0,10,0,10,0,wheat,5111
control,lexical,10,wheat free dog food,0.1,0.7,0.2,10,1,7,2,wheat,6961
control,lexical,10,wheat free dog treats,0.0,1.0,0.0,10,0,10,0,wheat,9289
control,lexical,10,wheat free puppy food,0.0,1.0,0.0,10,0,10,0,wheat,4122
control,lexical,10,whole earth farms grain-free,0.8,0.1,0.1,10,8,1,1,grain,5914
control,lexical,10,whole hearted grain free,0.3,0.7,0.0,10,3,7,0,grain,1214
control,lexical,10,wholesome grain free,0.5,0.5,0.0,10,5,5,0,grain,2131
control,lexical,10,wholesomes grain free dog food,0.6,0.4,0.0,10,6,4,0,grain,2158
control,lexical,10,wild bird seed no waste,0.0,0.5,0.5,10,0,5,5,waste,14889
control,lexical,10,yeast free dog food,0.1,0.0,0.9,10,1,0,9,yeast,6961
control,lexical,36,2 hounds design freedom no pull dog harness,0.0,1.0,0.0,1,0,1,0,pull,13268
control,lexical,36,acana grain free,0.05555555555555555,0.9444444444444444,0.0,36,2,34,0,grain,1372
control,lexical,36,acana grain free cat,0.06451612903225806,0.3548387096774194,0.5806451612903226,31,2,11,18,grain,1699
control,lexical,36,acana grain-free food for dogs,0.1111111111111111,0.8888888888888888,0.0,36,4,32,0,grain,3087
control,lexical,36,adjustable no pull harness,0.9444444444444444,0.027777777777777776,0.027777777777777776,36,34,1,1,pull,974
control,lexical,36,aller free,1.0,0.0,0.0,3,3,0,0,aller,974
control,lexical,36,allergy free cat food,0.027777777777777776,0.8611111111111112,0.1111111111111111,36,1,31,4,allergy,1923
control,lexical,36,allergy free dog food,0.08333333333333333,0.8055555555555556,0.1111111111111111,36,3,29,4,allergy,2462
control,lexical,36,allergy free dog treats,0.08333333333333333,0.6111111111111112,0.3055555555555556,36,3,22,11,allergy,4371
control,lexical,36,american journey grain free,0.0,1.0,0.0,36,0,36,0,grain,1049
control,lexical,36,american journey grain free dog food,0.08333333333333333,0.8888888888888888,0.027777777777777776,36,3,32,1,grain,3336
control,lexical,36,audubon park waste free,1.0,0.0,0.0,2,2,0,0,waste free,2251
control,lexical,36,bark collar no shock,0.8055555555555556,0.1111111111111111,0.08333333333333333,36,29,4,3,shock,3859
control,lexical,36,barkworthies odor free bully sticks,0.4444444444444444,0.5277777777777778,0.027777777777777776,36,16,19,1,odor,3939
control,lexical,36,beef dog food grain free,0.0,1.0,0.0,36,0,36,0,grain,1044
control,lexical,36,beef grain free dog food,0.0,1.0,0.0,36,0,36,0,grain,2045
control,lexical,36,beneful grain free,0.0,1.0,0.0,36,0,36,0,grain,1604
control,lexical,36,best bully sticks odor free,0.0,1.0,0.0,36,0,36,0,odor,2943
control,lexical,36,best no pull harness,0.6388888888888888,0.2777777777777778,0.08333333333333333,36,23,10,3,pull,1798
control,lexical,36,beyond dry cat food grain free,0.0,1.0,0.0,5,0,5,0,grain,5250
control,lexical,36,beyond grain free,0.1388888888888889,0.8611111111111112,0.0,36,5,31,0,grain,2372
control,lexical,36,beyond grain free cat food dry,0.0,1.0,0.0,5,0,5,0,grain,3779
control,lexical,36,beyond grain free dry cat food,0.0,1.0,0.0,5,0,5,0,grain,2175
control,lexical,36,beyond grain free wet cat food,0.0,1.0,0.0,2,0,2,0,grain,1433
control,lexical,36,beyond simply grain free cat food,0.0,1.0,0.0,2,0,2,0,grain,3366
control,lexical,36,bird food wild no mess,0.1111111111111111,0.3055555555555556,0.5833333333333334,36,4,11,21,mess,1138
control,lexical,36,bird seed no mess,0.08333333333333333,0.19444444444444445,0.7222222222222222,36,3,7,26,mess,1067
control,lexical,36,bird seed no waste,0.0,0.4166666666666667,0.5833333333333334,36,0,15,21,waste,3357
control,lexical,36,bird seed wild no mess,0.2222222222222222,0.16666666666666666,0.6111111111111112,36,8,6,22,mess,3963
control,lexical,36,bird seed wild no waste,0.027777777777777776,0.6388888888888888,0.3333333333333333,36,1,23,12,waste,16977
control,lexical,36,bird suet cakes no melt,0.1111111111111111,0.3333333333333333,0.5555555555555556,36,4,12,20,melt,3661
control,lexical,36,blue buffalo chicken free,0.8888888888888888,0.1111111111111111,0.0,36,32,4,0,chicken,3208
control,lexical,36,blue buffalo dog food grain free,0.027777777777777776,0.9722222222222222,0.0,36,1,35,0,grain,5564
control,lexical,36,blue buffalo freedom grain free,0.0,1.0,0.0,36,0,36,0,grain,2312
control,lexical,36,blue buffalo grain free,0.0,1.0,0.0,36,0,36,0,grain,6671
control,lexical,36,blue buffalo grain free cat food,0.0,1.0,0.0,36,0,36,0,grain,9576
control,lexical,36,blue buffalo grain free dog food,0.0,1.0,0.0,36,0,36,0,grain,18964
control,lexical,36,blue buffalo grain free dry cat food,0.08333333333333333,0.9166666666666666,0.0,36,3,33,0,grain,1161
control,lexical,36,blue buffalo grain free dry dog food,0.08333333333333333,0.9166666666666666,0.0,36,3,33,0,grain,1574
control,lexical,36,blue buffalo grain free wet cat food,0.0,1.0,0.0,36,0,36,0,grain,1737
control,lexical,36,blue buffalo grain free wet dog food,0.0,1.0,0.0,36,0,36,0,grain,1694
control,lexical,36,blue buffalo no chicken,0.9444444444444444,0.05555555555555555,0.0,36,34,2,0,chicken,1087
control,lexical,36,blue buffalo wet dog food grain free,0.0,1.0,0.0,36,0,36,0,grain,989
control,lexical,36,blue freedom grain free,0.027777777777777776,0.9722222222222222,0.0,36,1,35,0,grain,2100
control,lexical,36,blue grain free,0.0,1.0,0.0,36,0,36,0,grain,1423
control,lexical,36,bones & chews all natural grain-free jerky,0.0,0.25,0.75,36,0,9,27,grain,4977
control,lexical,36,bpa free litter box,0.0,0.0,1.0,36,0,0,36,bpa,1302
control,lexical,36,bully stick odor free,0.027777777777777776,0.9722222222222222,0.0,36,1,35,0,odor,2368
control,lexical,36,bully sticks for dogs odor free,0.0,1.0,0.0,36,0,36,0,odor,4428
control,lexical,36,bully sticks odor free,0.05555555555555555,0.9444444444444444,0.0,36,2,34,0,odor,4104
control,lexical,36,calcium without d3,0.2777777777777778,0.19444444444444445,0.5277777777777778,36,10,7,19,d3,1856
control,lexical,36,canidae grain free,0.25,0.75,0.0,36,9,27,0,grain,4014
control,lexical,36,canidae grain free dog food,0.08333333333333333,0.8055555555555556,0.1111111111111111,36,3,29,4,grain,2888
control,lexical,36,canine naturals hide free,0.2222222222222222,0.7222222222222222,0.05555555555555555,36,8,26,2,hide,7376
control,lexical,36,canned cat food grain free,0.0,1.0,0.0,36,0,36,0,grain,3121
control,lexical,36,canned dog food grain free,0.05555555555555555,0.9444444444444444,0.0,36,2,34,0,grain,5595
control,lexical,36,canned grain free dog food,0.08333333333333333,0.9166666666666666,0.0,36,3,33,0,grain,2676
control,lexical,36,cat collar no bell,1.0,0.0,0.0,36,36,0,0,bell,3873
control,lexical,36,cat dewormer no prescription,0.4722222222222222,0.2222222222222222,0.3055555555555556,36,17,8,11,prescription,23133
control,lexical,36,cat dry food grain free,0.027777777777777776,0.9722222222222222,0.0,36,1,35,0,grain,4630
control,lexical,36,cat food dry grain free,0.027777777777777776,0.9722222222222222,0.0,36,1,35,0,grain,3203
control,lexical,36,cat food grain free,0.05555555555555555,0.9444444444444444,0.0,36,2,34,0,grain,19117
control,lexical,36,cat food no chicken,1.0,0.0,0.0,36,36,0,0,chicken,2783
control,lexical,36,cat food organic grain free,0.08333333333333333,0.8333333333333334,0.08333333333333333,36,3,30,3,grain,4534
control,lexical,36,cat food pate grain free,0.0,1.0,0.0,36,0,36,0,grain,2011
control,lexical,36,cat food wet grain free,0.0,1.0,0.0,36,0,36,0,grain,8309
control,lexical,36,cat food with no additives,0.0,0.0,1.0,6,0,0,6,additives,1600
control,lexical,36,cat grain free pate,0.0,1.0,0.0,36,0,36,0,grain,1150
control,lexical,36,cat kibble grain free,0.3333333333333333,0.6388888888888888,0.027777777777777776,36,12,23,1,grain,2832
control,lexical,36,cat litter dust free,0.1111111111111111,0.19444444444444445,0.6944444444444444,36,4,7,25,dust,10997
control,lexical,36,cat litter fragrance free,0.7222222222222222,0.08333333333333333,0.19444444444444445,36,26,3,7,fragrance,1351
control,lexical,36,cat litter no dust,0.19444444444444445,0.16666666666666666,0.6388888888888888,36,7,6,23,dust,8050
control,lexical,36,cat litter no scent,1.0,0.0,0.0,36,36,0,0,scent,2160
control,lexical,36,cat litter no tracking,0.3055555555555556,0.2222222222222222,0.4722222222222222,36,11,8,17,tracking,3408
control,lexical,36,cat no pee,0.8611111111111112,0.1388888888888889,0.0,36,31,5,0,pee,1037
control,lexical,36,cat no scratch,1.0,0.0,0.0,36,36,0,0,scratch,1427
control,lexical,36,cat toys no catnip,1.0,0.0,0.0,36,36,0,0,catnip,1519
control,lexical,36,cat treats grain free,0.0,1.0,0.0,36,0,36,0,grain,9966
control,lexical,36,cat treats no chicken,1.0,0.0,0.0,36,36,0,0,chicken,1187
control,lexical,36,cat tree no carpet,0.5555555555555556,0.05555555555555555,0.3888888888888889,36,20,2,14,carpet,1496
control,lexical,36,cat wet food grain free,0.0,1.0,0.0,36,0,36,0,grain,9500
control,lexical,36,charlee bear grain free crunch,0.07142857142857142,0.8571428571428571,0.07142857142857142,14,1,12,1,grain,4712
control,lexical,36,chew bones rawhide free,0.19444444444444445,0.8055555555555556,0.0,36,7,29,0,rawhide,1195
control,lexical,36,chew no poo,0.6111111111111112,0.3888888888888889,0.0,36,22,14,0,poo,2280
control,lexical,36,chew no poop,0.6111111111111112,0.3611111111111111,0.027777777777777776,36,22,13,1,poop,2803
control,lexical,36,chews no rawhide,0.2222222222222222,0.7777777777777778,0.0,36,8,28,0,rawhide,8496
control,lexical,36,chick starter feed non medicated,0.55,0.4,0.05,20,11,8,1,medicated,5619
control,lexical,36,chicken and grain free dog food,0.1388888888888889,0.8611111111111112,0.0,36,5,31,0,grain,1266
control,lexical,36,chicken feed non gmo,0.9722222222222222,0.027777777777777776,0.0,36,35,1,0,non gmo,2267
control,lexical,36,chicken feed soy free,0.0,0.6666666666666666,0.3333333333333333,36,0,24,12,soy,1293
control,lexical,36,chicken free,0.8888888888888888,0.1111111111111111,0.0,36,32,4,0,chicken,4487
control,lexical,36,chicken free canned dog food,0.9722222222222222,0.027777777777777776,0.0,36,35,1,0,chicken,1444
control,lexical,36,chicken free cat food,1.0,0.0,0.0,36,36,0,0,chicken,14097
control,lexical,36,chicken free cat treats,1.0,0.0,0.0,36,36,0,0,chicken,6356
control,lexical,36,chicken free dog bones,0.9444444444444444,0.05555555555555555,0.0,36,34,2,0,chicken,968
control,lexical,36,chicken free dog chews,0.9722222222222222,0.027777777777777776,0.0,36,35,1,0,chicken,978
control,lexical,36,chicken free dog food,0.8055555555555556,0.19444444444444445,0.0,36,29,7,0,chicken,38479
control,lexical,36,chicken free dog treat,0.9166666666666666,0.08333333333333333,0.0,36,33,3,0,chicken,1429
control,lexical,36,chicken free dog treats,0.9166666666666666,0.08333333333333333,0.0,36,33,3,0,chicken,68590
control,lexical,36,chicken free dry cat food,1.0,0.0,0.0,36,36,0,0,chicken,3842
control,lexical,36,chicken free dry dog food,0.75,0.25,0.0,36,27,9,0,chicken,124263
control,lexical,36,chicken free dry dog food for sensitive skin,0.19444444444444445,0.5277777777777778,0.2777777777777778,36,7,19,10,chicken,1228
control,lexical,36,chicken free dry puppy food,0.8888888888888888,0.08333333333333333,0.027777777777777776,36,32,3,1,chicken,1272
control,lexical,36,chicken free large breed puppy food,0.9444444444444444,0.027777777777777776,0.027777777777777776,36,34,1,1,chicken,979
control,lexical,36,chicken free pill pockets,0.3888888888888889,0.3611111111111111,0.25,36,14,13,9,chicken,3116
control,lexical,36,chicken free puppy food,0.9722222222222222,0.027777777777777776,0.0,36,35,1,0,chicken,5340
control,lexical,36,chicken free treat,0.9166666666666666,0.08333333333333333,0.0,36,33,3,0,chicken,1329
control,lexical,36,chicken free treats,0.9166666666666666,0.08333333333333333,0.0,36,33,3,0,chicken,3686
control,lexical,36,chicken free weight control,0.8888888888888888,0.05555555555555555,0.05555555555555555,36,32,2,2,chicken,1015
control,lexical,36,chicken free wet cat food,1.0,0.0,0.0,36,36,0,0,chicken,3583
control,lexical,36,chicken free wet dog food,0.9722222222222222,0.027777777777777776,0.0,36,35,1,0,chicken,19833
control,lexical,36,chicken-free cat food,0.6944444444444444,0.05555555555555555,0.25,36,25,2,9,chicken,6561
control,lexical,36,chicken-free dog food,0.2222222222222222,0.5833333333333334,0.19444444444444445,36,8,21,7,chicken,3218
control,lexical,36,chicken-free dry dog food,0.1111111111111111,0.6111111111111112,0.2777777777777778,36,4,22,10,chicken,5068
control,lexical,36,chicken-free wet dog food,0.6388888888888888,0.08333333333333333,0.2777777777777778,36,23,3,10,chicken,3656
control,lexical,36,choke free harness,0.08333333333333333,0.8611111111111112,0.05555555555555555,36,3,31,2,choke,1536
control,lexical,36,churu grain free,0.0,1.0,0.0,36,0,36,0,grain,1142
control,lexical,36,clumping cat litter dust free,0.2222222222222222,0.25,0.5277777777777778,36,8,9,19,dust,7057
control,lexical,36,cockatiel food no sunflower seeds,0.8611111111111112,0.027777777777777776,0.1111111111111111,36,31,1,4,sunflower seeds,3792
control,lexical,36,corn and soy free chicken feed,0.05555555555555555,0.6111111111111112,0.3333333333333333,36,2,22,12,corn and soy,2593
control,lexical,36,corn free chicken feed,0.2777777777777778,0.6944444444444444,0.027777777777777776,36,10,25,1,corn,6014
control,lexical,36,corn free chicken scratch,0.25,0.5555555555555556,0.19444444444444445,36,9,20,7,corn,2220
control,lexical,36,corn free dog food,0.027777777777777776,0.6111111111111112,0.3611111111111111,36,1,22,13,corn,6183
control,lexical,36,corn free dry cat food,0.0,0.8888888888888888,0.1111111111111111,36,0,32,4,corn,1013
control,lexical,36,cough free horse,0.9444444444444444,0.05555555555555555,0.0,36,34,2,0,free,6820
control,lexical,36,country kitchen rawhide free twists,0.0,1.0,0.0,12,0,12,0,rawhide,1202
control,lexical,36,crunchy grain free dog treats,0.05555555555555555,0.9444444444444444,0.0,36,2,34,0,grain,1432
control,lexical,36,delectables non seafood,0.3333333333333333,0.4444444444444444,0.2222222222222222,36,12,16,8,seafood,1668
control,lexical,36,diamond grain free,0.2222222222222222,0.7777777777777778,0.0,36,8,28,0,grain,2150
control,lexical,36,diamond grain free dog food,0.5714285714285714,0.35714285714285715,0.07142857142857142,14,8,5,1,grain,9975
control,lexical,36,diamond natural grain free,0.4166666666666667,0.5833333333333334,0.0,36,15,21,0,grain,2679
control,lexical,36,diamond naturals grain free,0.3611111111111111,0.6388888888888888,0.0,36,13,23,0,grain,4384
control,lexical,36,diamond naturals grain free dog food,0.14285714285714285,0.8571428571428571,0.0,7,1,6,0,grain,4547
control,lexical,36,dog bone rawhide free,0.3055555555555556,0.5555555555555556,0.1388888888888889,36,11,20,5,rawhide,1437
control,lexical,36,dog bones no rawhide,0.3055555555555556,0.5555555555555556,0.1388888888888889,36,11,20,5,rawhide,8198
control,lexical,36,dog bones rawhide free,0.2777777777777778,0.5555555555555556,0.16666666666666666,36,10,20,6,rawhide,22731
control,lexical,36,dog chews rawhide free,0.05555555555555555,0.8055555555555556,0.1388888888888889,36,2,29,5,rawhide,80267
control,lexical,36,dog dry food grain free,0.027777777777777776,0.9722222222222222,0.0,36,1,35,0,grain,2653
control,lexical,36,dog food chicken free,0.8055555555555556,0.19444444444444445,0.0,36,29,7,0,chicken,4370
control,lexical,36,dog food dry grain free,0.08333333333333333,0.9166666666666666,0.0,36,3,33,0,grain,3977
control,lexical,36,dog food grain free,0.0,1.0,0.0,36,0,36,0,grain,27813
control,lexical,36,dog food grain free large breed,0.3055555555555556,0.6944444444444444,0.0,36,11,25,0,grain,5771
control,lexical,36,dog food grain free non-gmo,0.2222222222222222,0.6666666666666666,0.1111111111111111,36,8,24,4,grain,988
control,lexical,36,dog food no chicken,1.0,0.0,0.0,36,36,0,0,chicken,12053
control,lexical,36,dog food no corn,0.05555555555555555,0.3333333333333333,0.6111111111111112,36,2,12,22,corn,1250
control,lexical,36,dog food no grain,0.3333333333333333,0.6666666666666666,0.0,36,12,24,0,grain,2517
control,lexical,36,dog food poultry free,0.9444444444444444,0.0,0.05555555555555555,36,34,0,2,poultry,1332
control,lexical,36,dog food with no chicken,1.0,0.0,0.0,36,36,0,0,chicken,9753
control,lexical,36,dog food without chicken,0.0,0.7419354838709677,0.25806451612903225,31,0,23,8,chicken,11590
control,lexical,36,dog harness large no pull,0.7222222222222222,0.2777777777777778,0.0,36,26,10,0,pull,5076
control,lexical,36,dog harness medium no pull,0.8055555555555556,0.19444444444444445,0.0,36,29,7,0,pull,3091
control,lexical,36,dog harness no escape,0.1111111111111111,0.8333333333333334,0.05555555555555555,36,4,30,2,escape,1062
control,lexical,36,dog harness no pull,0.25,0.75,0.0,36,9,27,0,pull,76414
control,lexical,36,dog no pull harness,0.1111111111111111,0.8888888888888888,0.0,36,4,32,0,pull,9874
control,lexical,36,dog non rawhide chews,0.0,0.9722222222222222,0.027777777777777776,36,0,35,1,rawhide,1730
control,lexical,36,dog rawhide free bones,0.25,0.6111111111111112,0.1388888888888889,36,9,22,5,rawhide,1370
control,lexical,36,dog rawhide free treats,0.05555555555555555,0.8055555555555556,0.1388888888888889,36,2,29,5,rawhide,2749
control,lexical,36,dog stroller no zip,0.0,1.0,0.0,8,0,8,0,zip,1065
control,lexical,36,dog toy no squeak,0.9722222222222222,0.027777777777777776,0.0,36,35,1,0,squeak,1212
control,lexical,36,dog toy no squeaker,1.0,0.0,0.0,36,36,0,0,squeaker,1524
control,lexical,36,dog toy no stuffing,0.027777777777777776,0.9722222222222222,0.0,36,1,35,0,stuffing,10254
control,lexical,36,dog toy stuffing free,0.0,1.0,0.0,36,0,36,0,stuffing,1322
control,lexical,36,dog toys for large dogs no stuffing,0.08333333333333333,0.6944444444444444,0.2222222222222222,36,3,25,8,stuffing,7409
control,lexical,36,dog toys no squeak,0.9722222222222222,0.027777777777777776,0.0,36,35,1,0,squeak,1702
control,lexical,36,dog toys no stuffing,0.027777777777777776,0.9722222222222222,0.0,36,1,35,0,stuffing,28211
control,lexical,36,dog toys small dogs stuffing free,0.027777777777777776,0.6111111111111112,0.3611111111111111,36,1,22,13,stuffing,1156
control,lexical,36,dog toys stuffing free,0.0,1.0,0.0,36,0,36,0,stuffing,2442
control,lexical,36,dog toys with no stuffing,0.027777777777777776,0.9722222222222222,0.0,36,1,35,0,stuffing,7273
control,lexical,36,dog treats chicken free,0.9166666666666666,0.08333333333333333,0.0,36,33,3,0,chicken,1452
control,lexical,36,dog treats for dogs with no teeth,1.0,0.0,0.0,36,36,0,0,teeth,3257
control,lexical,36,dog treats for large dogs grain free,0.0,1.0,0.0,36,0,36,0,grain,1206
control,lexical,36,dog treats grain free,0.027777777777777776,0.9722222222222222,0.0,36,1,35,0,grain,13152
control,lexical,36,dog treats no chicken,1.0,0.0,0.0,36,36,0,0,chicken,4753
control,lexical,36,dog treats no rawhide,0.3611111111111111,0.6388888888888888,0.0,36,13,23,0,rawhide,2246
control,lexical,36,dog treats rawhide free,0.027777777777777776,0.8888888888888888,0.08333333333333333,36,1,32,3,rawhide,3261
control,lexical,36,dog treats with no chicken,1.0,0.0,0.0,36,36,0,0,chicken,1095
control,lexical,36,dog treats without chicken,0.05263157894736842,0.6842105263157895,0.2631578947368421,19,1,13,5,chicken,4721
control,lexical,36,dog water bowl no spill,0.25,0.75,0.0,36,9,27,0,spill,23089
control,lexical,36,dog wet food grain free,0.08333333333333333,0.9166666666666666,0.0,36,3,33,0,grain,1300
control,lexical,36,dry cat food grain free,0.0,1.0,0.0,36,0,36,0,grain,10528
control,lexical,36,dry cat food no chicken,1.0,0.0,0.0,36,36,0,0,chicken,999
control,lexical,36,dry cat food no grain,0.027777777777777776,0.9722222222222222,0.0,36,1,35,0,grain,974
control,lexical,36,dry dog food chicken free,0.75,0.25,0.0,36,27,9,0,chicken,1536
control,lexical,36,dry dog food grain free,0.0,1.0,0.0,36,0,36,0,grain,7777
control,lexical,36,dry dog food no chicken,1.0,0.0,0.0,36,36,0,0,chicken,2481
control,lexical,36,dry dog food without chicken,0.0,0.631578947368421,0.3684210526315789,19,0,12,7,chicken,1892
control,lexical,36,dry grain free cat food,0.0,1.0,0.0,36,0,36,0,grain,5998
control,lexical,36,dry grain free dog food,0.1388888888888889,0.8611111111111112,0.0,36,5,31,0,grain,4159
control,lexical,36,dust free cat litter,0.1111111111111111,0.19444444444444445,0.6944444444444444,36,4,7,25,dust,68627
control,lexical,36,dust free clumping cat litter,0.19444444444444445,0.1111111111111111,0.6944444444444444,36,7,4,25,dust,33448
control,lexical,36,dust free clumping litter,0.3055555555555556,0.19444444444444445,0.5,36,11,7,18,dust,1145
control,lexical,36,dust free litter,0.2222222222222222,0.4166666666666667,0.3611111111111111,36,8,15,13,dust,8568
control,lexical,36,dust free unscented clumping cat litter,0.027777777777777776,0.1111111111111111,0.8611111111111112,36,1,4,31,dust,6504
control,lexical,36,earth animal no hide,0.0,1.0,0.0,36,0,36,0,hide,7495
control,lexical,36,earth animal no hide chews,0.0,1.0,0.0,36,0,36,0,hide,2188
control,lexical,36,earth animal no hide chews large,0.0,1.0,0.0,36,0,36,0,hide,972
control,lexical,36,earth animal no hide medium,0.0,1.0,0.0,36,0,36,0,hide,1153
control,lexical,36,earth animal no hide rolls,0.0,1.0,0.0,36,0,36,0,hide,1258
control,lexical,36,easy walk no pull harness,0.08333333333333333,0.4166666666666667,0.5,36,3,15,18,pull,4342
control,lexical,36,fancy feast grain free,0.2777777777777778,0.6666666666666666,0.05555555555555555,36,10,24,2,grain,2313
control,lexical,36,fancy feast grain free pate,0.3055555555555556,0.6944444444444444,0.0,36,11,25,0,grain,1036
control,lexical,36,fancy feast grain free wet cat food,0.3611111111111111,0.4444444444444444,0.19444444444444445,36,13,16,7,grain,12994
control,lexical,36,farmina grain free,0.4166666666666667,0.5833333333333334,0.0,36,15,21,0,grain,2750
control,lexical,36,farmina grain free dog food,0.2857142857142857,0.4,0.3142857142857143,35,10,14,11,grain,3081
control,lexical,36,fat free dog treats,0.3055555555555556,0.0,0.6944444444444444,36,11,0,25,fat,7786
control,lexical,36,fish free cat food,1.0,0.0,0.0,36,36,0,0,fish,1456
control,lexical,36,fly mask without ears,0.8333333333333334,0.16666666666666666,0.0,36,30,6,0,ears,3567
control,lexical,36,food grain free,0.1388888888888889,0.8611111111111112,0.0,36,5,31,0,grain,4785
control,lexical,36,fragrance free cat litter,0.6666666666666666,0.08333333333333333,0.25,36,24,3,9,fragrance,8207
control,lexical,36,fragrance free dog shampoo,0.4444444444444444,0.16666666666666666,0.3888888888888889,36,16,6,14,fragrance,3644
control,lexical,36,freedom grain free cat food,0.0,1.0,0.0,12,0,12,0,grain,2773
control,lexical,36,freedom grain free dog food,0.0,0.9333333333333333,0.06666666666666667,15,0,14,1,grain,8393
control,lexical,36,freedom no pull harness,0.9166666666666666,0.08333333333333333,0.0,36,33,3,0,pull,17745
control,lexical,36,fresh pet grain free,0.027777777777777776,0.9722222222222222,0.0,36,1,35,0,grain,3969
control,lexical,36,fresh pet grain free dog food,0.08333333333333333,0.7222222222222222,0.19444444444444445,36,3,26,7,grain,1711
control,lexical,36,fresh step cat litter non clumping,1.0,0.0,0.0,4,4,0,0,non clumping,7310
control,lexical,36,fresh step dust free,0.17647058823529413,0.08823529411764706,0.7352941176470589,34,6,3,25,dust,1279
control,lexical,36,fresh step non clumping cat litter,1.0,0.0,0.0,4,4,0,0,non clumping,30486
control,lexical,36,frisco no pull harness,0.4166666666666667,0.5833333333333334,0.0,36,15,21,0,pull,1291
control,lexical,36,frisco padded no pull dog harness,0.6666666666666666,0.3333333333333333,0.0,3,2,1,0,pull,1101
control,lexical,36,frisco stuffing free,0.05555555555555555,0.9444444444444444,0.0,36,2,34,0,stuffing,2257
control,lexical,36,fromm grain free,0.19444444444444445,0.8055555555555556,0.0,36,7,29,0,grain,1032
control,lexical,36,front clip no pull harness,0.4444444444444444,0.3611111111111111,0.19444444444444445,36,16,13,7,pull,1120
control,lexical,36,gain free dog food,1.0,0.0,0.0,1,1,0,0,gain,977
control,lexical,36,gluten free,0.2777777777777778,0.7222222222222222,0.0,36,10,26,0,gluten,2039
control,lexical,36,gluten free cat food,0.0,0.9444444444444444,0.05555555555555555,36,0,34,2,gluten,8910
control,lexical,36,gluten free cat treats,0.05555555555555555,0.6388888888888888,0.3055555555555556,36,2,23,11,gluten,1113
control,lexical,36,gluten free dog food,0.4444444444444444,0.5555555555555556,0.0,36,16,20,0,gluten,32569
control,lexical,36,gluten free dog treats,0.0,1.0,0.0,36,0,36,0,gluten,14910
control,lexical,36,gluten free dry dog food,0.3888888888888889,0.5833333333333334,0.027777777777777776,36,14,21,1,gluten,1196
control,lexical,36,gluten free puppy food,0.4166666666666667,0.5833333333333334,0.0,36,15,21,0,gluten,1459
control,lexical,36,gluten free wet cat food,0.0,0.8611111111111112,0.1388888888888889,36,0,31,5,gluten,1955
control,lexical,36,gluten free wet dog food,0.1388888888888889,0.8333333333333334,0.027777777777777776,36,5,30,1,gluten,1696
control,lexical,36,gmo free dog food,0.0,0.6388888888888888,0.3611111111111111,36,0,23,13,gmo,7978
control,lexical,36,good lovin no rawhide,0.2777777777777778,0.08333333333333333,0.6388888888888888,36,10,3,23,rawhide,1165
control,lexical,36,grain and chicken free dog food,0.8611111111111112,0.1388888888888889,0.0,36,31,5,0,"grain, chicken",1316
control,lexical,36,grain free,0.0,1.0,0.0,36,0,36,0,grain,27310
control,lexical,36,grain free adult dog food,0.0,1.0,0.0,36,0,36,0,grain,6444
control,lexical,36,grain free air dried dog food,0.0,1.0,0.0,36,0,36,0,grain,1151
control,lexical,36,grain free beef dog food,0.0,1.0,0.0,36,0,36,0,grain,3945
control,lexical,36,grain free beef dry dog food,0.05555555555555555,0.9444444444444444,0.0,36,2,34,0,grain,1022
control,lexical,36,grain free biscuits,0.0,1.0,0.0,36,0,36,0,grain,1010
control,lexical,36,grain free blue buffalo dog food,0.027777777777777776,0.9722222222222222,0.0,36,1,35,0,grain,1932
control,lexical,36,grain free canned cat food,0.0,1.0,0.0,36,0,36,0,grain,11102
control,lexical,36,grain free canned dog food,0.027777777777777776,0.9722222222222222,0.0,36,1,35,0,grain,12390
control,lexical,36,grain free cat,0.0,1.0,0.0,36,0,36,0,grain,6488
control,lexical,36,grain free cat dry food,0.0,1.0,0.0,36,0,36,0,grain,2783
control,lexical,36,grain free cat food,0.0,1.0,0.0,36,0,36,0,grain,76423
control,lexical,36,grain free cat food dry,0.0,1.0,0.0,36,0,36,0,grain,14537
control,lexical,36,grain free cat food wet,0.0,1.0,0.0,36,0,36,0,grain,11361
control,lexical,36,grain free cat pate,0.0,1.0,0.0,36,0,36,0,grain,1210
control,lexical,36,grain free cat treat,0.0,1.0,0.0,36,0,36,0,grain,6878
control,lexical,36,grain free cat treats,0.0,1.0,0.0,36,0,36,0,grain,40628
control,lexical,36,grain free cat wet food,0.0,1.0,0.0,36,0,36,0,grain,5735
control,lexical,36,grain free chicken cat food,0.0,1.0,0.0,36,0,36,0,grain,1128
control,lexical,36,grain free chicken dog food,0.027777777777777776,0.9722222222222222,0.0,36,1,35,0,grain,1250
control,lexical,36,grain free chicken dog treats,0.05555555555555555,0.9444444444444444,0.0,36,2,34,0,grain,1542
control,lexical,36,grain free chicken free dog food,0.8333333333333334,0.1388888888888889,0.027777777777777776,36,30,5,1,"grain, chicken",8785
control,lexical,36,grain free chicken free dog treats,1.0,0.0,0.0,36,36,0,0,"grain, chicken",4078
control,lexical,36,grain free chicken pate cat food,0.0,1.0,0.0,36,0,36,0,grain,1418
control,lexical,36,grain free dental chews,0.0,1.0,0.0,36,0,36,0,grain,5153
control,lexical,36,grain free diet dog food,0.0,1.0,0.0,36,0,36,0,grain,4566
control,lexical,36,grain free dog,0.027777777777777776,0.9722222222222222,0.0,36,1,35,0,grain,7358
control,lexical,36,grain free dog biscuits,0.027777777777777776,0.9722222222222222,0.0,36,1,35,0,grain,7074
control,lexical,36,grain free dog bones,0.0,1.0,0.0,36,0,36,0,grain,2681
control,lexical,36,grain free dog chews,0.0,1.0,0.0,36,0,36,0,grain,1598
control,lexical,36,grain free dog food,0.027777777777777776,0.9722222222222222,0.0,36,1,35,0,grain,611730
control,lexical,36,grain free dog food 40 lb bag,0.5,0.3611111111111111,0.1388888888888889,36,18,13,5,grain,4206
control,lexical,36,grain free dog food 40lbs,0.1111111111111111,0.8888888888888888,0.0,9,1,8,0,grain,5458
control,lexical,36,grain free dog food dry,0.0,1.0,0.0,36,0,36,0,grain,3723
control,lexical,36,grain free dog food large breed,0.2777777777777778,0.6944444444444444,0.027777777777777776,36,10,25,1,grain,18579
control,lexical,36,grain free dog food salmon,0.027777777777777776,0.9722222222222222,0.0,36,1,35,0,grain,1725
control,lexical,36,grain free dog food small breed,0.027777777777777776,0.9722222222222222,0.0,36,1,35,0,grain,16175
control,lexical,36,grain free dog food wet,0.027777777777777776,0.9722222222222222,0.0,36,1,35,0,grain,7838
control,lexical,36,grain free dog kibble,0.1111111111111111,0.8888888888888888,0.0,36,4,32,0,grain,1556
control,lexical,36,grain free dog training treats,0.08333333333333333,0.9166666666666666,0.0,36,3,33,0,grain,2820
control,lexical,36,grain free dog treat,0.027777777777777776,0.9722222222222222,0.0,36,1,35,0,grain,10410
control,lexical,36,grain free dog treats,0.027777777777777776,0.9722222222222222,0.0,36,1,35,0,grain,138329
control,lexical,36,grain free dog treats for large dogs,0.0,1.0,0.0,36,0,36,0,grain,997
control,lexical,36,grain free dog treats for medium dogs,0.027777777777777776,0.9722222222222222,0.0,36,1,35,0,grain,5358
control,lexical,36,grain free dog treats small breed,0.1388888888888889,0.5833333333333334,0.2777777777777778,36,5,21,10,grain,4076
control,lexical,36,grain free dog wet food,0.05555555555555555,0.9444444444444444,0.0,36,2,34,0,grain,1019
control,lexical,36,grain free dogfood no probiotic,0.9166666666666666,0.027777777777777776,0.05555555555555555,36,33,1,2,probiotic,982
control,lexical,36,grain free dry,0.0,1.0,0.0,36,0,36,0,grain,4891
control,lexical,36,grain free dry adult dog food,0.027777777777777776,0.9722222222222222,0.0,36,1,35,0,grain,1350
control,lexical,36,grain free dry cat food,0.0,1.0,0.0,36,0,36,0,grain,197068
control,lexical,36,grain free dry dog food,0.0,1.0,0.0,36,0,36,0,grain,56421
control,lexical,36,grain free dry kitten food,0.027777777777777776,0.9722222222222222,0.0,36,1,35,0,grain,6226
control,lexical,36,grain free duck dog food,0.1111111111111111,0.8888888888888888,0.0,36,4,32,0,grain,1431
control,lexical,36,grain free fancy feast,0.25,0.6944444444444444,0.05555555555555555,36,9,25,2,grain,1914
control,lexical,36,grain free fish dog food,0.027777777777777776,0.9722222222222222,0.0,36,1,35,0,grain,2293
control,lexical,36,grain free food,0.0,0.9722222222222222,0.027777777777777776,36,0,35,1,grain,1420
control,lexical,36,grain free freeze dried dog food,0.08333333333333333,0.9166666666666666,0.0,36,3,33,0,grain,1795
control,lexical,36,grain free fresh dog food,0.1388888888888889,0.8611111111111112,0.0,36,5,31,0,grain,1289
control,lexical,36,grain free fruit dog treats,0.08333333333333333,0.7777777777777778,0.1388888888888889,36,3,28,5,grain,1411
control,lexical,36,grain free greenies,0.16666666666666666,0.8333333333333334,0.0,36,6,30,0,grain,2564
control,lexical,36,grain free high protein cat food,0.05555555555555555,0.9444444444444444,0.0,36,2,34,0,grain,2937
control,lexical,36,grain free high protein dog food,0.19444444444444445,0.8055555555555556,0.0,36,7,29,0,grain,1843
control,lexical,36,grain free high protein dry cat food,0.1388888888888889,0.8611111111111112,0.0,36,5,31,0,grain,1029
control,lexical,36,grain free honest kitchen,0.3888888888888889,0.6111111111111112,0.0,36,14,22,0,grain,1122
control,lexical,36,grain free jerky,0.0,1.0,0.0,36,0,36,0,grain,1571
control,lexical,36,grain free kibble,0.3333333333333333,0.6666666666666666,0.0,36,12,24,0,grain,1409
control,lexical,36,grain free kitten dry food,0.0,1.0,0.0,36,0,36,0,grain,5861
control,lexical,36,grain free kitten food,0.0,1.0,0.0,36,0,36,0,grain,16286
control,lexical,36,grain free kitten wet food,0.027777777777777776,0.9722222222222222,0.0,36,1,35,0,grain,4500
control,lexical,36,grain free lamb dog food,0.027777777777777776,0.9722222222222222,0.0,36,1,35,0,grain,3771
control,lexical,36,grain free large breed dog food,0.3333333333333333,0.6666666666666666,0.0,36,12,24,0,grain,2530
control,lexical,36,grain free limited ingredient cat food,0.0,1.0,0.0,36,0,36,0,grain,1729
control,lexical,36,grain free limited ingredient dog food,0.0,1.0,0.0,36,0,36,0,grain,3438
control,lexical,36,grain free low fat dog food,0.1111111111111111,0.3888888888888889,0.5,36,4,14,18,grain,2100
control,lexical,36,grain free organic dog food,0.0,0.8611111111111112,0.1388888888888889,36,0,31,5,grain,1002
control,lexical,36,grain free pate,0.0,1.0,0.0,36,0,36,0,grain,1578
control,lexical,36,grain free pate cat food,0.0,1.0,0.0,36,0,36,0,grain,8858
control,lexical,36,grain free peanut butter dog treats,0.027777777777777776,0.9722222222222222,0.0,36,1,35,0,grain,1000
control,lexical,36,grain free puppy,0.027777777777777776,0.9722222222222222,0.0,36,1,35,0,grain,1472
control,lexical,36,grain free puppy food,0.05555555555555555,0.9444444444444444,0.0,36,2,34,0,grain,34872
control,lexical,36,grain free puppy treats,0.19444444444444445,0.8055555555555556,0.0,36,7,29,0,grain,1999
control,lexical,36,grain free purina dog food,0.3888888888888889,0.5833333333333334,0.027777777777777776,36,14,21,1,grain,1470
control,lexical,36,grain free purina pro plan,0.3611111111111111,0.6388888888888888,0.0,36,13,23,0,grain,1558
control,lexical,36,grain free rabbit cat food,0.027777777777777776,0.9722222222222222,0.0,36,1,35,0,grain,1266
control,lexical,36,grain free rabbit food,0.027777777777777776,0.9722222222222222,0.0,36,1,35,0,grain,1121
control,lexical,36,grain free salmon,0.08333333333333333,0.9166666666666666,0.0,36,3,33,0,grain,1422
control,lexical,36,grain free salmon cat food,0.0,1.0,0.0,36,0,36,0,grain,1083
control,lexical,36,grain free salmon dog food,0.027777777777777776,0.9722222222222222,0.0,36,1,35,0,grain,15202
control,lexical,36,grain free salmon dry dog food,0.05555555555555555,0.9444444444444444,0.0,36,2,34,0,grain,2485
control,lexical,36,grain free senior cat food,0.1111111111111111,0.8055555555555556,0.08333333333333333,36,4,29,3,grain,2261
control,lexical,36,grain free senior dog food,0.2222222222222222,0.7222222222222222,0.05555555555555555,36,8,26,2,grain,10021
control,lexical,36,grain free sensitive stomach cat food,0.027777777777777776,0.9166666666666666,0.05555555555555555,36,1,33,2,grain,1967
control,lexical,36,grain free sensitive stomach dog food,0.16666666666666666,0.8055555555555556,0.027777777777777776,36,6,29,1,grain,1344
control,lexical,36,grain free small breed,0.0,1.0,0.0,36,0,36,0,grain,1062
control,lexical,36,grain free small breed dry dog food,0.0,1.0,0.0,36,0,36,0,grain,7815
control,lexical,36,grain free small dog food,0.027777777777777776,0.9444444444444444,0.027777777777777776,36,1,34,1,grain,1123
control,lexical,36,grain free soft dog food,0.5555555555555556,0.4166666666666667,0.027777777777777776,36,20,15,1,grain,1084
control,lexical,36,grain free soft dog treats,0.08333333333333333,0.9166666666666666,0.0,36,3,33,0,grain,2972
control,lexical,36,grain free training treats,0.05555555555555555,0.8611111111111112,0.08333333333333333,36,2,31,3,grain,997
control,lexical,36,grain free training treats for dogs,0.08333333333333333,0.9166666666666666,0.0,36,3,33,0,grain,2451
control,lexical,36,grain free treats,0.0,1.0,0.0,36,0,36,0,grain,9238
control,lexical,36,grain free treats for dogs,0.0,1.0,0.0,36,0,36,0,grain,12609
control,lexical,36,grain free weight control dog food,0.4166666666666667,0.3333333333333333,0.25,36,15,12,9,grain,970
control,lexical,36,grain free weight management dog food,0.2222222222222222,0.5277777777777778,0.25,36,8,19,9,grain,1758
control,lexical,36,grain free wet,0.0,1.0,0.0,36,0,36,0,grain,4438
control,lexical,36,grain free wet cat food,0.0,1.0,0.0,36,0,36,0,grain,162972
control,lexical,36,grain free wet cat food gravy,0.0,1.0,0.0,36,0,36,0,grain,2407
control,lexical,36,grain free wet cat food in gravy,0.0,1.0,0.0,36,0,36,0,grain,1303
control,lexical,36,grain free wet cat food pate,0.0,1.0,0.0,36,0,36,0,grain,5664
control,lexical,36,grain free wet dog food,0.027777777777777776,0.9722222222222222,0.0,36,1,35,0,grain,60526
control,lexical,36,grain free wet food,0.0,1.0,0.0,36,0,36,0,grain,2504
control,lexical,36,grain free wet food cat,0.0,1.0,0.0,36,0,36,0,grain,1388
control,lexical,36,grain free wet kitten food,0.027777777777777776,0.9722222222222222,0.0,36,1,35,0,grain,3865
control,lexical,36,grain-free cat food,0.027777777777777776,0.9722222222222222,0.0,36,1,35,0,grain,11965
control,lexical,36,grain-free cat food 5.5 oz,0.08333333333333333,0.9166666666666666,0.0,36,3,33,0,grain,1346
control,lexical,36,grain-free cat treats,0.0,1.0,0.0,36,0,36,0,grain,4411
control,lexical,36,grain-free dog food,0.027777777777777776,0.9722222222222222,0.0,36,1,35,0,grain,6389
control,lexical,36,grain-free dry cat food,0.0,1.0,0.0,36,0,36,0,grain,2485
control,lexical,36,grain-free dry dog food,0.0,1.0,0.0,36,0,36,0,grain,3951
control,lexical,36,grain-free kitten food,0.027777777777777776,0.9722222222222222,0.0,36,1,35,0,grain,1368
control,lexical,36,grain-free puppy food,0.027777777777777776,0.9722222222222222,0.0,36,1,35,0,grain,3839
control,lexical,36,grainfree,0.027777777777777776,0.9722222222222222,0.0,36,1,35,0,grain,1016
control,lexical,36,grainfree dog food,0.0,1.0,0.0,36,0,36,0,grain,8254
control,lexical,36,grainfree dry,0.0,1.0,0.0,36,0,36,0,grain,4253
control,lexical,36,grainfree dry cat food,0.0,1.0,0.0,36,0,36,0,grain,2854
control,lexical,36,grainfree wet dog food,0.0,1.0,0.0,36,0,36,0,grain,1120
control,lexical,36,greenies grain free,0.1388888888888889,0.8611111111111112,0.0,36,5,31,0,grain,2143
control,lexical,36,greenies grain free dental treats for dogs,1.0,0.0,0.0,1,1,0,0,grain,3043
control,lexical,36,halti no pull harness,0.8333333333333334,0.1388888888888889,0.027777777777777776,36,30,5,1,pull,16145
control,lexical,36,halti nylon padded no pull dog headcollar,1.0,0.0,0.0,2,2,0,0,pull,3333
control,lexical,36,harness for large dog no pull,0.6111111111111112,0.3888888888888889,0.0,36,22,14,0,pull,21244
control,lexical,36,harness for medium dog no pull,0.7222222222222222,0.2777777777777778,0.0,36,26,10,0,pull,3986
control,lexical,36,harness for small dog no pull,0.5277777777777778,0.4722222222222222,0.0,36,19,17,0,pull,4085
control,lexical,36,harness no pull,0.3888888888888889,0.6111111111111112,0.0,36,14,22,0,pull,8042
control,lexical,36,hide free,0.9722222222222222,0.027777777777777776,0.0,36,35,1,0,hide,3326
control,lexical,36,hide free chews,0.75,0.25,0.0,36,27,9,0,hide,2987
control,lexical,36,hide free chicken recipe sticks,0.6190476190476191,0.38095238095238093,0.0,21,13,8,0,hide,4091
control,lexical,36,hide free dog chews,0.8611111111111112,0.1388888888888889,0.0,36,31,5,0,hide,7175
control,lexical,36,high protein grain free cat food,0.0,1.0,0.0,36,0,36,0,grain,2873
control,lexical,36,high protein grain free dog food,0.05555555555555555,0.9444444444444444,0.0,36,2,34,0,grain,2240
control,lexical,36,hills grain free,0.1111111111111111,0.8888888888888888,0.0,36,4,32,0,grain,1934
control,lexical,36,hills grain free dog food,0.42857142857142855,0.14285714285714285,0.42857142857142855,28,12,4,12,grain,1614
control,lexical,36,hills grain free dog treats,0.65,0.05,0.3,20,13,1,6,grain,1039
control,lexical,36,hills grain free soft baked naturals,0.13636363636363635,0.8636363636363636,0.0,22,3,19,0,grain,2698
control,lexical,36,hills science diet grain free,0.8333333333333334,0.16666666666666666,0.0,36,30,6,0,grain,2229
control,lexical,36,hills science diet no corn,0.05555555555555555,0.2222222222222222,0.7222222222222222,36,2,8,26,corn,1007
control,lexical,36,hills science grain free,0.75,0.25,0.0,36,27,9,0,grain,1458
control,lexical,36,honest kitchen beef grain free,0.5277777777777778,0.4722222222222222,0.0,36,19,17,0,grain,1152
control,lexical,36,honest kitchen dehydrated dog food grain free,0.3611111111111111,0.4444444444444444,0.19444444444444445,36,13,16,7,grain,1269
control,lexical,36,honest kitchen grain free,0.4166666666666667,0.5833333333333334,0.0,36,15,21,0,grain,3478
control,lexical,36,honest kitchen grain free beef,0.5555555555555556,0.4444444444444444,0.0,36,20,16,0,grain,6296
control,lexical,36,honest kitchen grain free dehydrated dog food,0.3333333333333333,0.5555555555555556,0.1111111111111111,36,12,20,4,grain,1714
control,lexical,36,honest kitchen grain free dog food,0.19444444444444445,0.7777777777777778,0.027777777777777776,36,7,28,1,grain,4178
control,lexical,36,horse fly mask without ears,0.8333333333333334,0.16666666666666666,0.0,36,30,6,0,ears,5781
control,lexical,36,iams grain free cat food,0.4166666666666667,0.5277777777777778,0.05555555555555555,36,15,19,2,grain,2047
control,lexical,36,instinct grain free,0.0,1.0,0.0,36,0,36,0,grain,1055
control,lexical,36,instinct raw meals real beef recipe grain-free adult freeze-dried dog food 25-oz bag,0.0,1.0,0.0,1,0,1,0,grain,1048
control,lexical,36,iodine free cat food,0.0,0.0,1.0,8,0,0,8,iodine,3331
control,lexical,36,jinx grain free,0.1388888888888889,0.8611111111111112,0.0,36,5,31,0,grain,1000
control,lexical,36,jinx grain free dog food,0.0,0.875,0.125,16,0,14,2,grain,2938
control,lexical,36,kaytee no mess,0.0,1.0,0.0,5,0,5,0,mess,992
control,lexical,36,kaytee no mess blend wild bird food,0.19444444444444445,0.4166666666666667,0.3888888888888889,36,7,15,14,mess,2512
control,lexical,36,kaytee wild bird food no mess,0.08333333333333333,0.1388888888888889,0.7777777777777778,36,3,5,28,mess,998
control,lexical,36,kitten dry food grain free,0.0,1.0,0.0,36,0,36,0,grain,10184
control,lexical,36,kitten food grain free,0.08333333333333333,0.9166666666666666,0.0,36,3,33,0,grain,6119
control,lexical,36,kitten grain free,0.027777777777777776,0.9722222222222222,0.0,36,1,35,0,grain,2322
control,lexical,36,kitten grain free wet food,0.027777777777777776,0.9722222222222222,0.0,36,1,35,0,grain,1749
control,lexical,36,kitten wet food grain free,0.05555555555555555,0.9444444444444444,0.0,36,2,34,0,grain,7774
control,lexical,36,kitten wet grain free food,0.05555555555555555,0.9444444444444444,0.0,36,2,34,0,grain,993
control,lexical,36,kitty litter non clumping,0.3055555555555556,0.6944444444444444,0.0,36,11,25,0,clumping,6396
control,lexical,36,lamb grain free dog food,0.08333333333333333,0.9166666666666666,0.0,36,3,33,0,grain,2809
control,lexical,36,large breed grain free dog food,0.3333333333333333,0.6666666666666666,0.0,36,12,24,0,grain,1263
control,lexical,36,large breed puppy food grain free,0.4444444444444444,0.5555555555555556,0.0,36,16,20,0,grain,1963
control,lexical,36,large breed puppy food no chicken,0.8333333333333334,0.027777777777777776,0.1388888888888889,36,30,1,5,chicken,1134
control,lexical,36,large dog bones rawhide free,0.16666666666666666,0.6111111111111112,0.2222222222222222,36,6,22,8,rawhide,6861
control,lexical,36,large dog harness no pull,0.8611111111111112,0.1388888888888889,0.0,36,31,5,0,pull,8655
control,lexical,36,legume free dog food,0.8333333333333334,0.16666666666666666,0.0,6,5,1,0,legume,7084
control,lexical,36,lickable cat treats grain free,0.0,1.0,0.0,36,0,36,0,grain,1128
control,lexical,36,licks pill free,0.8611111111111112,0.1388888888888889,0.0,36,31,5,0,pill,2506
control,lexical,36,limited ingredient grain free dog food,0.0,1.0,0.0,36,0,36,0,grain,2088
control,lexical,36,litter dust free,0.25,0.3055555555555556,0.4444444444444444,36,9,11,16,dust,3928
control,lexical,36,litter no dust,0.1388888888888889,0.3333333333333333,0.5277777777777778,36,5,12,19,dust,2280
control,lexical,36,litter non clumping,0.9166666666666666,0.08333333333333333,0.0,36,33,3,0,non clumping,4359
control,lexical,36,low fat grain free dog food,0.8888888888888888,0.0,0.1111111111111111,36,32,0,4,"grain, fat",1870
control,lexical,36,merrick grain free,0.0,1.0,0.0,36,0,36,0,grain,4055
control,lexical,36,merrick grain free dry dog food,0.16666666666666666,0.8333333333333334,0.0,36,6,30,0,grain,6428
control,lexical,36,merrick lil plates grain free dog food,0.0,1.0,0.0,26,0,26,0,grain,3343
control,lexical,36,mess free bird seed,0.0,0.5277777777777778,0.4722222222222222,36,0,19,17,mess,1049
control,lexical,36,mess free water bowl,0.05555555555555555,0.8888888888888888,0.05555555555555555,36,2,32,2,mess,4645
control,lexical,36,natural farm odor-free bully sticks,0.1388888888888889,0.3055555555555556,0.5555555555555556,36,5,11,20,odor,4570
control,lexical,36,nature's recipe grain free,0.2222222222222222,0.7777777777777778,0.0,36,8,28,0,grain,2587
control,lexical,36,natures logic grain free,0.2222222222222222,0.75,0.027777777777777776,36,8,27,1,grain,972
control,lexical,36,natures recipe grain free,0.2222222222222222,0.7777777777777778,0.0,36,8,28,0,grain,6270
control,lexical,36,natures recipe grain free dog food,0.16666666666666666,0.8333333333333334,0.0,36,6,30,0,grain,5311
control,lexical,36,natures recipe grain free dry dog food,0.4166666666666667,0.5833333333333334,0.0,36,15,21,0,grain,12075
control,lexical,36,natures recipe grain free wet dog food,0.1111111111111111,0.8055555555555556,0.08333333333333333,36,4,29,3,grain,1012
control,lexical,36,no bark,0.9444444444444444,0.05555555555555555,0.0,36,34,2,0,bark,10077
control,lexical,36,no bark collar,0.0,1.0,0.0,36,0,36,0,pull,20454
control,lexical,36,no bark collars,1.0,0.0,0.0,36,36,0,0,no bark,7969
control,lexical,36,no cat pee,0.5555555555555556,0.4444444444444444,0.0,36,20,16,0,cat pee,1215
control,lexical,36,no chew,1.0,0.0,0.0,36,36,0,0,chew,7596
control,lexical,36,no chew dog bed,0.3055555555555556,0.6666666666666666,0.027777777777777776,36,11,24,1,chew,3301
control,lexical,36,no chew spray for cats,0.3181818181818182,0.6818181818181818,0.0,22,7,15,0,chew,4073
control,lexical,36,no chew spray for dogs,0.2777777777777778,0.7222222222222222,0.0,36,10,26,0,chew,35353
control,lexical,36,no chicken,0.9444444444444444,0.027777777777777776,0.027777777777777776,36,34,1,1,chicken,2318
control,lexical,36,no chicken cat food,1.0,0.0,0.0,36,36,0,0,chicken,4707
control,lexical,36,no chicken dog food,1.0,0.0,0.0,36,36,0,0,chicken,32850
control,lexical,36,no chicken dog treats,1.0,0.0,0.0,36,36,0,0,chicken,4769
control,lexical,36,no chicken dry dog food,1.0,0.0,0.0,36,36,0,0,chicken,1204
control,lexical,36,no chicken puppy food,1.0,0.0,0.0,36,36,0,0,chicken,2040
control,lexical,36,no chicken treats,1.0,0.0,0.0,36,36,0,0,chicken,2185
control,lexical,36,no chicken wet dog food,1.0,0.0,0.0,36,36,0,0,chicken,5034
control,lexical,36,no clump litter,0.8888888888888888,0.1111111111111111,0.0,36,32,4,0,clump,3211
control,lexical,36,no corn dog food,0.027777777777777776,0.3333333333333333,0.6388888888888888,36,1,12,23,corn,2939
control,lexical,36,no dust cat litter,0.1388888888888889,0.3333333333333333,0.5277777777777778,36,5,12,19,dust,9502
control,lexical,36,no dust clumping cat litter,0.1388888888888889,0.16666666666666666,0.6944444444444444,36,5,6,25,dust,6710
control,lexical,36,no dust litter,0.1388888888888889,0.3888888888888889,0.4722222222222222,36,5,14,17,dust,2340
control,lexical,36,no eat poop,0.26666666666666666,0.7333333333333333,0.0,15,4,11,0,poop,2705
control,lexical,36,no escape dog harness,0.027777777777777776,0.9722222222222222,0.0,36,1,35,0,pull,11770
control,lexical,36,no escape harness,0.027777777777777776,0.9166666666666666,0.05555555555555555,36,1,33,2,pull,3530
control,lexical,36,no fat dog treats,0.1388888888888889,0.3611111111111111,0.5,36,5,13,18,fat,2796
control,lexical,36,no flap ear wrap,0.0,0.8333333333333334,0.16666666666666666,36,0,30,6,pull,18080
control,lexical,36,no grain cat food,0.0,1.0,0.0,36,0,36,0,grain,5782
control,lexical,36,no grain dog food,0.3888888888888889,0.6111111111111112,0.0,36,14,22,0,grain,15780
control,lexical,36,no grain dog treats,0.0,1.0,0.0,36,0,36,0,grain,1637
control,lexical,36,no grain dry cat food,0.027777777777777776,0.9722222222222222,0.0,36,1,35,0,grain,3032
control,lexical,36,no grain wet cat food,0.0,1.0,0.0,36,0,36,0,grain,4489
control,lexical,36,no grow bird seed,0.027777777777777776,0.4166666666666667,0.5555555555555556,36,1,15,20,grow,2780
control,lexical,36,no hide,0.5,0.5,0.0,36,18,18,0,hide,67837
control,lexical,36,no hide bone,0.5277777777777778,0.2777777777777778,0.19444444444444445,36,19,10,7,hide,1796
control,lexical,36,no hide bones,0.5277777777777778,0.3055555555555556,0.16666666666666666,36,19,11,6,hide,13773
control,lexical,36,no hide chew,0.3055555555555556,0.6944444444444444,0.0,36,11,25,0,hide,1036
control,lexical,36,no hide chews,0.3055555555555556,0.6944444444444444,0.0,36,11,25,0,hide,147107
control,lexical,36,no hide chews earth animal,0.0,1.0,0.0,36,0,36,0,hide,70100
control,lexical,36,no hide chews large,0.3611111111111111,0.6388888888888888,0.0,36,13,23,0,hide,3727
control,lexical,36,no hide chews medium,0.3333333333333333,0.6666666666666666,0.0,36,12,24,0,hide,1253
control,lexical,36,no hide chews small,0.4722222222222222,0.5,0.027777777777777776,36,17,18,1,hide,1325
control,lexical,36,no hide dog chews,0.3055555555555556,0.6944444444444444,0.0,36,11,25,0,hide,4859
control,lexical,36,no hide dog chews 4 inch,0.6,0.2,0.2,5,3,1,1,hide,1845
control,lexical,36,no hide dog chews medium,0.3611111111111111,0.6111111111111112,0.027777777777777776,36,13,22,1,hide,2123
control,lexical,36,no hide dog chews small,0.5555555555555556,0.4444444444444444,0.0,36,20,16,0,hide,2663
control,lexical,36,no hide large,0.7222222222222222,0.2777777777777778,0.0,36,26,10,0,hide,3009
control,lexical,36,no hide large rolls,0.1111111111111111,0.8888888888888888,0.0,36,4,32,0,hide,1346
control,lexical,36,no hide medium,0.7222222222222222,0.2777777777777778,0.0,36,26,10,0,hide,1886
control,lexical,36,no hide medium rolls,0.05555555555555555,0.9444444444444444,0.0,36,2,34,0,hide,2357
control,lexical,36,no hide peanut butter,0.4444444444444444,0.5555555555555556,0.0,36,16,20,0,hide,1187
control,lexical,36,no hide pumpkin,0.75,0.25,0.0,4,3,1,0,hide,1310
control,lexical,36,no hide raw hide,0.4166666666666667,0.5555555555555556,0.027777777777777776,36,15,20,1,rawhide,2210
control,lexical,36,no hide rawhide,0.8611111111111112,0.1388888888888889,0.0,36,31,5,0,rawhide,2269
control,lexical,36,no hide rolls,0.16666666666666666,0.8333333333333334,0.0,36,6,30,0,hide,1612
control,lexical,36,no hide salmon,0.3103448275862069,0.6206896551724138,0.06896551724137931,29,9,18,2,hide,2174
control,lexical,36,no hide small rolls,0.1111111111111111,0.8888888888888888,0.0,36,4,32,0,hide,1257
control,lexical,36,no hide sticks,0.4722222222222222,0.4166666666666667,0.1111111111111111,36,17,15,4,hide,2520
control,lexical,36,no hide stix,0.4444444444444444,0.5,0.05555555555555555,36,16,18,2,hide,7433
control,lexical,36,no hide strips,0.0,0.9090909090909091,0.09090909090909091,11,0,10,1,hide,3815
control,lexical,36,no hide venison,0.16666666666666666,0.8333333333333334,0.0,12,2,10,0,hide,1136
control,lexical,36,no hides,0.5454545454545454,0.45454545454545453,0.0,33,18,15,0,hides,2331
control,lexical,36,no holes,0.9,0.1,0.0,30,27,3,0,holes,2104
control,lexical,36,no lick,1.0,0.0,0.0,36,36,0,0,lick,1801
control,lexical,36,no melt suet,1.0,0.0,0.0,19,19,0,0,no melt,2781
control,lexical,36,no melt suet cakes for birds,0.0,0.4444444444444444,0.5555555555555556,36,0,16,20,melt,3006
control,lexical,36,no melt suet cakes for wild birds,0.0,0.2777777777777778,0.7222222222222222,36,0,10,26,melt,1040
control,lexical,36,no mess bird feeder,0.1111111111111111,0.5555555555555556,0.3333333333333333,36,4,20,12,mess,2078
control,lexical,36,no mess bird food,0.1388888888888889,0.4166666666666667,0.4444444444444444,36,5,15,16,mess,1778
control,lexical,36,no mess bird seed,0.1111111111111111,0.25,0.6388888888888888,36,4,9,23,mess,10066
control,lexical,36,no mess water bowl,0.027777777777777776,0.8611111111111112,0.1111111111111111,36,1,31,4,mess,4197
control,lexical,36,no mess wild bird food,0.027777777777777776,0.3611111111111111,0.6111111111111112,36,1,13,22,mess,2594
control,lexical,36,no mess wild bird seed,0.027777777777777776,0.19444444444444445,0.7777777777777778,36,1,7,28,mess,22655
control,lexical,36,no millet bird seed,0.5277777777777778,0.1111111111111111,0.3611111111111111,36,19,4,13,millet,1078
control,lexical,36,no odor bully sticks,0.027777777777777776,0.9166666666666666,0.05555555555555555,36,1,33,2,odor,4474
control,lexical,36,no pee,0.9722222222222222,0.0,0.027777777777777776,36,35,0,1,pee,2549
control,lexical,36,no poo,0.8333333333333334,0.16666666666666666,0.0,36,30,6,0,poo,5242
control,lexical,36,no poo chews,0.3055555555555556,0.6944444444444444,0.0,36,11,25,0,poo,3342
control,lexical,36,no poo chews for dogs,0.3142857142857143,0.6857142857142857,0.0,35,11,24,0,poo,4691
control,lexical,36,no poop,0.8611111111111112,0.1388888888888889,0.0,36,31,5,0,poop,3632
control,lexical,36,no poop chews,0.4166666666666667,0.5833333333333334,0.0,36,15,21,0,poop,31892
control,lexical,36,no poop eating,0.26666666666666666,0.6666666666666666,0.06666666666666667,15,4,10,1,poop eating,16984
control,lexical,36,no poultry dog food,0.9444444444444444,0.05555555555555555,0.0,36,34,2,0,poultry,1345
control,lexical,36,no pull,0.1388888888888889,0.8611111111111112,0.0,36,5,31,0,pull,9044
control,lexical,36,no pull collar,0.6944444444444444,0.2777777777777778,0.027777777777777776,36,25,10,1,pull,20932
control,lexical,36,no pull collar for dogs,0.3333333333333333,0.6388888888888888,0.027777777777777776,36,12,23,1,pull,3540
control,lexical,36,no pull collars,0.5277777777777778,0.4444444444444444,0.027777777777777776,36,19,16,1,pull,1721
control,lexical,36,no pull dog collar,0.3055555555555556,0.6388888888888888,0.05555555555555555,36,11,23,2,pull,5502
control,lexical,36,no pull dog harness,0.2222222222222222,0.7777777777777778,0.0,36,8,28,0,pull,32134
control,lexical,36,no pull dog harnesses,0.16666666666666666,0.8333333333333334,0.0,36,6,30,0,pull,211607
control,lexical,36,no pull dog leash,0.25,0.7222222222222222,0.027777777777777776,36,9,26,1,pull,4200
control,lexical,36,no pull harness,0.3333333333333333,0.6666666666666666,0.0,36,12,24,0,pull,54525
control,lexical,36,no pull harness for dogs,0.1388888888888889,0.8611111111111112,0.0,36,5,31,0,pull,114468
control,lexical,36,no pull harness for large dog,0.08333333333333333,0.9166666666666666,0.0,36,3,33,0,pull,1918
control,lexical,36,no pull harness for large dogs,0.1388888888888889,0.8333333333333334,0.027777777777777776,36,5,30,1,pull,24205
control,lexical,36,no pull harness for medium dog,0.05555555555555555,0.9444444444444444,0.0,36,2,34,0,pull,8720
control,lexical,36,no pull harness for small dog,0.08333333333333333,0.8888888888888888,0.027777777777777776,36,3,32,1,pull,13902
control,lexical,36,no pull harnesses,0.3055555555555556,0.6944444444444444,0.0,36,11,25,0,pull,1272
control,lexical,36,no pull head collar,0.6388888888888888,0.3611111111111111,0.0,36,23,13,0,pull,2574
control,lexical,36,no pull leash,0.4166666666666667,0.5833333333333334,0.0,36,15,21,0,pull,21703
control,lexical,36,no pull training collar,0.16666666666666666,0.8333333333333334,0.0,36,6,30,0,pull,1134
control,lexical,36,no rawhide,0.6111111111111112,0.3888888888888889,0.0,36,22,14,0,rawhide,2332
control,lexical,36,no rawhide bones,0.4722222222222222,0.5277777777777778,0.0,36,17,19,0,rawhide,12951
control,lexical,36,no rawhide chews,0.16666666666666666,0.8333333333333334,0.0,36,6,30,0,rawhide,2715
control,lexical,36,no rawhide dog chews,0.08333333333333333,0.9166666666666666,0.0,36,3,33,0,rawhide,35562
control,lexical,36,no rawhide treats,0.4166666666666667,0.5833333333333334,0.0,36,15,21,0,rawhide,4068
control,lexical,36,no scoot for dogs,0.8611111111111112,0.05555555555555555,0.08333333333333333,36,31,2,3,scoot,25922
control,lexical,36,no scratch,1.0,0.0,0.0,36,36,0,0,scratch,3930
control,lexical,36,no scratch spray,0.7,0.2,0.1,10,7,2,1,scratch,7315
control,lexical,36,no scratch spray for cats,0.375,0.5,0.125,8,3,4,1,scratch,1019
control,lexical,36,no shock bark collar,0.8055555555555556,0.1111111111111111,0.08333333333333333,36,29,4,3,shock,12886
control,lexical,36,no shock collar,0.8888888888888888,0.1111111111111111,0.0,36,32,4,0,shock,1007
control,lexical,36,no shock dog collar,0.9166666666666666,0.08333333333333333,0.0,36,33,3,0,shock,1356
control,lexical,36,no shock training collar,0.8888888888888888,0.08333333333333333,0.027777777777777776,36,32,3,1,shock,7048
control,lexical,36,no slip collar,0.05555555555555555,0.9444444444444444,0.0,36,2,34,0,pull,1199
control,lexical,36,no slip dog collar,0.5,0.5,0.0,36,18,18,0,pull,2153
control,lexical,36,no slip dog socks,0.0,0.9230769230769231,0.07692307692307693,13,0,12,1,pull,3399
control,lexical,36,no slip harness,0.1111111111111111,0.8888888888888888,0.0,36,4,32,0,pull,2053
control,lexical,36,no spill dog bowl,0.3333333333333333,0.6111111111111112,0.05555555555555555,36,12,22,2,spill,4573
control,lexical,36,no spill dog water bowl,0.16666666666666666,0.8055555555555556,0.027777777777777776,36,6,29,1,spill,28061
control,lexical,36,no spill water bowl,0.3333333333333333,0.5833333333333334,0.08333333333333333,36,12,21,3,spill,30994
control,lexical,36,no splash water bowl,0.0,1.0,0.0,36,0,36,0,pull,3317
control,lexical,36,no spray cat,1.0,0.0,0.0,36,36,0,0,spray,2497
control,lexical,36,no squeak dog toy,0.9722222222222222,0.027777777777777776,0.0,36,35,1,0,squeak,990
control,lexical,36,no squeak dog toys,0.9444444444444444,0.05555555555555555,0.0,36,34,2,0,squeak,40129
control,lexical,36,no squirrel bird seed,0.3333333333333333,0.5833333333333334,0.08333333333333333,36,12,21,3,squirrel,5398
control,lexical,36,no stuffing,0.2777777777777778,0.7222222222222222,0.0,36,10,26,0,stuffing,2020
control,lexical,36,no stuffing dog toy,0.027777777777777776,0.9722222222222222,0.0,36,1,35,0,stuffing,8094
control,lexical,36,no stuffing dog toys,0.027777777777777776,0.9722222222222222,0.0,36,1,35,0,stuffing,97772
control,lexical,36,no stuffing toy,0.027777777777777776,0.9722222222222222,0.0,36,1,35,0,stuffing,3277
control,lexical,36,no stuffing toys,0.027777777777777776,0.9722222222222222,0.0,36,1,35,0,stuffing,5673
control,lexical,36,no sugar dog treats,0.08333333333333333,0.0,0.9166666666666666,36,3,0,33,sugar,1361
control,lexical,36,no sugar horse treats,0.3611111111111111,0.5833333333333334,0.05555555555555555,36,13,21,2,sugar,1315
control,lexical,36,no tangle leash,0.2,0.8,0.0,5,1,4,0,pull,1186
control,lexical,36,no tip dog bowl,0.0,1.0,0.0,36,0,36,0,pull,1033
control,lexical,36,no tip water bowl,0.08333333333333333,0.4722222222222222,0.4444444444444444,36,3,17,16,tip,6005
control,lexical,36,no toot,1.0,0.0,0.0,4,4,0,0,toot,1991
control,lexical,36,no track cat litter,0.3888888888888889,0.19444444444444445,0.4166666666666667,36,14,7,15,track,1419
control,lexical,36,no tracking cat litter,0.4444444444444444,0.1111111111111111,0.4444444444444444,36,16,4,16,tracking,13088
control,lexical,36,no tracking litter,0.4166666666666667,0.16666666666666666,0.4166666666666667,36,15,6,15,tracking,1397
control,lexical,36,no waste bird food,0.027777777777777776,0.7777777777777778,0.19444444444444445,36,1,28,7,waste,2152
control,lexical,36,no waste bird seed,0.027777777777777776,0.5277777777777778,0.4444444444444444,36,1,19,16,waste,9270
control,lexical,36,no waste wild bird food,0.08333333333333333,0.7777777777777778,0.1388888888888889,36,3,28,5,waste,2693
control,lexical,36,no waste wild bird seed,0.05555555555555555,0.6666666666666666,0.2777777777777778,36,2,24,10,waste,24563
control,lexical,36,no zip stroller,0.13333333333333333,0.8666666666666667,0.0,15,2,13,0,zip,1518
control,lexical,36,non absorbent cat litter,0.25,0.25,0.5,12,3,3,6,non absorbent,1507
control,lexical,36,non chew dog bed,0.0,1.0,0.0,6,0,6,0,chew,995
control,lexical,36,non chicken dog food,0.6666666666666666,0.08333333333333333,0.25,36,24,3,9,chicken,3858
control,lexical,36,non chicken dog treats,0.25,0.3888888888888889,0.3611111111111111,36,9,14,13,chicken,1718
control,lexical,36,non clay cat litter,0.1111111111111111,0.7777777777777778,0.1111111111111111,36,4,28,4,clay,5979
control,lexical,36,non clay litter,1.0,0.0,0.0,36,36,0,0,clay,2271
control,lexical,36,non clumping,0.05555555555555555,0.9444444444444444,0.0,36,2,34,0,clumping,1334
control,lexical,36,non clumping cat litter,0.9444444444444444,0.05555555555555555,0.0,36,34,2,0,non clumping,121355
control,lexical,36,non clumping kitty litter,0.6944444444444444,0.3055555555555556,0.0,36,25,11,0,non clumping,1510
control,lexical,36,non clumping unscented cat litter,0.8333333333333334,0.05555555555555555,0.1111111111111111,36,30,2,4,"non clumping unscented cat litter

the user is actually looking for cat litter",11479
control,lexical,36,non gmo,0.0,1.0,0.0,36,0,36,0,gmo,1156
control,lexical,36,non gmo cat food,0.0,0.4166666666666667,0.5833333333333334,36,0,15,21,gmo,2288
control,lexical,36,non gmo chicken feed,0.0,1.0,0.0,36,0,36,0,gmo,16510
control,lexical,36,non gmo dog food,0.0,1.0,0.0,36,0,36,0,gmo,11060
control,lexical,36,non gmo dog treats,0.3333333333333333,0.25,0.4166666666666667,36,12,9,15,non gmo,994
control,lexical,36,non gmo wet dog food,0.0,0.7777777777777778,0.2222222222222222,36,0,28,8,gmo,1029
control,lexical,36,non grain dog food,0.4444444444444444,0.3611111111111111,0.19444444444444445,36,16,13,7,grain,1089
control,lexical,36,non kibble dog food,0.9722222222222222,0.0,0.027777777777777776,36,35,0,1,kibble,1761
control,lexical,36,non prescription flea medicine,0.3333333333333333,0.5555555555555556,0.1111111111111111,36,12,20,4,non prescription,1077
control,lexical,36,non prescription flea meds,0.2222222222222222,0.75,0.027777777777777776,36,8,27,1,non prescription,1229
control,lexical,36,non prescription pain meds for dogs,0.0,1.0,0.0,4,0,4,0,prescription,3980
control,lexical,36,non pull harness,0.4722222222222222,0.5277777777777778,0.0,36,17,19,0,pull,5327
control,lexical,36,non raw hide,0.1111111111111111,0.8055555555555556,0.08333333333333333,36,4,29,3,rawhide,1225
control,lexical,36,non rawhide,0.3055555555555556,0.6944444444444444,0.0,36,11,25,0,rawhide,1020
control,lexical,36,non rawhide bones,0.2222222222222222,0.6944444444444444,0.08333333333333333,36,8,25,3,rawhide,18977
control,lexical,36,non rawhide chews,0.08333333333333333,0.9166666666666666,0.0,36,3,33,0,rawhide,10766
control,lexical,36,non rawhide dog chews,0.0,0.9444444444444444,0.05555555555555555,36,0,34,2,rawhide,70094
control,lexical,36,non rawhide dog treats,0.16666666666666666,0.8055555555555556,0.027777777777777776,36,6,29,1,rawhide,2882
control,lexical,36,non scented litter,0.9166666666666666,0.027777777777777776,0.05555555555555555,36,33,1,2,scented,1755
control,lexical,36,non squeaky dog toys,0.0,0.0,1.0,1,0,0,1,squeaky,17562
control,lexical,36,non stuffed dog toys,0.0,1.0,0.0,5,0,5,0,stuffed,6207
control,lexical,36,non tip water bowl,0.027777777777777776,0.8055555555555556,0.16666666666666666,36,1,29,6,tip,6861
control,lexical,36,non toxic cat litter,0.0,1.0,0.0,3,0,3,0,toxic,1267
control,lexical,36,non tracking cat litter,0.05555555555555555,0.5277777777777778,0.4166666666666667,36,2,19,15,tracking,18311
control,lexical,36,non tracking litter,0.2222222222222222,0.6388888888888888,0.1388888888888889,36,8,23,5,tracking,3003
control,lexical,36,non-gmo dog food,0.0,1.0,0.0,36,0,36,0,gmo,3007
control,lexical,36,nulo grain free,0.027777777777777776,0.9722222222222222,0.0,36,1,35,0,grain,4152
control,lexical,36,nutrish dog food grain free,0.25925925925925924,0.37037037037037035,0.37037037037037035,27,7,10,10,grain,1003
control,lexical,36,nutrish grain free dog food,0.37037037037037035,0.3333333333333333,0.2962962962962963,27,10,9,8,grain,4382
control,lexical,36,nutro grain free,0.08333333333333333,0.9166666666666666,0.0,36,3,33,0,grain,2591
control,lexical,36,nutro grain free dog food,0.19444444444444445,0.8055555555555556,0.0,36,7,29,0,grain,4841
control,lexical,36,odor free bully stick,0.1111111111111111,0.8888888888888888,0.0,36,4,32,0,odor,1494
control,lexical,36,odor free bully sticks,0.08333333333333333,0.8611111111111112,0.05555555555555555,36,3,31,2,odor,9025
control,lexical,36,odor free bully sticks for dogs,0.027777777777777776,0.9722222222222222,0.0,36,1,35,0,odor,27702
control,lexical,36,open farm grain free,0.08333333333333333,0.7777777777777778,0.1388888888888889,36,3,28,5,grain,1704
control,lexical,36,open farm grain free dog food,0.05555555555555555,0.8333333333333334,0.1111111111111111,36,2,30,4,grain,2175
control,lexical,36,organic chicken feed soy free,0.0,0.5,0.5,36,0,18,18,soy,1525
control,lexical,36,organic grain free cat treats,0.20689655172413793,0.6896551724137931,0.10344827586206896,29,6,20,3,grain,2085
control,lexical,36,organic non gmo chicken feed,0.7222222222222222,0.2222222222222222,0.05555555555555555,36,26,8,2,non gmo,1154
control,lexical,36,organic soy free chicken feed,0.0,0.5,0.5,36,0,18,18,soy,2338
control,lexical,36,origin grain free dog,0.25,0.7222222222222222,0.027777777777777776,36,9,26,1,grain,5901
control,lexical,36,origin grain free puppy,0.2777777777777778,0.7222222222222222,0.0,36,10,26,0,grain,3607
control,lexical,36,orijen grain free,0.1111111111111111,0.8888888888888888,0.0,36,4,32,0,grain,1665
control,lexical,36,orijen grain free cat,0.027777777777777776,0.8333333333333334,0.1388888888888889,36,1,30,5,grain,1533
control,lexical,36,orijen grain free dog,0.2222222222222222,0.7222222222222222,0.05555555555555555,36,8,26,2,grain,2373
control,lexical,36,orijen grain free dog food,0.3055555555555556,0.5277777777777778,0.16666666666666666,36,11,19,6,grain,2503
control,lexical,36,orijen grain free puppy,0.5,0.5,0.0,36,18,18,0,grain,2493
control,lexical,36,orijen grain free treats,0.25,0.75,0.0,36,9,27,0,grain,1785
control,lexical,36,pate grain free cat food,0.0,1.0,0.0,36,0,36,0,grain,1105
control,lexical,36,pea free dog food,1.0,0.0,0.0,36,36,0,0,pea,5939
control,lexical,36,pet safe easy walk no pull harness,0.6666666666666666,0.3333333333333333,0.0,3,2,1,0,pull,1953
control,lexical,36,pigeon feed no corn,0.6388888888888888,0.3333333333333333,0.027777777777777776,36,23,12,1,corn,3687
control,lexical,36,pigeon food no corn,0.3888888888888889,0.1111111111111111,0.5,36,14,4,18,corn,1756
control,lexical,36,pork chomps rawhide free,0.0,1.0,0.0,36,0,36,0,rawhide,129324
control,lexical,36,pork chomps rawhide free dog bones,0.0,1.0,0.0,36,0,36,0,rawhide,3737
control,lexical,36,poultry free,0.9722222222222222,0.027777777777777776,0.0,36,35,1,0,poultry,2348
control,lexical,36,poultry free cat food,0.8611111111111112,0.0,0.1388888888888889,36,31,0,5,poultry,1975
control,lexical,36,poultry free dog food,0.9166666666666666,0.0,0.08333333333333333,36,33,0,3,poultry,17789
control,lexical,36,poultry free dog treats,0.9166666666666666,0.0,0.08333333333333333,36,33,0,3,poultry,1753
control,lexical,36,poultry free wet dog food,0.8333333333333334,0.0,0.16666666666666666,36,30,0,6,poultry,1701
control,lexical,36,pro plan grain free,0.2777777777777778,0.7222222222222222,0.0,36,10,26,0,grain,1681
control,lexical,36,protein free dog treats,1.0,0.0,0.0,36,36,0,0,protein,5096
control,lexical,36,puppy food chicken free,0.9722222222222222,0.027777777777777776,0.0,36,35,1,0,chicken,1032
control,lexical,36,puppy food grain free,0.05555555555555555,0.9444444444444444,0.0,36,2,34,0,grain,7002
control,lexical,36,puppy food no chicken,1.0,0.0,0.0,36,36,0,0,chicken,2518
control,lexical,36,puppy food with no chicken,1.0,0.0,0.0,36,36,0,0,chicken,1040
control,lexical,36,puppy food without chicken,1.0,0.0,0.0,36,36,0,0,chicken,1606
control,lexical,36,puppy grain free,0.027777777777777776,0.9722222222222222,0.0,36,1,35,0,grain,1298
control,lexical,36,puppy grain free food,0.1388888888888889,0.8611111111111112,0.0,36,5,31,0,grain,1140
control,lexical,36,pure balance grain free,0.19444444444444445,0.8055555555555556,0.0,36,7,29,0,grain,11504
control,lexical,36,purina beneful grain free,0.1111111111111111,0.8888888888888888,0.0,36,4,32,0,grain,1945
control,lexical,36,purina beyond grain free cat food,0.0,1.0,0.0,5,0,5,0,grain,8992
control,lexical,36,purina beyond grain free dog food,0.0,0.7777777777777778,0.2222222222222222,9,0,7,2,grain,3884
control,lexical,36,purina beyond grain free dry cat food,0.0,1.0,0.0,5,0,5,0,grain,2080
control,lexical,36,purina cat food grain free,0.027777777777777776,0.5833333333333334,0.3888888888888889,36,1,21,14,grain,5440
control,lexical,36,purina cat grain free,0.05555555555555555,0.5277777777777778,0.4166666666666667,36,2,19,15,grain,1273
control,lexical,36,purina grain free,0.05555555555555555,0.9444444444444444,0.0,36,2,34,0,grain,8189
control,lexical,36,purina grain free cat food,0.05555555555555555,0.5833333333333334,0.3611111111111111,36,2,21,13,grain,2326
control,lexical,36,purina grain free dog food,0.4166666666666667,0.5833333333333334,0.0,36,15,21,0,grain,3037
control,lexical,36,purina grain free dry cat food,0.027777777777777776,0.5277777777777778,0.4444444444444444,36,1,19,16,grain,19168
control,lexical,36,purina grain free dry dog food,0.5833333333333334,0.16666666666666666,0.25,36,21,6,9,grain,8138
control,lexical,36,purina grain free wet cat food,0.05555555555555555,0.5833333333333334,0.3611111111111111,36,2,21,13,grain,7458
control,lexical,36,purina grain free wet dog food,0.19444444444444445,0.6388888888888888,0.16666666666666666,36,7,23,6,grain,2342
control,lexical,36,purina one grain free,0.08333333333333333,0.9166666666666666,0.0,36,3,33,0,grain,4066
control,lexical,36,purina one grain free cat food,0.027777777777777776,0.9722222222222222,0.0,36,1,35,0,grain,1649
control,lexical,36,purina one grain free dog food,0.3055555555555556,0.6944444444444444,0.0,36,11,25,0,grain,5270
control,lexical,36,purina one grain free dry cat food,0.0,0.9,0.1,10,0,9,1,grain,5886
control,lexical,36,purina one grain free wet cat food,0.027777777777777776,0.9722222222222222,0.0,36,1,35,0,grain,17042
control,lexical,36,purina one wet cat food grain free,0.027777777777777776,0.9722222222222222,0.0,36,1,35,0,grain,1114
control,lexical,36,purina pro plan for cats grain free,0.0,0.5555555555555556,0.4444444444444444,27,0,15,12,grain,1589
control,lexical,36,purina pro plan for dogs grain free,0.5277777777777778,0.2222222222222222,0.25,36,19,8,9,grain,975
control,lexical,36,purina pro plan grain free,0.3611111111111111,0.6388888888888888,0.0,36,13,23,0,grain,7034
control,lexical,36,python no spill,0.6,0.4,0.0,5,3,2,0,spill,5465
control,lexical,36,rachel ray grain free dog food,0.25925925925925924,0.37037037037037035,0.37037037037037035,27,7,10,10,grain,4812
control,lexical,36,raw hide free,0.0,0.9722222222222222,0.027777777777777776,36,0,35,1,rawhide,2193
control,lexical,36,raw hide free bones,0.19444444444444445,0.75,0.05555555555555555,36,7,27,2,rawhide,3187
control,lexical,36,raw hide free dog bones,0.16666666666666666,0.6944444444444444,0.1388888888888889,36,6,25,5,rawhide,1011
control,lexical,36,raw hide free dog chews,0.027777777777777776,0.8055555555555556,0.16666666666666666,36,1,29,6,rawhide,25587
control,lexical,36,raw hide free large dog chews,0.027777777777777776,0.8055555555555556,0.16666666666666666,36,1,29,6,rawhide,1264
control,lexical,36,rawhide free,0.3055555555555556,0.6944444444444444,0.0,36,11,25,0,rawhide,17055
control,lexical,36,rawhide free bones,0.027777777777777776,0.9722222222222222,0.0,36,1,35,0,rawhide,6443
control,lexical,36,rawhide free chew,0.16666666666666666,0.8333333333333334,0.0,36,6,30,0,rawhide,1282
control,lexical,36,rawhide free chews,0.08333333333333333,0.9166666666666666,0.0,36,3,33,0,rawhide,58043
control,lexical,36,rawhide free dog bones,0.19444444444444445,0.6666666666666666,0.1388888888888889,36,7,24,5,rawhide,135517
control,lexical,36,rawhide free dog bones & chews,0.05555555555555555,0.7777777777777778,0.16666666666666666,36,2,28,6,rawhide,1390
control,lexical,36,rawhide free dog bones & chews for large dogs,0.13793103448275862,0.7241379310344828,0.13793103448275862,29,4,21,4,rawhide,4358
control,lexical,36,rawhide free dog bones long lasting,0.1388888888888889,0.75,0.1111111111111111,36,5,27,4,rawhide,14868
control,lexical,36,rawhide free dog chews,0.0,0.8055555555555556,0.19444444444444445,36,0,29,7,rawhide,6526
control,lexical,36,rawhide free dog chews long lasting,0.05555555555555555,0.7777777777777778,0.16666666666666666,36,2,28,6,rawhide,4471
control,lexical,36,rawhide free dog treats,0.08333333333333333,0.7777777777777778,0.1388888888888889,36,3,28,5,rawhide,29794
control,lexical,36,rawhide free sticks,0.08333333333333333,0.9166666666666666,0.0,36,3,33,0,rawhide,2264
control,lexical,36,rawhide free treats,0.19444444444444445,0.8055555555555556,0.0,36,7,29,0,rawhide,1840
control,lexical,36,rice free dog food,0.8055555555555556,0.08333333333333333,0.1111111111111111,36,29,3,4,rice,1195
control,lexical,36,royal canin grain free,0.08333333333333333,0.7222222222222222,0.19444444444444445,36,3,26,7,grain,2432
control,lexical,36,salmon dog food grain free,0.0,1.0,0.0,36,0,36,0,grain,975
control,lexical,36,salmon grain free dog food,0.05555555555555555,0.9444444444444444,0.0,36,2,34,0,grain,8103
control,lexical,36,salt free dog food,0.0,0.0,1.0,36,0,0,36,salt,1015
control,lexical,36,scent free cat litter,0.8333333333333334,0.0,0.16666666666666666,36,30,0,6,scent,2695
control,lexical,36,scent free litter,1.0,0.0,0.0,36,36,0,0,scent,3172
control,lexical,36,science diet grain free,0.0,1.0,0.0,36,0,36,0,grain,4491
control,lexical,36,senior cat food grain free,0.08333333333333333,0.8055555555555556,0.1111111111111111,36,3,29,4,grain,1110
control,lexical,36,senior dog food grain free,0.16666666666666666,0.7777777777777778,0.05555555555555555,36,6,28,2,grain,1394
control,lexical,36,senior grain free dog food,0.16666666666666666,0.8055555555555556,0.027777777777777776,36,6,29,1,grain,4724
control,lexical,36,sheba grain free,0.0,0.9722222222222222,0.027777777777777776,36,0,35,1,grain,1917
control,lexical,36,shell free bird seed,0.1111111111111111,0.25,0.6388888888888888,36,4,9,23,shell,1278
control,lexical,36,small black stroller no zip,0.16666666666666666,0.3611111111111111,0.4722222222222222,36,6,13,17,zip,1046
control,lexical,36,small breed grain free,0.05555555555555555,0.9444444444444444,0.0,36,2,34,0,grain,1509
control,lexical,36,small breed grain free dog food,0.05555555555555555,0.9444444444444444,0.0,36,2,34,0,grain,2340
control,lexical,36,small breed grain free dry dog food,0.027777777777777776,0.9722222222222222,0.0,36,1,35,0,grain,2354
control,lexical,36,small dog no pull harness,0.05555555555555555,0.9444444444444444,0.0,36,2,34,0,pull,1740
control,lexical,36,small no pull harness,0.6388888888888888,0.3611111111111111,0.0,36,23,13,0,pull,1148
control,lexical,36,soft grain free dog treats,0.08333333333333333,0.9166666666666666,0.0,36,3,33,0,grain,2135
control,lexical,36,soy and corn free chicken feed,0.05555555555555555,0.4722222222222222,0.4722222222222222,36,2,17,17,soy and corn,1287
control,lexical,36,soy free chicken feed,0.027777777777777776,0.6111111111111112,0.3611111111111111,36,1,22,13,soy,11839
control,lexical,36,soy free horse feed,0.1388888888888889,0.3611111111111111,0.5,36,5,13,18,soy,5431
control,lexical,36,soy free layer feed,0.08333333333333333,0.4166666666666667,0.5,36,3,15,18,soy,1175
control,lexical,36,sporn mesh no pull dog harness,0.0,1.0,0.0,1,0,1,0,pull,7687
control,lexical,36,stella and chewy grain free,0.1111111111111111,0.8888888888888888,0.0,36,4,32,0,grain,1117
control,lexical,36,stink free,0.2727272727272727,0.7272727272727273,0.0,11,3,8,0,stink,3161
control,lexical,36,stuffing free,0.08333333333333333,0.9166666666666666,0.0,36,3,33,0,stuffing,6904
control,lexical,36,stuffing free dog toy,0.0,1.0,0.0,36,0,36,0,stuffing,4687
control,lexical,36,stuffing free dog toys,0.0,1.0,0.0,36,0,36,0,stuffing,142348
control,lexical,36,stuffing free dog toys large,0.08333333333333333,0.6666666666666666,0.25,36,3,24,9,stuffing,21225
control,lexical,36,stuffing free dog toys small,0.1111111111111111,0.6111111111111112,0.2777777777777778,36,4,22,10,stuffing,6376
control,lexical,36,stuffing free toy,0.0,1.0,0.0,36,0,36,0,stuffing,2294
control,lexical,36,stuffing free toys,0.0,0.9722222222222222,0.027777777777777776,36,0,35,1,stuffing,1123
control,lexical,36,stuffing-free,0.0,1.0,0.0,36,0,36,0,stuffing,1079
control,lexical,36,suet cakes for wild birds no melt,0.027777777777777776,0.25,0.7222222222222222,36,1,9,26,melt,7772
control,lexical,36,sugar free,0.1388888888888889,0.2222222222222222,0.6388888888888888,36,5,8,23,sugar,1515
control,lexical,36,sugar free dog treats,0.027777777777777776,0.0,0.9722222222222222,36,1,0,35,sugar,9955
control,lexical,36,sugar free horse treats,0.25,0.3333333333333333,0.4166666666666667,36,9,12,15,sugar,8411
control,lexical,36,taste of the wild dog food grain free,0.19047619047619047,0.8095238095238095,0.0,21,4,17,0,grain,1243
control,lexical,36,taste of the wild grain free,0.25,0.75,0.0,36,9,27,0,grain,2805
control,lexical,36,taste of the wild grain free dog food,0.3333333333333333,0.6666666666666666,0.0,21,7,14,0,grain,8357
control,lexical,36,taste of the wild high prairie grain-free dry dog food,0.0,1.0,0.0,2,0,2,0,grain,1435
control,lexical,36,tear free dog shampoo,0.4444444444444444,0.3888888888888889,0.16666666666666666,36,16,14,6,tear,7647
control,lexical,36,the honest kitchen for dogs grain free,0.19444444444444445,0.6944444444444444,0.1111111111111111,36,7,25,4,grain,1325
control,lexical,36,the honest kitchen grain free,0.5,0.5,0.0,36,18,18,0,grain,2403
control,lexical,36,tidy cats free,0.08695652173913043,0.9130434782608695,0.0,23,2,21,0,free,1197
control,lexical,36,tidy cats free & clean unscented,1.0,0.0,0.0,2,2,0,0,unscented,999
control,lexical,36,tidy cats free and clean unscented,1.0,0.0,0.0,2,2,0,0,unscented,7587
control,lexical,36,tidy cats non clumping litter for cats,0.5,0.375,0.125,8,4,3,1,non clumping,2835
control,lexical,36,tiny tiger grain free,0.0,1.0,0.0,36,0,36,0,grain,1318
control,lexical,36,toy no stuffing,0.027777777777777776,0.9722222222222222,0.0,36,1,35,0,stuffing,1060
control,lexical,36,toys no stuffing,0.027777777777777776,0.9722222222222222,0.0,36,1,35,0,stuffing,1635
control,lexical,36,toys with no stuffing,0.027777777777777776,0.9722222222222222,0.0,36,1,35,0,stuffing,4057
control,lexical,36,treats for dogs with no teeth,1.0,0.0,0.0,36,36,0,0,teeth,1406
control,lexical,36,tuffy no stuff,0.6,0.3333333333333333,0.06666666666666667,15,9,5,1,stuff,1489
control,lexical,36,turkey grain free,0.16666666666666666,0.8333333333333334,0.0,36,6,30,0,grain,1309
control,lexical,36,ultra grain free,0.1111111111111111,0.8888888888888888,0.0,36,4,32,0,grain,978
control,lexical,36,unscented dust free cat litter,0.19444444444444445,0.25,0.5555555555555556,36,7,9,20,"dust, scent",1132
control,lexical,36,unscented dust free clumping cat litter,0.6944444444444444,0.19444444444444445,0.1111111111111111,36,25,7,4,unscented,972
control,lexical,36,unscented dust free litter,0.25,0.6111111111111112,0.1388888888888889,36,9,22,5,"unscented
dust",1250
control,lexical,36,unscented non clumping cat litter,0.7222222222222222,0.19444444444444445,0.08333333333333333,36,26,7,3,non clumping,7305
control,lexical,36,vetivex veterinary dehp free lactated ringers electrolyte injection solution 1000-ml,1.0,0.0,0.0,1,1,0,0,dehp,5570
control,lexical,36,victor grain free,0.5,0.5,0.0,36,18,18,0,grain,2601
control,lexical,36,victor grain free dog food,0.6666666666666666,0.3333333333333333,0.0,27,18,9,0,grain,5635
control,lexical,36,victor hi-pro plus 30/20 active sporting high protein gluten-free dry dog food,0.0,1.0,0.0,1,0,1,0,gluten,1151
control,lexical,36,wag grain free dog food,0.17647058823529413,0.8235294117647058,0.0,17,3,14,0,grain,3193
control,lexical,36,waste free bird seed,0.05555555555555555,0.6666666666666666,0.2777777777777778,36,2,24,10,waste,4797
control,lexical,36,waste free wild bird seed,0.25,0.5555555555555556,0.19444444444444445,36,9,20,7,waste,12115
control,lexical,36,water bowl no spill,0.3611111111111111,0.5,0.1388888888888889,36,13,18,5,spill,2058
control,lexical,36,weight management dog food no chicken,0.9444444444444444,0.0,0.05555555555555555,36,34,0,2,chicken,1021
control,lexical,36,wellness core grain free,0.0,1.0,0.0,36,0,36,0,grain,1527
control,lexical,36,wellness core grain free cat food,0.0,1.0,0.0,36,0,36,0,grain,2510
control,lexical,36,wellness core grain free dog food,0.1111111111111111,0.8888888888888888,0.0,36,4,32,0,grain,8637
control,lexical,36,wellness dry dog food grain free,0.1111111111111111,0.8888888888888888,0.0,36,4,32,0,grain,2057
control,lexical,36,wellness grain free,0.0,1.0,0.0,36,0,36,0,grain,1617
control,lexical,36,wellness grain free cat food,0.027777777777777776,0.9722222222222222,0.0,36,1,35,0,grain,2248
control,lexical,36,wellness grain free dog food,0.027777777777777776,0.9722222222222222,0.0,36,1,35,0,grain,4682
control,lexical,36,wet cat food grain free,0.0,1.0,0.0,36,0,36,0,grain,16508
control,lexical,36,wet dog food grain free,0.05555555555555555,0.9444444444444444,0.0,36,2,34,0,grain,6455
control,lexical,36,wet dog food no chicken,1.0,0.0,0.0,36,36,0,0,chicken,1981
control,lexical,36,wet dog food without chicken,0.0,0.8333333333333334,0.16666666666666666,12,0,10,2,chicken,1194
control,lexical,36,wet grain free cat food,0.0,1.0,0.0,36,0,36,0,grain,4900
control,lexical,36,wet grain free dog food,0.08333333333333333,0.9166666666666666,0.0,36,3,33,0,grain,4103
control,lexical,36,wet kitten food grain free,0.027777777777777776,0.9722222222222222,0.0,36,1,35,0,grain,2250
control,lexical,36,wheat free cat food,0.0,0.9166666666666666,0.08333333333333333,36,0,33,3,wheat,5111
control,lexical,36,wheat free dog food,0.05555555555555555,0.75,0.19444444444444445,36,2,27,7,wheat,6961
control,lexical,36,wheat free dog treats,0.0,0.75,0.25,36,0,27,9,wheat,9289
control,lexical,36,wheat free puppy food,0.027777777777777776,0.9166666666666666,0.05555555555555555,36,1,33,2,wheat,4122
control,lexical,36,whole earth farms grain-free,0.64,0.28,0.08,25,16,7,2,grain,5914
control,lexical,36,whole hearted grain free,0.1388888888888889,0.8611111111111112,0.0,36,5,31,0,grain,1214
control,lexical,36,wholesome grain free,0.6666666666666666,0.3333333333333333,0.0,36,24,12,0,grain,2131
control,lexical,36,wholesomes grain free dog food,0.8055555555555556,0.19444444444444445,0.0,36,29,7,0,grain,2158
control,lexical,36,wild bird seed no waste,0.0,0.5,0.5,36,0,18,18,waste,14889
control,lexical,36,yeast free dog food,0.027777777777777776,0.0,0.9722222222222222,36,1,0,35,yeast,6961
